11.920918, 8.974377, 8.132350,14.688550, 9.837443,10.167385, 5.359711,15.725812,12.512230, 7.550551
10.159810,11.554730,10.132134, 5.424546, 7.217026, 6.889707,13.470656,11.318353, 5.394630, 9.422493
 8.370642, 7.106085,14.851898, 6.265084, 7.759876, 9.127181,10.544986,11.567968, 7.441596,18.453531
13.563104,11.429541, 8.723643,15.418387, 9.012013,18.342306,11.430930,14.404701, 7.047412, 6.476251
11.478707, 9.442180,16.999632,10.393192, 8.607538,12.302838,17.014743, 7.888157,15.180216, 7.712245
 7.554079,14.120181, 8.000892, 4.487753, 5.323948, 9.163088, 9.570028,10.052953,15.647690, 9.374431
10.091213,15.545689, 6.630459, 5.091560, 7.537652,11.200834,11.631928, 7.612702,12.042108,10.618714
 7.024726, 9.997338, 8.683167, 8.186871, 7.269829, 7.937459,10.732793, 7.039546,10.773886, 8.702464
10.705484, 6.085313, 7.351196, 8.197391, 7.719703, 8.992059, 9.204814,14.229892, 8.307050, 9.085113
10.270688, 9.769459,12.336261,10.723421, 8.001226,11.554076, 9.240559, 5.948942, 8.679994,10.694586
 8.613295, 5.424267, 6.156185, 4.917290, 6.806640,10.335417, 6.339142, 8.874124, 8.620564, 9.802370
 9.382256, 4.928729, 8.331877, 6.393710,10.306068,17.368913, 4.251191, 9.741181,10.399676, 4.132189
 8.922607, 8.217971,19.887005, 9.804578, 8.651925,10.374373, 9.330029, 7.718037, 8.141112, 4.736384
 6.508663, 8.004385, 7.311481, 5.992949, 7.999071, 8.900169,10.340858, 9.228175,12.439504, 9.703723
 6.992088, 7.315627, 7.388510,12.256273,10.732945, 7.343532, 9.547320,10.835979,11.832831, 8.962542
 7.614469,13.180939, 8.911818,12.451300, 5.258008,11.926815,15.415146, 9.730721, 8.438548,14.792516
10.276694,11.045158,16.817617, 9.421024, 6.560773, 9.700192, 7.204415,12.729135, 8.876583, 9.618686
 5.381799, 8.183387, 8.433009,12.943420, 8.968672, 8.202643,10.745232, 9.117362,10.893817, 3.794917
 5.711132,11.752849,10.747842, 8.872703,13.646207, 8.123766, 7.187961,14.087278,13.854914,11.468284
11.504820,11.795430, 6.135585, 7.692410,13.595654,11.055232, 6.000751, 8.956690, 9.622665, 9.150890
12.975856,15.550545, 7.659327, 8.112268, 9.352481,10.726316, 5.853853, 7.130927, 9.442182, 8.408851
 4.819822, 5.944989,16.498175,10.333004, 6.494825,11.306966, 8.531578, 9.950136, 4.771724,10.471318
10.339416,18.291337, 9.061837, 6.616285,12.149084,12.841518,11.801084,17.293662, 7.479860, 7.866686
 6.577196, 4.345415, 8.230634,11.745233,10.676879,11.786500, 6.710020, 8.748005,12.907070,12.006926
 4.696464, 8.924113, 8.100660, 5.196466, 5.458139, 5.409832,10.444650,13.675993, 5.593780, 5.208152
 5.964614, 8.337296,12.122311, 5.930950, 9.333645, 7.444085,10.918779,10.161764, 8.856723,12.288611
 7.631314, 9.067229,14.794104, 6.683177,14.707680,11.611590,14.170706,10.140260, 6.096657, 9.161139
 7.111068, 8.246196, 9.760051,12.152047, 7.845553, 5.529335,15.243033, 8.746136, 8.638266, 8.069022
 7.754769, 4.622279, 8.686805,11.346459, 6.961087,10.411257,10.587579, 4.923856,10.637660, 6.913586
 9.977111, 5.992101,13.311936, 5.582683,12.894112,10.949166,10.472653,12.769141, 8.441717, 6.930171
 9.015339, 8.280419,10.937745,11.564070,11.459340, 6.257520,17.021214,12.915836,11.143605,11.401600
 9.048755,16.784733, 7.557112,12.560371, 4.813444, 6.921731,12.712268, 9.724666,10.387755, 8.993614
 8.659559, 8.854126,11.152064,10.145242, 5.995366,12.780968, 9.675818,10.474810,10.247013, 5.908287
 9.645574,10.662450, 7.894476, 6.188420, 7.706581,11.192794, 6.786269, 6.965623,17.107903, 8.322556
 5.676971, 6.060774, 5.944487,11.488565, 6.687182, 5.662269,11.055297,11.102723,11.628821,10.261313
 7.844264, 7.259995,11.387953,10.267810, 9.362875, 6.461959, 9.121205, 8.554995,11.453857,14.018811
 9.952144,14.921890, 8.416536,10.144418, 7.107602, 9.488260, 7.918988, 9.992991, 5.211528,12.377434
 8.515094,11.674592,11.208441, 7.454226,12.573313,13.699823,12.145695, 8.578479,19.347835, 7.757019
 6.839736, 6.515727,16.162239, 5.851170,11.211118,15.503884, 6.607959, 9.238512, 9.675427,11.399684
14.844967,10.470294, 9.676215,11.237364, 8.592352, 8.498426, 8.439143, 8.108306, 7.148261, 9.745397
12.817579,15.332161,14.038555,12.966265, 9.669862, 6.463206,16.022622, 9.927822,13.865115, 5.081498
 6.799200, 8.955399, 4.845813,11.887404,11.839450,10.795125, 7.056894, 5.228922, 5.616807, 7.675321
 7.680650,10.987838, 6.192291,11.478162, 9.640430, 7.429353, 9.493753,10.226911,13.941995, 9.935555
13.185554, 6.156677,11.857318, 8.072278, 5.304391, 9.143601, 8.372051, 5.815590,10.956291,10.164931
 9.120033,13.146618, 8.523482,14.159426, 8.448646, 9.251590,12.704658,12.861589,10.970625,16.265730
 8.488716,11.621892, 7.963225, 8.122986,13.519510,12.198709, 8.551955, 7.518352, 7.720369, 9.786841
 9.183085, 8.920506, 9.967109, 9.122270, 5.058817,13.282094,12.065725, 9.228040,11.009888,11.120200
17.050005,12.489194, 6.578460, 6.166419,10.391396, 9.210843,10.414006,12.643842, 6.062202, 6.359944
10.232683, 8.063872,12.408598, 9.684108,13.578505,14.420128, 4.123143,13.860947, 9.734896, 5.220387
13.529832, 7.970309, 7.077849,14.448339, 5.110837,11.461982,14.329454, 8.924209, 9.879690,12.209935
 8.192547, 6.795662, 9.490700, 7.583853,10.147184, 9.429806, 9.374717, 8.013566, 7.558018, 4.911179
 9.884612, 8.751252, 7.481466, 3.051880, 8.708102,11.227081, 4.197645,16.438489, 7.686702, 8.237674
 6.909692, 8.399130,10.613876, 7.755070, 8.418667, 9.045001,11.603103,17.694563,12.846533,10.342899
11.247427,11.868701, 8.394930,11.373313,14.121968, 7.379690, 4.728243,11.776458, 7.991919, 9.026451
13.240639, 4.434291, 5.859179, 6.025355, 4.613375,10.072719, 9.775881, 7.946239, 4.429691, 9.600066
 9.169598, 7.737634, 6.184826, 7.724542, 6.890661, 6.292745,12.505103,12.772446,10.543868,11.354079
10.230141,12.255961, 9.765157,10.290958,13.005503, 8.050564, 8.703459,10.505051,10.879294,13.484514
 8.524872, 6.862482,11.146958, 6.154068,10.644628, 8.396312, 9.658040, 8.337454, 9.847858, 9.678348
 9.859161, 8.800388, 6.877164, 9.569395,12.357991, 9.371909,18.304069,13.726035, 8.453246,14.715793
11.332761, 3.710499, 7.423609,10.213174, 6.044575,14.102988,11.540786,12.137041,15.772845, 6.398314
12.083860,11.462980,10.139638,10.228323, 8.011258,10.448837, 7.706163, 9.467331, 5.892640,15.862156
 8.909863, 7.929357, 7.848902,12.853296, 6.916028,12.124916, 2.929508, 4.688221, 9.653378, 9.192285
18.624335, 6.959101, 8.162182, 8.268824, 9.971225, 8.467419,10.776015,12.020271, 8.852867, 7.326686
14.550104,12.541768, 7.749008, 8.067795, 5.084090,10.728704, 6.390698, 9.136644, 9.253226, 9.357730
17.321276,11.777812,11.766752,15.467145, 8.487412,15.736628, 7.057190,10.642011, 4.748757,11.538122
 9.377737, 8.865263,11.276351, 7.857824, 9.981358, 8.931274,10.861184, 5.339686,11.194431, 8.380788
 9.092095, 9.490725,12.272224, 6.626601, 9.004629, 9.750662, 7.668346, 7.478065,13.449264, 9.696514
14.092595, 8.434220,11.581569, 9.317641,14.197431,14.911781, 8.828578, 7.740731, 6.737306,12.765497
 5.858377, 8.150665,11.198009, 9.883524,13.815229,10.003901, 5.506450,16.632667, 4.673524, 4.811585
17.242180,12.710067, 8.638130, 7.140451, 8.344728, 7.027656, 9.055375,10.725225, 4.111339,13.853451
 4.866670,14.814984, 8.851328, 7.278668, 7.359743,16.864414,15.246891, 8.348620, 5.913131,12.684384
 9.136700, 8.273660, 7.024213, 9.759873,11.326297,10.736597,10.483477,11.308553, 6.512430,10.813550
 8.643168, 7.348226, 6.029683, 9.309688,12.862529, 7.578671, 7.355458, 5.782463,14.405800, 9.274783
10.685365,14.654842, 9.348995, 9.976168, 7.528476, 9.700002, 8.675850,12.975207, 5.145215,12.693205
12.330619,10.051018,10.637377, 9.695914,10.849406, 8.869251, 8.053107,14.315132, 3.604952,10.556610
12.336966, 9.229508,11.123832,11.475744, 8.247376, 7.951185,10.522031,13.243587, 6.337655,12.255512
 8.199033,10.293259, 7.668795,12.035612, 9.513408, 7.530563, 9.733433,17.189135, 6.367205,13.423954
12.452956, 8.776266,11.537703, 8.731962, 8.792072,14.149012,10.710075,11.453401, 9.632740,12.287583
 4.804403,12.927130,10.481788, 6.176043, 7.870987,10.430646, 9.411187,18.337281,19.924500,11.211619
 5.845573, 4.801051,12.813405,10.652627, 7.715698, 6.442874,14.661092, 4.119407, 8.914804, 5.870729
10.996364,10.407417, 8.460395, 8.327743,11.968464, 8.405823,11.658341, 9.834316, 8.559041, 7.573016
 9.367301, 8.666579, 8.164868, 9.392809,10.063067,14.250769,17.479257, 4.361755,10.472002, 8.840703
17.672556, 7.536501,11.524540,10.661501,15.561970,11.569483, 9.249407, 6.839909,10.651047,13.146627
12.917875, 8.055246,11.560381,10.774831, 8.618459, 9.201641, 7.524739,11.729141,11.934331, 9.830175
10.031625, 7.732434,10.964453,10.381356,11.869507,10.250715, 8.801941,10.437480, 5.129198, 9.915599
 7.020335, 4.920047, 8.059291,10.232181, 8.479785, 9.780636,11.248265, 4.080665, 8.434996, 6.466333
13.104984, 7.314264, 8.442068,14.317768, 5.282844, 8.897911, 6.818866,17.047389, 8.391894, 8.699486
10.042006,13.286212,14.307788, 5.962842,11.284859, 7.333034,10.774439,12.678405, 8.501242,16.315514
14.211775, 8.459607,12.551674,14.566932, 8.816739, 7.388289, 6.574441, 7.672183,12.549836,14.198329
 9.785497, 8.469722,13.686733,10.062298,19.270626, 8.453403, 6.759758, 5.809743, 8.487221, 7.444757
 7.568546,10.000794, 7.298983,10.319719,11.802401,10.692430,12.039118,17.941194, 8.514469, 4.672640
19.586572,10.614244,10.068704, 6.073600,11.337380,11.620862,10.307182, 8.345979, 7.132406, 7.111438
 5.397387, 6.144344,13.747749, 8.972784,10.974675, 7.148137, 8.668865, 9.516244,12.196891, 9.413673
10.827949,16.428113, 9.741337,11.342086, 6.812109,12.570188, 6.728063,17.230197, 8.350133, 9.008363
 8.789028, 6.044370, 7.526713, 8.869779, 9.697466,10.897190,12.354337, 5.128507, 9.181473, 6.494404
 8.100961, 8.845830,11.686471,10.266809,16.648665, 8.309793,18.914709,10.792259, 9.072307,14.794944
11.524502,10.584965, 7.428763,15.253054, 9.127025, 7.663449,10.045219, 9.233959, 8.183815,14.416729
 8.773196,12.189910, 7.154131,11.266456, 6.984425,15.398965, 8.550737, 8.989217,10.084918,11.546524
 2.389960, 5.126692, 9.058404, 7.321089, 8.664516, 5.886386,12.407888, 9.915823, 8.502787, 5.336928
 7.252306, 8.438932,10.103537,11.998180,15.530329,12.680381, 9.987372, 9.178045,14.591047, 9.203873
 6.237457,17.788189, 9.977496, 3.430957,12.109957, 9.354623, 9.807916,11.204290, 8.960880, 6.796639
10.050830,13.405901,13.762793, 6.881437, 8.941949, 7.887694,12.952634,10.975766,11.581925,13.173301
14.057220, 9.821415,11.898666, 8.992454,14.430123,14.623711, 6.524354,11.373672,11.544295, 5.391349
18.152990, 9.988630, 7.528136, 5.424629,10.579441, 8.041623,10.026366, 7.746473, 8.595216,12.873787
 7.551040,11.608630,10.953958,11.196890, 8.957542, 7.172012,11.568877, 8.179765, 7.445811, 3.747412
11.403401,17.304927, 5.964060,11.928058, 9.947354,10.944016,10.436663, 7.387341, 6.025394,15.672454
11.233352, 7.295504, 8.693028, 7.246373, 5.064453,12.750804,11.931947,10.813202,11.813742, 7.100473
11.609314,13.567339, 8.756133,11.543178,10.547790,14.551769, 8.799406, 7.264864,18.193001,10.035656
 8.738884, 7.791280,13.148485,11.856042, 8.973948, 4.733945,12.697186, 9.329058,11.287988, 6.397158
 7.012295, 5.989587, 9.094189, 5.651778, 8.900467, 8.319502, 9.223432,17.051978, 8.714302,12.392005
 8.121544,13.088683,13.439137, 8.266176,12.839779,10.513945, 6.741118,11.226343,10.947233,13.443328
 7.487297,10.690214,12.553247, 6.532922, 9.954575,13.342402, 6.908343,11.391199, 9.066817, 7.847991
12.134089, 8.828955, 9.498595, 8.403094, 4.542252, 8.852987,16.804053,12.335000, 6.937372, 6.842570
 9.342834, 6.302864, 6.967819, 8.628884,14.612168,11.959532,13.904348, 8.289014,10.361570,10.085054
 6.827762, 7.680029,12.271739, 7.711957, 6.685594,10.137740, 7.601029, 5.252785,12.497577, 7.472018
 9.579067,11.460461, 8.838544, 8.932472, 8.914303, 8.555981,17.104430,10.874667, 9.203406,17.059212
16.482616, 8.105760,11.036764, 7.251621, 9.467003, 7.714539,15.766148,16.639500,10.237218, 7.976197
 7.826427, 9.943138, 9.508784, 6.862538,14.473942, 5.534759,13.145844,11.576117,18.347869,10.890940
 9.351488,17.726203,10.039658,14.045075,12.588907, 9.810465, 9.455042,10.493619, 7.165278, 7.491694
 6.555682,14.586589, 9.257789, 5.886902,18.822765,13.376308, 5.361310,13.357157,10.399489, 9.420717
 9.314231, 8.740521, 9.397962,13.966108, 6.657379,15.643188,14.361534,13.781579, 6.585697, 4.251371
 5.043812,13.517778, 9.969550, 9.088828, 8.570587,11.370830,13.623588,11.482366,12.114071, 7.354946
 8.824571, 8.582273,12.658606, 5.256680,12.420766,11.042944, 7.230304, 8.572637,14.085179, 5.481776
 8.482392,10.781864, 9.198754, 6.470716,13.470245, 5.904572, 9.428815, 5.222891,10.190482, 8.825234
 6.829408, 5.402246, 5.469345, 8.295489, 8.891555, 8.411816,10.329126, 9.734817, 8.953928,10.003860
 6.026082,11.413066,12.315420,11.885805, 7.211168, 6.042748, 6.888420, 9.572837,10.368859,15.554536
14.655931,11.368766, 8.540638, 9.890687, 5.543801, 7.873214,14.221650,15.345604, 5.354328, 8.807633
11.932520,13.524348,13.668845, 6.146940,11.026093, 8.399192, 8.134394,11.912282, 9.318187,12.450582
10.480899,10.368514,13.814107,14.756251,13.250916, 5.019537,14.538418, 7.722921, 5.221242,10.313191
 9.561931, 5.136512,10.929728,12.195589,10.677134, 5.362141, 9.222468, 8.070173, 7.309576, 7.468279
 7.044442, 8.815240, 7.121458,10.276181,10.617044, 8.446961,11.698996, 4.677217,11.901970,13.427876
 7.253110, 9.044365, 5.257633, 5.956176, 7.431324,10.173482,12.761475, 7.408544,10.808681,10.228804
 9.528055, 8.880357,14.459330,10.592795,14.553564,12.901698,11.469909,19.923276,10.520050, 8.920337
10.803732,11.987449,11.650852,13.850893,12.304171,10.583646,10.128361, 8.725213, 7.261376, 9.081424
 9.901674, 6.430282,12.007771, 9.584433, 6.821280,10.622885, 9.516124,10.019513,11.386457,10.374202
 8.426364, 6.729329,10.913238, 8.818736, 6.749882,16.492160,12.194224,12.520652, 6.703447,10.126770
10.551735,12.540687,10.026689, 7.086389, 7.833798, 6.174084,12.782974, 9.364165, 8.810932, 4.516427
11.506387, 6.473868, 7.160013,10.030665,10.932563,10.020951, 8.237858,11.879888, 7.799415,14.024821
 9.581973, 8.176778,15.323987,12.113475, 9.939799, 8.432085, 5.266005,14.567913,10.326381,15.593738
 9.263071, 8.705871, 8.106198,12.677676,10.547531, 9.472001, 7.279798, 6.370847,11.241348, 5.613966
 6.629345, 7.182139, 7.890472, 8.445361, 6.316644,16.006201,10.131920,10.146318,11.048031,11.863755
 7.782586,11.522578,10.671616, 9.960906,12.974750,11.586094,10.245175,12.269048, 9.503248,11.198368
14.796935, 6.010284,12.164096,13.792057,18.063288,13.886488,12.056314,12.198544,13.408174, 6.647853
17.486450,10.147266,12.980324,16.705921, 5.906265, 4.973770, 5.759476,13.056360,10.413656,10.353018
14.134245, 7.318770, 6.953285, 7.431143, 9.242031,13.126997,10.408753, 8.813742, 8.123974, 3.951097
10.092647, 7.769497, 7.499330, 8.068403, 5.187160, 9.492103,13.490060, 3.094866,14.251645, 6.389212
 6.095500,11.680121, 5.724355,11.611016,19.049459,12.618781, 8.005072,10.907401,11.344098, 9.998766
 8.156131, 8.564454, 8.629076,11.606000, 7.418100, 7.071389, 9.386927,12.872611, 7.381415, 4.315963
14.556666,10.599857,13.225326, 9.610146, 9.032774, 5.596678, 6.664244,12.981285,10.669580, 6.308253
 8.956617,13.875277,12.413161, 7.514129, 3.955418,10.785103,11.772063, 7.250283, 7.442270,17.575382
11.846133, 7.290435,13.631356, 5.858290, 6.486356,12.805345, 9.846807, 9.708734,18.257292, 9.025563
10.473968, 9.268248, 4.934588,11.685714,13.814712,12.694992,11.472021,11.069469,17.956381, 7.002736
 7.462238, 5.718346,13.100306,10.944680,10.786791,11.885709,15.282185, 7.773680, 9.453938,10.931079
10.028008,14.113597, 5.043782, 9.477429, 9.476281,11.838751, 9.542096, 7.809898,12.421771,13.038772
 7.366999,11.864246, 9.663319, 8.497290, 9.943145,13.147240,11.414859,10.551454,11.800953,10.743496
17.355316, 6.930807, 9.173960,19.862177, 7.828298,10.469536, 7.441463,11.656153, 8.752857,12.339095
12.198010, 7.774730, 9.753267, 5.182827,10.936528,17.001042, 6.703892, 8.896845,16.712862,14.006247
 7.257845, 7.167015,15.628680,12.141722,11.576702, 4.491060,10.224829,10.962167, 9.993149,17.250947
 8.892057,14.643339, 6.111356,15.018414, 5.462908, 8.944519,10.000994, 9.297356,10.645184,15.337033
14.492597,10.195970,10.571824,16.154461, 8.102861, 7.087734,11.485876,11.341563, 6.358776, 8.974762
 7.431511, 5.653491,12.128865,12.203103, 9.673211, 5.173919, 6.865671,14.899005, 6.108770, 6.780204
 8.263047, 8.964656,10.564020,12.214988, 8.989040,12.344817,13.422950,13.429691, 9.822513, 4.362674
 8.822305,12.476564,11.680729,10.359596, 8.811930, 9.361665,12.167194, 9.745289, 6.248300, 8.351213
 8.951644,10.100176,10.362651, 8.972599,11.310630,11.299086,16.070576, 6.249602, 7.648517, 3.912681
 7.565394,11.006448, 5.211396,10.135475,12.284606, 7.619523,10.577731, 5.761495, 9.985630,15.271411
 8.932988, 6.523734,12.081733, 5.806291, 9.587249, 6.119382,11.351600, 7.865418, 7.801871,10.958434
 7.852360,10.633191, 6.420092,18.028721, 9.157381, 6.063213,14.548180,11.425039, 9.357530,13.525962
14.144242, 8.344474, 9.742847, 8.202169, 9.601512, 8.892580, 6.521016, 9.996972,11.397827,13.557059
14.702649, 8.802638, 2.727412, 8.822003, 8.877718, 6.369551, 7.341396,12.627313, 8.325463,11.944905
 5.163865, 6.853390, 4.374302,14.348711, 6.417996, 9.786810, 6.353299, 8.669779, 8.676172, 5.744147
10.686752, 9.121538, 9.891706,12.752693,12.596403, 8.849458,12.813553, 6.012922, 5.478988,18.318841
10.310048, 4.350499,15.053971,11.670238, 7.588999,12.338193, 5.436089, 8.361466,10.439332,16.039038
 5.809106, 8.704120,12.571972, 4.774975, 8.546179, 6.975602,12.607513, 7.697635, 8.590065, 3.822148
 5.440432, 7.270014, 9.502714, 8.256971, 9.676439,11.755822,11.471683, 7.818833, 5.173785, 7.245473
15.719075,10.272820, 9.141739, 5.341345,12.715546, 6.945196, 9.297028,12.922358, 8.919822,12.235821
10.314321, 9.895717,12.581438,10.583194,12.117790,12.893393,14.018130, 8.332962, 8.002837, 4.872494
12.033226,15.645626,15.049944,17.867166,12.328548, 7.573628, 5.867582, 8.240551, 6.343317, 9.017478
10.011815, 7.935294,11.689821, 7.012712,14.952794,11.692999,11.075358,12.444903,15.346704,11.485047
 9.808765, 8.644471,12.231772, 9.276760,13.982443, 9.608335, 9.071741,11.553295, 7.159666,12.297155
 5.187841, 7.453039,15.195824,11.680371, 6.527366,12.073253, 9.913748, 7.161295, 4.876089, 6.431701
 8.941700,10.963632, 5.992661, 7.636937,11.645609, 4.719366, 8.183093, 8.747544, 9.183182, 8.940344
 8.144364, 7.148574, 6.445891, 9.883614, 4.192403, 8.294835, 8.960800, 4.044276,11.126933, 4.746055
 8.493416,10.423901, 8.150741,11.752885, 9.895786, 8.483698,13.578726, 8.748799, 9.387819,13.028241
 6.872560,15.676403,17.109105,11.932392,10.307952,10.001597, 6.339814,12.005613, 5.649125,11.748329
 7.991342, 7.528997,14.112070,12.319776, 5.205925,14.649707,12.173969, 8.138483,10.263968, 5.395112
 7.646882,12.762214, 6.924219, 7.687043,11.484867, 5.973976,11.561276,11.257144, 9.721442, 7.833200
 8.128226,11.134330, 6.497665, 5.839894, 9.058766, 9.632291, 9.011450,13.752209,13.213743,10.788126
11.745579, 9.717853, 6.416133, 7.176685, 9.602968, 8.632641, 9.782081, 8.172819, 6.871039,13.128492
17.262051,10.356325,10.705172,12.771416, 7.483409, 8.009030,10.616730, 8.369556,13.606857,15.770528
15.591665,10.940997, 9.550370, 7.296336, 6.158738, 6.374354, 9.524122, 7.759439, 5.197229, 9.597408
18.657915, 7.330438, 7.413550, 5.473582,13.544619,12.774905,11.731490, 8.922831, 9.202850,12.581178
 9.362397, 8.377980, 6.472861, 7.403368,10.558049,11.360735,10.438533, 7.041218,14.690406,10.229984
14.782111,12.667577,10.724391, 6.055188,10.065937, 7.838190,10.305892,13.934308, 9.602081,13.089956
 9.850201,13.677830,14.216147,12.378626, 6.700863,12.423170, 7.644934, 9.279223, 8.575942, 6.265728
 8.216536, 9.333553, 8.169609, 8.750859, 9.073445, 9.676477, 8.292938, 6.982253, 8.413875, 7.391336
 6.665620,10.741135, 8.049514,15.561372, 7.733873,11.493250,11.492131, 6.914772, 6.087403, 7.016161
 9.008870, 8.373017,13.602908,11.015365,10.956158,11.430711, 9.407688, 5.572828, 8.086325, 9.873252
10.652750,10.460579,10.152495, 9.591296,11.619047,10.035200,10.899341,13.260137, 9.218928, 7.847882
11.709296,11.063558,13.617669,13.534146,10.035843, 9.650208,11.695944,11.229907, 7.629740,12.533982
13.278756,10.957395, 5.776020, 7.105880,11.075963, 8.537611,13.739441, 9.759905, 7.225140,12.434333
14.872456,11.450286, 8.280532, 9.042884,10.830442,11.638392, 8.464432,10.258825, 6.070004,12.866949
 9.576524,11.541101, 8.022542, 7.938588, 7.526251, 9.713760, 5.913388, 8.777887,12.056651, 7.492212
10.172067, 8.183606,13.905490, 6.809652,10.894605, 9.166605,13.201736,15.845044, 7.075642, 8.808942
 6.166192, 3.289196, 5.444222,11.827464, 9.544093, 5.788242, 9.342672, 7.478616,11.849715, 9.159270
14.181912, 8.687028,10.911666, 7.143484, 8.523809, 6.692638, 5.108571,11.186385,10.555461,10.565910
15.496779,10.318629, 7.977063,11.475661, 7.955960, 6.061399,10.376407, 8.863250, 8.323712, 4.827568
11.620375,11.834946, 7.928623, 9.675928,11.652665, 8.947436, 4.349802, 6.213540,11.941148,10.496840
 8.572604, 6.270558, 6.758894, 8.752568, 8.297580, 8.740667,17.255727,12.279467, 9.397127, 6.088208
 7.678678, 8.083989,15.773542, 5.188402, 7.838565,10.107049, 9.285222, 6.110905, 8.848767,12.993854
 7.464216, 8.346751, 9.473480, 7.011565,13.480010, 4.327314, 7.734856, 8.047858, 7.952788,10.856893
 6.693831, 7.293450,14.334832,10.043626,10.858680, 6.199303, 9.511314, 9.435032, 7.754391,10.955776
11.418785,14.511581,13.303154,11.706417, 9.150074, 8.957496,10.874332,14.603525, 6.208649,14.419121
 9.779162,11.325646, 6.631190, 7.137167,12.624683, 6.533759, 4.550446,12.996823, 7.766157,12.197333
10.645370,12.081582,14.426311,11.395561, 9.943340, 5.572138,10.465786, 9.247550, 7.329403,12.942332
14.206925,10.899294, 7.054094, 6.361384,12.474643,13.598301,10.441557,11.028092,14.587122,12.393827
 9.572222,11.454433, 6.695029, 9.925417, 7.601494, 6.987524,11.065936,12.180919,11.702552,10.016677
 8.336405, 6.549956,10.943071, 9.545074, 8.375419, 6.113618, 7.715276, 9.399938,11.314622, 9.196739
 6.261394,16.014187, 8.992447,14.289525, 4.485738,10.323318,10.252666,15.382431,13.356969,15.968899
12.102231, 5.003189, 7.285558,11.072767,13.551139,13.205461, 6.663268,12.163376,12.873146, 7.855068
 6.692743, 4.932628, 7.719600, 8.519036, 6.080509,10.850165, 5.010300,12.071438, 8.558631,15.231586
10.724205,10.679456,12.618007, 8.180817, 3.219169,18.295839,11.114824,13.646271, 8.674470, 7.176025
12.784427,17.566504, 7.891712,16.223777,12.879650,11.504619, 7.823328, 8.588240, 8.542275,10.394114
15.442976, 8.152174,10.299763, 4.045961,12.866575,14.855140, 9.817254,14.701759, 6.138507, 8.683577
 5.162558,14.980481, 5.283432,14.342528,10.343739,10.959795, 2.959394,10.545624, 5.879662,13.819654
12.856181, 5.578742, 6.239776, 8.794464, 9.592211,10.633492, 9.362611, 6.697419, 8.001054,17.448223
14.341070, 4.424572,13.268643,13.043321,10.393604, 9.259776,12.620553, 8.586047, 6.705469,10.028679
15.606855, 8.958350, 9.752118,14.584751, 8.653833, 8.184251, 9.345690, 7.536685, 9.850513, 9.407233
 9.107062,11.096080,11.047112, 8.409033, 7.449656,10.400990,13.330191,10.795600,12.439495,10.068335
 5.767518,11.375916, 8.979467, 7.512516, 8.475686, 8.028084, 5.614449, 8.112717, 9.023841, 6.214928
 9.224240,11.136416,11.914032, 7.324104,14.803416,13.785648, 6.932731, 9.046372, 8.894825,10.731697
 4.124457, 9.155918, 5.321133,10.348646,14.720476,10.553301, 5.646913,14.268159,12.976973,17.830022
12.892166, 7.950060, 8.024524,12.942945, 9.399681,14.766190,10.104641, 5.640668,11.181228,13.969157
 3.815465, 9.324469, 5.037210, 9.592894, 5.799719,11.456124,16.196267, 6.372732, 8.341310, 8.958344
 8.458475,12.574412,10.323525,17.705062,10.004629,12.573414,10.760551, 6.326510, 4.217847,11.117009
 6.732301,13.467809, 7.286183, 9.291455, 9.542082, 8.224923, 4.652504, 7.507363,11.034158, 6.429579
 9.241860,10.546317,14.190944,11.796426,11.454441, 8.994084,12.685387, 7.238854, 5.130690,13.344213
10.251186, 8.386707,14.187798,15.700611,11.881579, 9.730036,15.684069,11.753282, 8.398071, 8.332395
11.129826,10.245088,12.730359, 5.442763, 6.467410, 8.552517, 9.551998, 9.531355, 7.539622,11.092888
11.011295,12.789011, 4.691439,15.417172,13.970707, 5.131158, 6.917193,17.117321, 6.340036, 5.401651
 5.700889, 8.205125,10.033369,10.443433, 8.927446,14.750488, 6.425781, 9.124687, 5.937160,10.989782
 7.839733, 9.809860,11.309736,11.852872, 9.930621, 9.468562, 8.824640, 7.754286,13.699833, 7.088647
 7.051468, 4.326483, 8.013632,11.959762, 5.187102, 6.730163,11.381263, 7.608383, 9.954254, 6.850565
17.658504, 9.516301,10.042259,11.827517, 9.341441,15.126880, 6.444443,14.602845, 9.347554,10.650760
11.625509,13.712843,14.760126,11.217379, 6.428900,13.103138, 9.203879, 8.613714,13.102508, 8.532493
10.895804, 8.625828,15.045615, 5.469040,10.180075, 7.540689,13.783489,10.754547,13.966186, 7.388763
10.763647, 6.327327,11.590526,11.794922, 8.698670,13.012786,18.574410, 8.760739, 8.011438,11.220085
 9.363552,10.597466, 5.090164,16.299090,14.238237, 6.442367, 7.463207, 7.980682,14.564639, 7.904642
16.151018,11.337138, 6.207823,11.521398,10.960537, 7.889249, 7.672720, 5.662171,13.215451, 9.023033
 9.051239, 9.601831,10.977777, 8.250304,11.672106, 6.129972, 9.582717, 5.048974,11.036957, 7.151358
 7.910989, 8.399208,11.970821,10.270574, 5.974114,14.326735, 9.437373,10.753341, 9.177095,12.812797
 5.619851,12.618172,11.582752, 4.805377, 5.335622, 9.892926, 9.162408,10.564308, 8.531742, 6.792840
11.561349,13.263237, 9.283666, 8.544710,12.643683,15.151494,11.453812,11.048541,11.265912, 8.493429
 8.772227,15.063772, 7.407105, 8.076238, 6.965381, 8.372032, 8.883027, 9.773292, 7.191824,14.767637
 8.869138, 8.733183, 8.318372, 8.664841, 9.071926, 9.268851, 8.002165, 5.956116, 8.401252,11.181797
 9.176936, 7.877402, 7.483393, 6.369643, 9.030352, 9.828369,14.806864, 9.160987, 9.027802, 7.798259
10.387853,18.847355,12.073975, 8.161616, 8.922439,15.840507, 7.067647,10.569611, 7.132808,18.111379
 5.933760,11.317493,10.609284, 4.407964, 8.801547, 2.869180,11.042873,12.317213,15.278920, 6.611031
 8.628808, 9.551692, 9.880385,12.844091, 4.686441, 7.681425, 5.631116,10.756480,10.227355, 6.218812
 9.547747,11.219806, 9.012184, 8.219756, 5.296543,11.279052,10.238598, 9.807531,13.160091,11.925770
17.438377,14.193701,10.050777,14.283486,15.500358,11.909937, 7.291161, 9.581286, 9.871356, 6.771494
 6.474908,10.579988, 9.412682, 8.279989,10.668973, 9.907521, 7.580205,12.659479,10.376473,14.577870
 6.124580,10.684649, 9.915489,10.824098,12.324680,15.670262,12.339739, 6.234351,10.252069, 8.964752
15.496307,11.692758, 5.733527, 3.980905,14.793009, 9.109978,10.291664,12.650583, 5.908194,12.848369
 4.707127, 9.743992, 9.067913, 8.576904,14.977856, 7.967155, 8.027524, 9.091812, 7.343470,14.111762
 8.493497,14.913293, 7.335394, 7.164633,10.448561,16.118412,12.439390,14.510983, 5.083104,11.158762
 7.608889,17.789039, 6.002763,10.283519, 9.778042,17.992316, 9.710611, 8.395495, 9.088601,13.437025
 5.729427, 6.215190,10.993903,12.187122, 8.818726, 7.748262, 5.210618,10.298983, 3.721606, 7.539505
 8.124921, 9.348476, 9.450988, 8.151489,13.150881, 6.759050, 7.066397, 5.168707, 9.268080, 5.597297
12.664033,10.312806,13.027443,14.620524, 8.933320, 6.888065, 3.154381,12.964026,13.018666, 8.292797
 6.247783,10.297786, 5.768189,10.467072, 7.643709,11.160385, 6.401493, 4.940225, 9.294340, 7.969436
13.917794,10.292061,13.139745, 8.839499, 6.303070, 7.323564, 9.212451, 5.935478,12.967867, 9.691306
 8.242482, 8.466965,14.318038, 7.603739,10.071594, 7.446316,11.375250, 7.485108,16.296579,11.607365
 7.593328,11.184488, 4.442276, 8.885042,12.494076,18.951798,10.903340,14.261589, 9.587060,10.167709
 8.447865,10.740268,10.288920,17.653892,11.563759, 5.562351,12.174137,11.962007, 8.976009,12.396235
 8.037597,11.367611, 7.351425,15.901565, 6.313448,14.448905,15.335584,10.279279, 6.874905,11.545253
 9.264482, 8.930644, 4.266427, 4.310273, 8.665524,10.737981, 9.838185,10.465736, 8.948136, 5.130709
 3.232136, 9.921215, 5.029682, 6.012692,10.959939, 7.335634,12.658792, 9.320184, 8.270269, 6.783498
11.953102,12.249733, 6.225801, 8.940272, 4.259485,12.071497,11.817141,13.090912, 5.620078, 7.431751
16.415932,11.349381, 6.602962, 7.071500, 6.668727, 9.625851, 7.393830, 8.513495, 5.206740,11.274605
15.618394,17.152693, 7.596314,15.705985, 7.317633, 9.132296,10.173173,11.229837,10.682637, 9.884704
11.087194, 8.855877,16.244541, 5.646705,11.464147,15.846362, 5.214411, 7.264413,10.182418, 9.934858
10.208626,14.081472, 8.381290, 8.790205, 9.692501,10.385480,17.334036, 8.916638, 9.824488, 4.801005
 8.940677, 6.548390, 9.021144,10.215202, 4.816306,11.355989, 4.164170,10.370546,10.525617,19.249483
 8.482493,10.861177,16.097853, 5.668337, 8.391296,10.490530, 3.577587,11.692398,10.917625, 8.697055
 9.095652, 9.798952, 8.675924, 7.446826, 5.668032,11.754389, 7.844725,10.803409, 3.822444,11.032861
 8.205888,12.713342, 5.797749, 5.019661, 9.958227,10.219669, 7.547815,12.869192,11.054069,10.723036
12.215565,11.487060, 7.460392,16.247068,10.561428, 8.292144, 9.457647,12.114080,18.503700,10.635711
14.086327,11.709806, 8.284676, 5.965073,12.566407,11.232453, 6.216261,17.422358, 8.825645,11.783863
13.631907, 6.872609,14.596811, 8.386350,10.329073,14.618554, 7.926412,14.808293,14.468991,10.623731
18.006517, 7.084277,11.009848, 8.057751, 9.081739, 5.960942, 7.666222,12.778879, 9.029973, 8.482859
 9.717766, 6.162541,10.110459, 7.306530, 4.796054, 4.563386, 8.476497, 9.948860, 8.474683, 9.808776
10.938009, 8.260582,12.105609, 9.462369,15.052428, 7.472879, 4.828575, 9.224955,13.373038, 9.893644
 6.930966,11.603645,11.940770, 9.648302, 6.989331, 9.348948, 3.830846, 9.163898, 8.969243,12.892863
13.647172, 7.380810,10.405346, 7.519109, 7.897585,10.116504,13.119070,10.217259,12.760858,10.865015
 8.872169, 8.446652, 9.864126, 8.260778, 8.437519, 9.978400, 7.843208,14.160281, 5.916753,10.462851
 9.380518,13.249184, 9.512425, 8.087798,10.380202, 6.923797,13.573687, 9.512446,13.156896, 5.991185
 9.041009, 9.366727,12.026469,15.096564, 8.357896,15.286776, 6.407990,14.304354, 9.608110,11.460793
 8.603344, 5.170435,13.245764, 5.719310, 8.378532,12.415511,14.606158,11.692341, 9.298933,13.811968
 7.910106, 9.944186, 6.980103, 8.653762,11.312399,10.580111, 5.276924, 7.391824, 7.342442,10.950445
11.811835, 3.481018,15.756178, 9.659971, 8.861010, 7.276145,12.125646, 9.015672,14.584030, 9.385239
11.028491, 6.181196,11.676114,10.288121, 9.932713,10.294449,13.823385, 7.138253,11.662486,12.877059
 8.300233, 6.764295,15.329802, 8.920064,11.748777, 2.616319, 9.795078, 8.183571, 7.178462,14.820536
 5.495057, 9.397705,10.550960,12.953684, 7.973137, 8.496645, 6.260104, 5.139670,14.005133, 9.146862
 9.312359, 5.888441, 8.818829,10.949271,12.273716, 8.661730, 5.455099, 7.009832, 6.320653, 8.674405
 5.891042,10.698554,13.590304, 9.070262, 8.184866, 6.938684,12.059889,11.363455,12.336046,11.078192
13.398562,17.259484,10.158322,10.819853, 7.367695, 9.115453,18.455674,14.877555,10.278957, 9.286067
 8.300168, 9.042512,10.676068, 4.741025,10.149502, 9.862641,16.189067, 4.912105,15.925872,10.818465
 4.906638, 7.091651, 6.764301,11.048069, 6.124114,10.103463, 8.418066,11.742798,10.128144, 8.067381
14.731761, 8.183455, 7.496372, 6.783988, 9.499550, 7.432918, 6.766217, 7.472530, 8.448355,15.437292
 3.979753, 7.194684,17.458451,13.059752, 8.738257, 7.607971, 6.754906,14.808843,15.130309,13.510033
 6.714856, 8.880888,12.321404, 6.723667, 8.312450, 8.125901, 8.120128, 5.429488,10.200150,14.328998
15.398207,11.251063, 6.865297,13.649196, 8.763032, 6.665950,10.452353,12.783696,10.194691, 9.180189
 9.907583,12.351756, 9.367953,10.100631,18.454177,10.598514,10.264475,10.030860, 7.701081,15.527776
 7.830358, 5.599624, 7.587848, 8.400832,14.373235,10.053587, 7.891050, 5.677595,11.172493, 8.465772
 6.775683, 9.269738,11.232847, 8.827808,11.182701, 6.958348,14.836062,11.264664,11.772089, 6.774426
 7.735535,13.860399,11.604974, 6.387310, 9.066940,11.192244, 9.076410, 9.849127,10.995597, 6.506801
18.672008, 8.357194,14.620346, 8.960497,13.448162, 8.214405, 8.260844, 9.192034, 6.813310,10.429139
11.090872, 9.701197,12.939171, 8.383793, 7.351727, 9.289279, 4.956831,13.412594,10.991998,12.992683
 8.203742,10.227347, 9.067775,17.477852,11.180968, 9.047350,11.257742, 7.540545, 6.538460, 9.456325
 5.210400, 6.185735, 9.767325, 6.967547, 9.242671,15.255640,10.675599,15.527979, 7.934909, 6.603074
10.660143, 9.074301,14.074181, 9.663285, 9.317480,19.597760,13.183960,11.502806, 6.891999, 5.100307
 8.109622,11.267787, 7.769798, 9.534267,15.874750,16.069001, 9.987086,11.560469, 7.946155, 6.069476
 9.944919, 8.004389, 7.610638, 8.200857,10.713936, 5.702035, 7.481814, 9.379546, 8.824631, 8.600628
11.386512, 7.246244, 6.078642,10.315375, 4.749615, 5.947211, 9.853758,12.764824, 5.802577, 7.956091
 6.716006, 8.523572, 9.965641,11.331171,15.317913,12.469550,12.417653, 9.859846, 9.703420, 7.758334
17.729801,13.634415,10.145769, 9.179651, 7.102128, 9.967214,14.479673,11.635910, 4.541248, 6.844072
12.179699,10.981003, 8.930848, 7.909321, 7.793007, 7.619946, 5.921479,11.215592,13.489414, 9.330122
13.216670,10.623953,10.842173, 4.882779,10.770828,10.136093, 5.905101, 8.140642, 7.809722,12.648753
 9.577141, 7.503559,12.841038,12.030380, 4.458283, 6.523968, 9.895760, 7.964094,13.801836,12.036610
11.022515, 6.270743, 8.887817, 7.707065, 8.368879,11.365264,11.358237,13.914842, 6.443743, 7.027146
10.338169,10.354989,10.108845,11.528627,15.216829,11.139086, 6.954520,14.847512, 7.679341,13.402077
10.681031, 7.775969,11.227576,15.635398, 7.503259,10.472148,14.907653,11.644326, 8.007234,11.539462
12.908537, 6.705549, 8.307456, 9.010562, 7.775479,12.069172, 7.403294, 6.744292, 7.911993,10.740241
10.597666,10.195711, 9.361657,11.898804, 4.568564,11.762203,12.306269, 8.937938,13.277138,11.656204
 8.361918, 8.276718, 7.304505, 4.709614,10.214898, 8.548926,17.923861, 8.280580,12.635362, 5.864862
 6.811073,10.688025, 6.046301, 9.851042,11.938373,10.675102, 7.936003, 6.381274, 7.338360,15.516390
 6.747483,10.384217,12.218790,10.021350,19.179596, 8.927636, 7.520706,12.272766, 4.515983, 8.328070
 6.621821,13.438201,19.281224, 9.330717, 5.016074, 9.398297, 6.933283, 5.451758, 8.792838, 6.632872
12.796236,14.285622,10.524019, 7.178197,12.463190,12.667632,12.263480,11.726277, 8.049745, 9.147292
10.031421, 9.578683,12.885704, 9.587228,10.996352,10.979822, 9.432050, 6.683672,12.997531, 7.513234
18.431672,12.672640, 7.922883,11.746832,10.279772, 5.148467,11.831155, 8.898432, 9.309974,13.865389
 8.856756, 8.015606, 8.996382,10.050505,16.551669, 5.031737,19.384142, 6.507140, 6.108797,17.409666
14.232013, 9.293274,11.376112, 9.781149, 7.392599,18.896081, 7.890506, 6.589634, 8.766388,10.254493
12.490652,11.207451, 5.962777, 7.163315, 9.097346,11.443771, 6.277676, 9.536788,10.661803, 9.579867
 8.067361,11.350500,11.066471,12.209089,13.418178, 7.878415,16.276762, 5.027775,13.389030, 7.009525
12.519240,10.168400, 7.771525,11.510530,11.984734, 7.335972, 9.092412, 7.145842, 6.841119, 5.780504
11.366828,11.463766, 8.285123, 9.826058, 9.952604, 9.917885, 7.859771,10.047426, 7.558494,11.871559
11.096642, 8.944641,13.594350, 7.143812, 6.060028, 6.862871,16.238859, 7.883383,10.879489,13.138847
 6.631684, 7.254749,11.050599,10.138334, 5.780428, 7.414331, 6.920189, 8.215634,12.742968,14.756275
 8.892158, 7.965834, 7.827042, 6.701636,12.314662, 6.433103,11.204260,12.259519,15.770456,12.586482
 8.415252,13.288931,14.046468,14.001651, 8.440268, 9.550093, 5.231042, 7.351247,12.792271, 6.917142
 5.215089,11.267596,13.737145, 8.479270,11.920304, 6.814260, 9.273389, 5.255226,11.737180, 6.797545
14.227872,12.707004, 6.990662,15.875786,10.632639,14.257998, 8.507301, 6.321646, 7.608291, 7.103380
 8.726910,11.287950, 9.925457, 6.694398, 9.219846,11.355787,17.124143,13.078005,10.000419, 8.295431
 6.353000,13.081527, 9.177804,13.495934, 4.009177, 6.690938, 8.826517, 6.143989,14.315377,13.745802
 8.541566,11.964908,10.976861, 5.802402, 7.619197,15.529389,19.336029,10.265831, 8.941992,15.134839
 4.777534, 8.195718, 9.767038,11.713775,14.239401,11.149249,18.595606,17.527493, 7.935836,11.031364
10.743643, 5.435345, 6.442840, 7.668861,14.765001,10.923568, 9.499155, 9.801960, 5.141843,13.308712
12.589560, 7.150131,10.470413, 9.151778,11.308596, 8.678790,10.764964, 8.254971, 9.838806, 5.675459
 9.182202, 9.999897, 7.353119,18.978033,11.508386,10.493438, 7.677778, 5.462703, 7.564641,17.596192
 6.940401,11.467533, 7.049123,15.756886, 9.960418, 7.866279,10.872809,11.729026, 8.750079, 6.779601
12.134888,11.860480,11.782714, 6.884852, 5.457582, 7.469990, 7.274293,18.842067, 6.629728, 6.556606
10.336758,12.989169, 9.979397, 8.961479,11.035297, 8.115989,14.809514, 5.866321, 6.999336, 9.000052
11.129693,16.848505,12.444779, 9.869910, 5.834288, 7.179543,12.968803, 8.813734,10.870343,11.572456
10.403188, 9.412601,10.458984, 8.802545,10.426021,11.569696,10.941958, 6.656153, 8.694875, 9.532514
17.749776, 6.390327, 7.044922, 9.324051,11.714986, 6.262961,11.407635, 7.411421,16.367861,10.521149
 9.391517, 9.781729, 9.094471, 8.177334,10.432824, 8.173945,11.879598,10.244658,12.879090, 8.280002
 4.976013,11.254347,11.549265,10.848527, 8.672378, 7.774101,10.364156,11.069226, 9.273969,12.886964
 7.037886, 9.640699, 4.858467,15.116402,12.564058, 9.325249,14.215407, 5.867623,14.201756, 7.230399
 7.954296, 7.857017, 8.056495, 9.713072,10.957316, 6.955078, 8.698843,11.656092, 5.985174, 9.116946
16.979920,13.499734,15.347249, 8.829374, 9.968942,11.802178,13.876513,15.385659,15.235554, 9.802652
 7.489272, 6.785940,12.261003,13.473050, 9.537962,11.184058,11.265473,14.768288,10.618482, 7.608227
10.567844, 6.373412, 5.498053, 8.829068, 7.924911,14.223185,13.461524,10.761769, 6.719582,12.345940
 9.491599,17.086114,13.706455,10.612872, 7.864741, 6.301360, 6.788867, 7.305308,18.143403,15.571514
11.452308,14.395614,10.471856, 4.048802,13.549993, 7.656588, 8.218008,17.584540, 6.356678,12.702146
11.512799, 5.048367,14.536487,15.224274,13.389530, 9.670150,11.522127, 6.056692,10.211089,11.094967
 7.004398,10.865454,10.841070, 9.527707,10.522293,11.639410, 9.907986,10.382459, 9.577506,10.914571
11.992784, 7.017196, 8.343551,12.210439,15.795489, 7.942213,10.335230,13.580881,10.804626, 9.538638
 8.680748,14.122116,12.534100, 9.117810, 6.145856, 9.285384, 5.566314,10.990049,10.577867, 7.189994
 6.713775,11.266894,14.192280, 4.870461, 7.735300, 7.563532, 8.186139, 5.874807, 7.209540,16.201945
 5.501227, 9.359519, 7.977248, 9.427142,10.894650,10.487672,17.595553,18.166957,14.276317,10.246644
 8.296050, 9.378503,10.378146, 7.596905, 7.783698, 6.900594, 7.698129, 7.522352, 8.814705,15.196720
 7.668896,10.426081, 6.174843,12.116334,16.839298,12.265371, 7.892410,10.459081,14.983591, 8.236406
 7.235676,12.959539, 8.025253,13.961501, 8.445608, 2.189171, 9.424103, 7.258016, 8.771995, 6.880178
17.567744, 4.323894,15.336795, 8.661762, 6.767309,11.940950,15.373402,11.107501,11.380006,13.355609
16.335067, 9.714291,10.672831, 7.627309, 7.037929, 9.157921, 5.048690,11.924088,13.420670,11.273770
 9.929210,11.743084,10.372742,11.642144, 8.974424,11.927360,13.146102, 6.194057,10.724922, 8.085459
10.559866,12.705548, 7.474302,17.262603, 8.947025, 8.903768, 9.177764,15.103497, 9.075790, 9.339053
 7.283266,11.630370,13.210169,10.352309,12.753289, 6.254590, 5.155623, 9.470607, 8.568901, 8.472119
11.454641, 8.870232, 9.783194, 8.877282, 9.428808,14.711063,13.928794, 5.734964, 5.947233, 9.886788
 8.292020,11.485352,10.099893, 7.890853,10.629754, 9.817391,12.197864, 6.936903, 8.275677,11.617984
10.077313,12.139409,11.837099,12.031631,13.886317, 8.072598,10.147087, 7.536196,10.537794,10.169982
 6.541629, 9.812590, 8.517219,10.900788,11.586402,12.763922, 6.627083,13.121127, 7.525767, 9.113237
14.812032, 9.017905,14.304570,12.019829,11.340617,10.931573, 6.511460, 6.984781, 8.285817,12.462730
 8.362460,12.707663,14.128223,13.417366,14.056230, 9.383623, 9.166032, 8.703471,11.987497, 3.545316
 7.981330, 9.312308, 7.035380, 6.984417, 9.365738,12.249892,11.304467, 6.201494, 4.902383,19.866478
 8.954690, 3.834346,11.045194, 9.335536, 6.269486,10.909540,10.935270,11.013655, 5.875044, 9.738439
 5.407151,10.311604, 7.076009, 7.449020, 8.344779,10.178787,10.265464,12.281359, 6.902653, 5.667804
10.596467, 7.006109, 4.715721,16.740196,12.560399, 6.942810, 7.171511, 8.644787, 7.300236, 8.504629
 7.934308, 6.700616, 7.240800, 9.720142,16.373645,13.768245, 7.718573, 7.809927,13.871474,10.637981
11.955466,13.317297, 9.311472,12.883821, 6.180935,10.328267,14.300583, 7.636595, 8.208368,12.569627
12.962173,11.006908, 9.467412, 8.182774, 9.819770, 8.522233,10.372260,14.640367,16.442034, 7.172586
 5.736057, 9.485711,11.641422, 7.110125,13.765635, 5.947723, 8.319979,11.558914, 5.369415, 8.028343
 9.491851,13.961025, 9.501994,11.018415,10.432531, 9.496001,18.267695,16.083013, 6.907700, 5.642730
 5.354865, 8.959913,13.202450, 9.173458,10.542180,10.031241,10.617844,11.151503, 6.228908, 9.448380
 9.133701,10.439140, 6.378002,11.691610,11.670521, 7.355443,12.807660,11.539782,12.146276,10.233570
12.259319,12.040137, 8.393936,13.247203, 8.924188,12.967380,14.814209,13.960934, 8.615175, 8.912285
13.902301, 7.823160,13.403270, 7.766619, 7.406079,10.828924,12.505411,17.151220,15.466384,15.619875
11.104455,11.844917,11.319095, 5.287157, 8.023553, 8.171045, 9.842474,13.029953, 5.849691, 5.143142
12.316418, 5.533052,11.407357,12.299563,10.773785, 6.877112,11.160653, 6.931403,10.814050, 7.350040
 9.670793, 9.115263,10.317064, 5.376506, 7.617412,12.609700, 8.944904, 8.573723,11.590960, 7.991828
15.604481,10.085166, 7.302221, 7.669584, 9.818198,12.591886,15.978433, 7.222250,10.176891,10.006650
15.077243,10.887391,11.401806,10.563421, 4.546331,14.549501, 8.179669,16.005096, 6.871103, 9.088677
12.556139, 6.672792,16.703666,10.808651, 9.002495, 8.701034, 9.143374,11.475051,13.830024,10.111581
 6.535207,12.394741,11.684455, 7.816446, 7.533892, 7.894274,12.249407, 5.858299,15.804969,11.452975
11.104296, 9.444048, 6.868265,11.408505,12.230351, 9.744011,12.280367, 4.767154,11.190688,13.198889
15.398335, 7.060212, 6.336291, 7.181892,13.425489, 9.732501, 4.783446, 3.924256,12.040331,10.422943
13.254563, 9.773752, 6.858058, 7.891174, 8.513834,11.263577, 7.530262,11.331566, 6.465995,10.470214
 8.921777, 5.409191,13.265566, 5.935760, 5.978879, 7.383875, 7.401412,10.808398, 9.853233,14.545251
13.760401, 8.745136, 6.259015,13.707583,13.897936, 4.992680,14.299059, 6.051503, 7.517477,13.731934
 7.673059, 6.747750,10.473629, 8.547350, 5.741228,10.716607, 5.607940,12.902660,12.132024, 9.675972
10.585542, 9.361183, 4.938287,11.849303,12.734468,11.861745, 7.518279,11.870274,19.300735,16.535707
19.100093, 9.315149, 7.519353, 7.902582,10.232089,16.080878, 9.671034,11.151170,12.526387,10.782731
 7.621803, 9.334642,11.714734, 4.834299, 2.572021, 7.575534, 9.103370,11.164072, 6.643770, 8.869499
 5.087831,10.573361, 6.215057,12.961012,12.058382,10.041206, 7.053606,14.961600,12.867797,13.459390
 7.949069, 7.054949,10.542254, 9.879282, 7.326892, 7.726138, 8.155262,11.888226,10.092536, 8.723136
 9.956362,12.073698,14.908356,13.495551, 7.660823,10.091982, 8.246511,10.475892,10.720536, 9.335901
 7.431088,11.032922,14.689845, 7.134782,14.544064, 6.410883,14.214383,11.801484,12.192697,11.610653
14.643775, 9.506871, 7.261845, 4.450659, 8.662386,11.527287,11.431039, 6.626156,11.889617,11.628693
 8.300266,11.380643, 7.507081,16.940097, 7.894140,10.837756,11.581507, 5.345918,12.504662, 7.682442
10.288881, 8.214072,11.152040,15.191683, 8.323096,11.867658,13.129544, 5.203437,15.422150, 8.533251
 9.190006, 7.669439,11.862758, 7.909606, 7.657638,10.783473, 6.788435,15.748944, 6.590705,11.976735
 9.881026,10.401558, 6.165768, 6.055572,11.186873, 6.855216, 8.841919, 5.149087,11.609087, 9.369117
 7.811460, 8.806713, 8.136947,10.309363,11.894160, 6.208459,11.519099, 8.936617,13.780047, 6.469633
 8.299785, 7.952732,13.695300,11.257281, 6.289206, 6.754991,16.206591, 8.229646, 9.263885,12.444422
 7.537543,10.719045, 7.658612, 7.272684, 7.036393,10.854572, 8.350071,12.608255,13.953599,10.979773
17.473106, 6.216387,14.197886,11.881672, 6.396136, 7.374511, 9.448905, 6.137146, 8.383616,10.238429
11.078284,15.557944, 7.292762,13.288073,10.003888,11.225789, 6.798645, 8.482853,12.528199,11.828929
 8.936482,11.374730,10.013823, 9.732081,11.193855,10.612759,10.353933,10.716923,10.705688,10.044704
12.984160,10.268436,10.947335, 6.688509, 9.328474,13.500298,13.135666, 7.376842, 9.282722, 8.446411
 9.528222,15.417679,16.516724,15.817469,12.988127,10.774526,10.085590,12.009405,10.098089, 6.855053
 6.498970,13.554292, 8.309949,10.097201,10.366059, 9.710813,13.380182,11.500183,18.480898,11.700361
 5.213274, 6.478772,10.516892,14.490930, 4.286015, 7.065545, 8.867000, 9.043192,11.253747, 6.513555
15.472293,10.833805,12.277488,10.830301,14.194274,11.844645,12.374665, 3.648291,13.475367,11.859311
 9.299524, 5.342727,10.691642, 4.800532, 7.088150,10.106362, 7.559116, 7.163727, 8.682720, 8.971357
10.274586,12.417436,11.020430,10.096260,12.853412, 8.083725,14.660971, 9.275543, 9.184614,10.973829
 8.372739, 8.928924, 9.506394,12.810806, 7.824130, 8.830464, 6.121550, 8.191461,14.586460,13.458214
 8.761181, 8.645833,10.155122,11.418931, 7.891717,12.278697, 5.037182, 6.991148, 6.460946,13.773336
 8.214338,10.864830,12.221789,13.320705,11.964092,10.823636, 6.840833,15.390626, 8.766549, 7.317957
15.331290,15.247803,10.348913,11.010101,13.624761, 8.383330, 5.034283, 9.649550, 8.711587,13.121350
14.725196, 9.931246, 9.274419,13.222978,11.097753, 7.239925, 6.346688, 9.898102, 8.897084, 8.759019
15.734770,11.989266,10.636302, 9.459115,11.029285, 9.931454,11.964696,11.583420,10.579650, 5.234507
 8.038402, 7.832212,11.448313,12.490947,10.127134, 9.814561,10.237968,10.249959,10.632311, 9.452606
 6.032508, 7.989221, 9.321639, 7.806066, 8.750406,10.433571,11.019127, 2.956608, 9.925141, 7.780281
 9.953336, 8.257856,10.325135,15.118788, 7.665707, 6.801621, 8.614628, 9.513218, 4.803603,10.985574
 9.473855, 8.414088,14.872228, 9.672989,14.395024,15.024444, 9.431845, 6.434349,13.111082, 9.410561
 9.325941, 4.737831, 5.528400,15.398993,12.357297, 9.239901, 7.053833, 8.542642, 5.268912,12.870734
 8.721076, 8.746512,12.294298, 8.575217, 8.221506,10.996746, 2.489636, 9.224412,10.105758,10.757034
12.432913, 4.322204,13.016994,13.416114, 7.504017, 6.143508, 9.349417,11.226245,11.030600,13.435439
 7.135224,12.663871, 6.632374,11.199371,11.985794, 7.864696, 7.991252, 7.988381, 7.875043, 7.043647
16.842805, 9.735690,13.493011, 8.726869, 6.770840, 5.445322, 9.814832, 8.139315,12.221787, 8.735514
12.476779, 6.857315, 9.687060,18.878531,10.188462, 7.425482,10.923557, 5.303801, 8.718251,14.528044
 9.967613, 4.657047, 8.404516, 7.767498, 5.712019, 8.885129, 6.024157,11.475944,10.176861, 6.142441
 6.800969, 5.934011, 6.452586, 7.739418, 8.471339,11.675668,14.874406, 6.850866, 9.229922, 8.474222
 8.971193,11.630560, 8.183227,13.269699,11.912900, 5.449252, 3.123382, 7.035147,13.735303, 8.129051
15.808411, 8.844845,10.720942,13.897621,10.368475, 5.300749,10.430355,14.768918, 5.669541, 9.534241
13.105295,10.372034,13.242362,12.790311, 9.248440, 6.355847, 7.113172, 6.971668, 9.538935, 8.164120
12.064024, 9.786084,10.135348,10.515946,11.854183,11.569432, 8.979743, 7.170654, 6.998010,10.027957
 8.833778, 8.135570,10.977002,11.840178, 7.280830, 9.748403,15.193061, 7.794753, 6.478430,10.807275
11.105230,12.475530, 6.047791, 9.350598, 7.142416, 7.676529,14.527813,13.638065, 9.049553, 7.865292
 9.415058,13.733923, 9.892996, 8.589562, 4.040482, 5.179956, 5.611108, 6.306514, 9.847232,17.079287
 9.287938,10.903743, 6.594206, 7.323565, 6.806067, 9.592716, 8.401881, 6.124598, 5.399586,10.825986
10.208611,10.412358, 6.873043,18.329010, 8.634972,10.037703, 7.944228, 4.610504,14.932521,12.232014
 7.873942, 6.675713, 7.964236, 6.844713,16.348656, 7.724262, 9.465104, 6.473565, 5.537194,11.037983
12.058202,10.353642, 6.892556,13.908729, 6.822688, 6.488799,18.156092,15.157122,10.224467, 8.752184
 7.310777,18.367214, 7.808232, 5.930700,13.892444, 7.585565, 8.855718, 6.733569, 8.686478, 9.845595
14.262272, 8.874063, 9.356368, 5.765145, 9.794149, 8.622379,12.890652,16.469862,15.366931, 6.936562
15.093679, 8.778272, 4.698058, 6.206335,10.731074,12.199354, 7.070420, 5.672157, 9.936744,10.949651
 8.380229, 8.646846,12.892768,12.499362, 4.567288,17.090177, 6.686502,19.390409, 6.910885,12.192910
10.230179,12.096191, 8.097709,12.996319,10.055992,10.086978, 2.902278,17.594183, 5.962523,13.278737
11.447957,13.118520,15.409679, 7.623202, 6.092959, 6.064214,11.928818, 7.550751, 6.888912, 9.419736
16.140802, 5.936100,12.722367, 9.435738,12.908607, 6.714110, 7.157582, 8.812842,11.263022,14.372431
12.432613,13.462580, 5.389384,13.643933, 6.504411,10.341306, 7.318313, 7.591369, 4.840798, 5.403970
 6.718525,16.572411,11.335025, 2.424368, 8.523334,15.715658,11.097868,17.424053, 7.568328, 6.380238
 9.614263,10.553536,14.272395,10.660624, 7.558419, 7.586111,10.242748, 7.737168, 7.530311, 5.642681
13.444570, 8.662314,12.571908,17.929468, 5.447451, 6.290862, 5.054410, 7.818753, 8.017303, 7.579698
15.533250, 7.860950,11.144905,12.335893,14.904684,12.000009, 6.167329, 9.002696, 9.104688, 7.761961
 6.191478,11.305932, 7.525223, 8.727559,10.127404,10.262865, 5.977391,10.399360, 9.660339,10.445616
19.228599,13.135514,10.789598, 8.678520,12.148211, 7.776165, 8.743735, 8.510125,10.844651,11.425443
 9.230267,11.400752,10.710624, 4.409561, 9.239631, 7.208113, 8.855553, 3.938450,11.797696, 6.617166
 7.399263, 8.578206, 7.270780,13.672068, 9.821534, 9.862698,14.217679,13.352293,18.171606,10.700020
 9.484899, 8.390712,17.673787, 5.045957,11.086901,10.829720,16.051610, 7.546376, 9.199600,11.560654
10.984857, 9.600040, 5.759686, 9.369755,13.330119, 7.883273, 9.380622,10.727891, 9.870270, 5.984934
10.780758,11.903417, 8.633018,11.026371,16.373359,12.771376, 8.249069,12.621359,12.226311,15.613415
13.998991,10.088381,10.734610,18.344310,12.273798,15.218985, 7.418530, 8.922048, 6.655618, 9.209957
 8.712414, 7.560430,12.851404, 7.527138, 9.988803,10.787791,11.017661, 9.335507, 5.823327,15.219234
 8.210199,11.886030,12.689785, 9.529297,12.684366,12.099412, 4.441887,10.311853,12.665005, 8.076946
 6.565981,10.996330, 8.734021,17.205953, 9.601561, 8.498475, 5.491820,12.747481, 9.054594,11.452658
 2.744377,10.565385, 4.565941, 8.778677, 7.584731,13.797319,10.406331,13.257667,14.560836, 9.947172
13.689550, 8.543668, 8.655639, 8.655897, 8.854299, 8.472966, 8.849996,11.882090,14.916912, 8.587037
 4.074157,10.954304, 6.541347,14.394984,17.959079, 5.289924, 7.104420, 9.688851,15.392653,11.673172
12.992257,12.080669,12.495183, 5.497658, 5.689168,12.191081,10.725927, 4.501865, 7.741803, 8.659147
16.651246, 7.591656,13.321825,17.247400, 7.739552, 9.379585,12.042251, 9.547487, 7.046809,12.744433
12.248093,12.120605, 9.056967,13.202806, 8.296716,12.626659,12.133088,14.077078, 8.601490, 7.922958
 9.014118,10.935001, 9.740547, 6.318355,16.177320, 4.754794, 8.664747, 5.787562, 8.454906, 7.841165
16.677822, 6.358858,11.059081, 7.703147,12.351932, 8.919220, 7.665489,14.634478, 7.319981, 6.485609
12.744679, 7.240326,12.907355,12.975452, 7.948664,12.239511, 3.386343,10.105729,11.369071, 7.303023
11.719770, 9.183979, 6.736005,10.603617, 6.199364, 7.255133, 7.165552,12.932152,10.872371, 9.646787
 5.709226, 8.145303,13.587760,10.809098,10.449728, 7.266093, 8.155402, 8.226078, 9.925753, 7.896295
 9.013183, 6.299142, 5.275547,11.727802, 6.476850, 8.608694,15.833545,12.131762, 8.927959, 7.990423
 5.690472, 9.611784,11.531215, 7.639392, 6.179618,12.944275, 9.323295,11.078380,12.747144, 9.548980
 5.106139, 9.435429,10.591052,12.673705, 4.618132, 9.284483, 8.347594, 5.166840,10.767899, 8.584767
 5.375123, 9.326975,11.510073, 8.735250,12.148703, 6.500868, 9.588055,12.786471,11.379458, 9.106623
13.415271,13.479470, 8.263271, 9.306349, 4.928847,12.588662,10.993602, 7.527619, 7.076756, 9.721409
 7.811592, 7.321579,14.331017, 9.187274, 9.917588,14.152538,13.377576,13.138154, 4.370229, 8.027839
 6.198753,11.761693,10.263773, 9.962229,11.470997, 7.700263, 9.102592, 7.014964,10.239426, 8.423886
10.507367, 5.495232,10.708809, 8.367410, 7.197717, 5.146484, 9.345316, 7.145040, 8.761652, 7.936982
 9.274351, 6.031438, 9.998123, 9.540661,11.645706,11.640173,10.553813, 9.264285, 6.548850, 8.459698
 5.655504,10.878041,12.654772,15.127009,13.340547,11.094260,14.654331,12.505370,12.625626, 8.035136
10.785845,13.668091, 6.903468, 8.519217, 8.311088,12.159942,14.889502, 5.786920, 5.967584,15.233999
 8.981009, 8.024906, 6.217573, 5.074287, 7.284037,15.229236, 9.341476, 7.331754, 8.485945,12.411962
 9.754263, 5.506192, 6.536369, 8.462246, 6.867986,11.486382,11.146888, 9.882103, 7.537473, 8.593514
 7.359054, 8.570082, 9.459264, 8.709933,14.846541, 8.769791, 4.932698, 8.348252, 6.096676,11.477932
12.098720, 5.651738, 3.785567, 6.810104, 8.675040, 8.730686, 6.325314,11.088480, 5.262289,12.234763
12.094984, 6.697364, 8.815690, 4.736664, 7.974427, 7.732880,12.555567, 8.043643, 6.865963, 7.435090
 2.877597,11.676167, 9.232651,10.312999, 9.704568, 5.789865, 9.232990,13.912255, 5.116934,13.924031
10.016029, 8.297199, 7.586630,10.510377,13.213046, 7.620594, 7.009136, 9.481687, 8.277380,18.587169
 9.552669,14.901878, 8.131074,12.308252,11.414566,14.776343, 8.362079, 8.973179,10.620163,12.661262
11.073785,13.090633,14.039917, 7.960246,11.621670, 9.245405,11.106222,10.256035,11.691491, 9.349814
 7.871565, 8.389173, 5.352328, 6.319157, 6.226557, 7.497020,11.555690,12.027012,12.723825, 9.104563
13.049471, 5.656108,10.125586, 9.305723, 9.492221,10.383744,14.894874,12.059265,12.190085, 8.056100
 4.270818, 6.463210, 9.927883,15.420790,13.265039, 7.007198,12.457431,11.959704, 7.178267,14.464478
 4.226174, 8.187288, 7.728928, 6.032394,16.146250,13.517557,10.875831, 8.346274,11.741519,16.442983
 7.893636,14.966277,11.510564, 6.718296, 4.070741,13.921947,15.442184,11.962103, 9.542644,12.737032
 9.280809,11.918187,11.133408, 7.845259,10.633900, 9.198650, 8.712401, 9.200188, 7.860770, 9.527286
 9.425442,10.376464,14.521902, 9.529707, 7.190438,13.907937, 7.249084, 9.889357, 7.231504,10.209591
 6.847103, 3.695645, 7.268617, 9.189090, 6.816676, 9.444667,11.267434,11.278411, 7.766669, 9.583326
 8.223402, 6.871852,11.450518,17.248135, 9.953920,11.507762, 8.073602,13.734795,12.353968,10.671755
10.304362,12.340984, 8.203542, 7.323900, 7.704971,11.369014,12.566415, 9.017991, 5.327414,12.717316
 5.498286,10.834755,11.607289, 9.619700,10.775251, 6.519742,12.488402,10.450119,12.164036,11.053686
10.067763, 6.459493, 6.321068, 7.826601,12.245260,11.422974, 9.835868, 6.130785,12.725087,10.055284
11.812469, 9.376120, 3.932030,14.154271, 7.124851, 9.335243, 7.630742, 5.603755, 6.724960,16.701323
10.744140,10.160817,10.942399,10.669162,15.754023, 8.456049, 6.078270,10.829853,12.337245, 8.233602
 6.438989,14.502206, 9.857248, 6.347322, 6.346956, 8.360373, 9.192693,10.168997,12.844934,19.533553
10.656799,11.665091,12.602842, 5.609456, 9.620481,15.193003, 8.175310, 8.265538, 9.518999,11.438813
15.360408, 9.626962, 7.256963,13.138924,14.099604, 6.289353, 3.517291,10.524818,11.702147, 9.109271
 9.693795, 4.868064,14.609575, 8.023333, 9.683011, 9.773886,11.336923,15.379332,10.169413,10.790103
15.656682, 8.083424, 7.295708,11.372932, 6.798275,12.330003,13.023676, 8.631346,10.509320, 7.450754
14.859688,11.273010, 7.291009, 6.370917,10.119023,11.450503, 8.636326, 5.952326,12.535965,10.598007
 9.966098,11.346966, 7.236958,11.497503,12.409847, 6.493776, 9.478870,12.210518, 9.883116,16.225995
 4.986041, 7.173330,16.050371, 8.108259,10.058343, 8.951876,15.724130, 7.108209,11.969518,18.494682
11.829920, 8.926918,11.462014,12.600523, 9.611880, 4.047986, 7.290809, 4.720599, 4.194875, 9.355680
15.827389,11.705456, 9.272022,10.294451,14.394980,12.544207,13.676545, 8.375050, 6.728780,12.831927
10.138484,11.704200, 6.751714, 5.497841, 8.512474,12.070624,12.039850,19.433310, 9.070945,10.828494
14.277082, 7.180658,13.560119,16.475562,12.145826,17.001424, 8.457070, 7.751767,10.260546,10.270229
10.415529, 9.806340, 3.453645, 7.994005,14.168790, 6.484774, 8.560068, 8.673122,11.141889,14.613267
 9.626159,13.055399, 9.543347,10.988625, 7.208895,11.107942,11.793971,10.103595,15.297682,10.822614
10.381891,12.234528, 9.635176,10.503158,10.868293, 8.841490,11.051108,11.867266, 7.497347,10.656267
 7.478188, 7.978364, 4.136251, 8.890440,16.707394, 8.552435,10.811096,15.700881,11.008031, 8.162427
 6.831050, 8.182163,12.269893, 9.089294,14.552756, 8.113735, 6.306359, 5.588060, 9.930231, 6.839576
 8.354631, 8.057947,11.400408,11.121898, 5.845396,10.515763,15.348258,10.814047, 7.353506, 7.898713
 6.293351,11.712393, 8.040123,15.447069, 5.330406, 9.824885, 6.521995, 4.392875, 8.572814, 6.071317
11.919481, 5.758483, 6.357985,10.818162, 6.544674,11.865738,15.190934, 6.557707,14.962964, 6.732057
11.337108,14.654271, 7.524883, 5.352544,11.710178,15.854651, 7.748963, 8.091060,14.250558, 7.796194
17.851740, 8.382153, 4.332666,10.792649, 6.780054,14.960768, 8.361637, 7.051571, 7.673046,12.405878
 8.547208, 6.320762,11.083986,10.320359,12.666775,12.440743,15.806253,12.929722, 6.548538,12.690238
12.698433,15.453634,13.345311, 9.130530,10.803614, 5.993896,12.320778,14.632857, 8.893030,11.675531
 5.444441, 4.274136,10.893713,15.184124, 6.849441,17.824046,15.464848,14.572274,11.675709,17.171647
 9.197472, 9.833492,12.762348,11.820010, 9.916030, 9.993987, 7.404765,11.503303, 8.120905, 9.240568
 7.272133, 6.580418,11.820759, 9.683351, 7.700124, 7.035121, 5.274313, 6.807207, 7.262733,10.498476
 7.436499, 5.692805,14.833615, 9.858500,11.678434,10.106302, 5.027215,10.963553,10.147450,13.575939
12.902601,10.417180,13.908440, 8.945018,10.644426, 6.397574,18.859467, 7.900831, 8.817068, 6.945395
 8.051380,10.585490,13.584620,11.957241, 5.839628,10.851243, 6.871072,13.220034, 6.549373,12.464175
13.210177, 6.243580, 9.936591, 6.628407, 5.896495, 7.280033, 6.327893,14.004669,14.358455,12.347136
 4.720119,18.043705, 7.832574,18.615234,12.814534, 7.115274, 6.681673,13.650331,13.032273, 6.222438
 7.620800,11.233904,15.965278, 7.831204, 6.659752, 8.045590,14.052256,11.785667,12.162983, 7.350354
14.798179,10.061011, 7.882739,10.025700,14.471006,11.940097,12.533076,12.535478, 8.912113, 8.425058
 8.438041, 7.580773,13.542585,12.260024, 7.543561, 6.052965,15.402356,11.925473, 7.042085,10.640150
 9.072239,10.305937, 7.581780, 7.243637, 9.499424,14.382237,13.228190,11.135791, 7.898251,10.181921
11.038422,10.428871,13.118586, 8.828109,14.989807, 6.557568, 9.476584, 8.972484, 6.456832, 9.951715
 6.696741,10.868741,15.879706, 7.333893, 8.894457, 8.196745, 7.814803, 6.869583,12.701782, 8.785046
 7.823561, 6.649792,13.139694, 7.292090,10.576184, 4.821224,11.780279, 5.018154,10.020386,12.844329
12.869848,10.015525,12.741242, 7.331677, 9.847392,11.848575,15.019640,17.250650,11.016671,12.630630
13.793475, 8.529586,17.789632, 9.521091, 7.644401,12.509668,11.474238,10.674372,15.063896, 9.910801
 7.375267, 8.387223, 4.303277, 8.303764, 9.243867, 7.199546, 8.991606,13.813124, 7.130245,10.466159
11.619980, 6.418475,11.315510, 8.615182,15.619196,11.516867, 8.678562, 6.036637, 5.580047, 7.513505
 7.337289,11.790251, 6.888957, 7.760824, 8.737215,18.071071,11.119026, 8.266177,12.685438,11.411593
 5.747356,16.642436,11.318615,14.943810,10.306895,11.004954, 6.657853, 8.125888,18.288438, 9.702533
 8.110099,12.134756,13.114507,10.905540, 7.053742,15.775014, 6.031025, 8.979196, 3.987432,10.707303
10.253383, 8.509999,16.078694,15.379337, 5.943840, 9.493406, 7.883287, 5.532904, 8.502668, 8.237288
12.185410, 7.487160,15.532342,11.222573, 9.838198, 8.294893, 6.964622, 9.952707,10.275605,16.810758
14.771007, 8.853980, 9.555004,12.242159,15.957517,13.185343, 7.548679,11.705941,10.083037, 8.201546
11.096239,12.377007, 8.589953, 6.499448, 9.947472,11.520818,12.143638, 7.374490,10.802414,14.929535
 9.175242, 7.298735,11.205699, 9.228292, 9.713041,10.088469, 9.675370,13.498707, 9.954269,11.736079
 9.555839,12.249602, 6.450080, 9.773850, 8.245213,13.117810, 9.971712,10.044354, 8.301253, 7.565671
 5.290837, 6.689241, 5.808469, 6.369728, 8.314294, 6.811806, 8.281363,13.074014,10.156599, 7.385057
 8.151338, 8.462053, 7.646801,12.096266, 8.385300,11.912847,14.793808,10.227608, 9.922581,11.748979
10.100156,10.600512, 7.596382, 6.788876, 5.559159, 9.328422,17.115834, 8.846969, 5.040193, 9.158409
 6.612684, 5.516211, 9.846668, 8.679322,12.420390,10.215137,10.813889, 9.054237, 4.677889,10.710749
13.132411, 6.684643, 9.694838,10.175577,11.385344, 2.977800, 9.472616, 8.588686,14.586085,10.333756
17.107530,10.686932,10.439381, 9.150538,11.085567, 5.552478, 8.301411,11.712817,11.813437, 5.598386
12.777090, 5.208483,10.005891,10.561104, 7.020758,10.893429,11.432742, 6.574198, 5.542678, 7.308332
 8.079562, 8.000838,12.643798,16.952131, 7.164660, 9.857581,10.372178,12.650764, 7.389655,18.504141
10.866995, 7.407866,11.186761,16.758932, 9.696118,10.250915, 9.457097,12.878787, 2.909345, 4.637057
11.165538,13.231803, 7.854607, 6.022395, 5.654592, 8.478404,10.232924,12.300254, 8.491369, 9.767979
 9.041122, 5.405064, 8.173251,12.588917, 9.480490,10.716279,12.801377, 6.080879,14.195402,12.708662
 7.707595,10.199223,10.309184,11.010810,13.646410, 9.579292, 9.064805,14.763582,12.505850, 6.334315
 9.381296,10.696139,14.003337, 6.995093,11.654498, 4.797905,10.357435,13.121869, 8.968303,12.569482
 9.277719,14.639442,10.647030, 4.675039, 9.558054, 7.611768,16.713473,11.687144, 8.508283,11.517722
11.721070, 6.073836,16.895602, 5.901256,10.669434,12.186644,10.425193,12.589608, 6.263378,12.820157
10.709255,10.528134, 9.510058, 5.363884, 4.999362,12.675729,11.726616, 8.621534,16.662357,11.953809
 7.264245, 9.338384,12.097782,13.898322,13.190743, 9.877989, 7.856382, 7.575902, 6.859052,13.536795
 9.992703, 9.009694, 8.280279, 7.868310,10.511539, 9.889890,11.935416,10.477470,15.427990, 7.555956
11.558469,13.423823, 7.513511, 9.141347, 6.620096, 7.592662, 7.671591, 6.530832,13.387744, 8.790972
12.588745, 8.842242, 8.171452, 9.840585, 8.190582,12.564164, 7.151575, 7.183383,10.300330, 6.942726
 6.833311, 8.164542,11.884943, 9.982129, 5.807157, 6.632686, 5.660844,13.696686, 8.222958,11.275714
 9.623771,11.930496, 8.721597, 7.939982,13.621983,11.183182, 7.322193, 6.852658, 9.583657,10.488738
11.035147,15.309034, 8.987755,12.163457,15.519631, 6.664602,11.044903, 8.920974,10.979278,17.046257
11.309969, 7.870653, 6.916436, 9.588619,10.368567,15.376912, 6.208369, 9.233359, 9.871409,10.194317
10.202820, 5.967682, 7.238149,18.927834, 6.575804,10.515206,17.474905, 7.209231, 6.099700,12.983859
 8.916845,14.974291,14.200638, 9.868554, 9.804654,11.144549,11.314568, 5.563495, 8.692044, 8.827816
 6.298962, 6.818267,15.214737,10.323787, 6.632071, 9.495557, 8.888523,11.128240, 7.528619,10.947881
 7.508630,10.829432, 9.309241,13.299976, 8.567864,10.674401, 6.459205, 6.777742, 6.823728, 9.622687
12.001449,11.881462,10.992417,10.477749,13.798604, 9.434554, 9.277423, 8.043020,11.939401,14.284835
12.818230, 7.234014,12.406424,10.885275, 8.649631, 6.634429, 5.822568, 7.160681, 5.505861,13.784805
 9.109435,10.224093, 8.145058,10.562573,13.603034, 7.800729,13.789672,15.342652, 8.000084,14.244539
 5.056913,12.859653, 8.171261, 8.065928, 4.715894, 7.266580,11.021135, 9.584828,18.270928, 7.344635
 7.769271, 7.364211, 7.303981, 9.253435,11.566686, 7.112768, 8.128183,17.432763,11.115415, 7.381842
 8.498320, 7.215348,13.000729, 8.838672, 8.742949, 5.749077, 6.476537,19.724871,10.336270,12.036146
14.235208, 8.540936, 8.524850, 6.404767,10.803467,13.293894, 4.711016,12.330767,13.445318,12.433825
 7.511712, 9.670244,12.290080,11.508369,10.221598, 8.318037,10.022749,10.139000,11.940342,11.900283
12.076842,11.413535, 6.373275,11.044842,12.502522,10.251103, 9.299067, 6.124889,12.345966,10.871962
 9.382608, 9.625934, 7.015169,11.010684, 7.428517,16.212429, 6.888730, 7.739108,11.226790,10.924139
 9.605039, 8.400262,16.396982,16.030585, 5.553096, 7.112166, 9.709332, 8.180231, 9.570870, 9.600860
12.017313, 8.264985, 8.354458, 6.473936,12.267573,14.858388, 9.280830, 9.472229, 8.719895, 4.354066
10.429143,10.170496, 4.820213, 9.759964,14.708468,10.292827,10.929664, 5.601345, 5.869099, 8.002897
 6.132645, 2.706025, 9.358716, 4.832685,16.345795, 9.920903,13.308417,10.987802, 7.599556,15.846806
 9.001985, 4.027633, 7.552128,11.700892, 5.464016,14.311520,14.752087, 8.557134,12.585966,12.495731
 9.677604, 7.245156, 8.424392,14.528773,10.667492,11.458497,10.198611, 6.131372,14.025269,10.709725
15.612968,11.272417, 8.010843,18.667395,10.341472, 8.868717,11.782354, 8.553637,10.762079, 9.645955
10.579029, 9.315888,11.184670,13.614016, 3.472004, 6.878691,10.211050, 8.898862, 7.933805,13.372283
17.301920,10.563567, 6.316823,15.874072, 9.663808,10.049543,10.544569, 9.593468,10.790904, 8.566295
 9.056668,12.486261, 9.755205,11.540157,17.380218,18.380392,10.405654, 6.879914,10.165027, 5.972064
 8.010164,11.355636, 6.348855, 6.034229,13.793943, 7.856481,12.586607,11.573197,10.476212,11.346353
10.844604, 8.321618, 8.939067,10.749942, 8.687192, 6.751845, 9.862806, 8.213799,15.502893,17.227348
11.922820, 7.696387,15.122115,10.029819,10.380962, 5.480519,14.265400, 9.774095,12.618747, 7.558102
10.677973,11.959470, 6.076311,15.019528, 7.962998,16.303436,11.832965, 6.592256, 9.223434, 6.144254
11.100995,11.590021,12.000168, 7.422049,13.256054, 7.923798, 9.641494, 7.277486, 7.793464, 6.112554
 3.888016,11.373400,11.879509, 7.015270,14.835924,13.473723, 9.667817, 9.314398, 7.954465, 7.788889
 8.774809, 8.874128, 6.926248,13.928036, 8.871449, 9.000375, 7.978573, 7.294399, 9.084754,12.023968
15.758607, 6.406061, 7.030475, 9.585640, 9.279291,14.688265,15.023952, 6.932934, 8.087763,11.772977
 7.439518, 5.739916, 7.645814,12.761198, 7.542948,12.342471, 9.826460, 9.602113, 8.071721,10.591544
 3.601613,13.879187, 5.611913, 9.136800, 7.198660, 9.420367, 5.365203,14.245027,11.341002, 9.974323
15.420926, 4.935032,15.543866, 6.639164,16.103747, 7.642426,11.999155,15.195078, 9.552326,10.351504
 3.980981,12.373886, 7.998828,18.222630, 5.648050,12.506635,13.261855,11.182284, 6.954953, 8.163808
15.888230,10.442777,12.215005,12.529943, 7.672454, 8.073181, 9.004367, 8.542066, 9.255374,11.425960
11.607727,11.256439,10.688202,13.329222,11.704623,10.423671, 8.143446,10.789636, 4.509317,13.488114
12.303475, 5.384552, 7.583943, 8.090312, 9.387903,11.923746, 8.286910,15.471137, 7.005637,11.301992
12.262044, 8.794009,11.017068, 6.797133, 8.536096,14.425522, 9.051926, 9.350332, 9.787375,14.924490
10.900620, 8.788364, 8.270710, 9.051769,10.248989,12.884756,15.167213,11.113897, 6.971063,10.898907
 8.033787,11.649478,13.647695,11.411184,19.275240, 9.522116, 6.291285, 7.800535,13.278914,12.798910
16.091066, 4.020500, 8.815136, 6.431396, 9.402854, 6.985831, 7.879933,12.738436, 6.133645, 7.951782
12.832497, 6.311573,13.709923, 8.965834,10.243449, 9.089322,10.759296,10.228866,17.069583, 7.442487
15.917179, 7.624236, 5.556560, 7.206709,10.709648,13.521166, 9.966828, 7.488902, 7.282675, 8.821831
13.288987,17.452436,15.983969, 8.550901, 4.988729, 7.430678, 9.763715,15.309698, 9.262567, 8.044809
 8.250868, 6.701839,11.788173,14.141488, 8.273751,14.580537,10.463939,10.878885, 6.160347,10.382980
10.144025, 7.990976,12.633170,16.499212, 8.753843,12.558270,12.024157, 8.453881, 3.574171, 7.464637
14.176547, 9.275118, 9.990853, 6.939291,10.029010, 7.898086, 7.282279,13.706682,10.599302, 9.187272
 8.053184, 8.708142, 9.421729,10.590818, 7.881539, 6.668224, 7.709616,11.556815, 6.705101, 5.878177
 3.889272,12.230060, 6.932150, 7.410453,10.304418,10.338096,13.101905, 6.398555,11.629070, 8.116238
 6.015984, 6.048855, 8.802557,16.359197, 6.563639,13.821504,11.487448,17.378358, 8.862775,10.866393
 7.466667, 9.850144,14.738213,10.927091,16.968961,10.312810, 9.687067, 9.948486, 8.763136,10.729190
 6.488025,13.289235, 9.051566,10.628760, 5.659105,12.581374, 9.711281, 6.309960, 9.880049,10.822043
18.116405, 9.426448, 5.103112, 9.924579,10.162047,10.937509, 6.396173, 5.347060, 5.530011,15.037534
 7.836360,10.174370,11.629022, 5.521666, 8.651967, 6.453988, 8.405704,10.349330, 7.123891,17.258250
11.678545, 8.725490,10.417550, 8.607858,11.287154,10.766960,10.270324,16.576213,10.712735,10.107068
15.111630,13.552232,12.552705, 9.916403, 9.001654,11.395403, 5.933609, 7.917362,14.113426,13.618859
 7.082559, 9.554578,17.257899, 9.953274,17.443623, 9.123158,11.566244,10.003675, 5.531460, 8.319977
14.738829,16.078054,14.178713, 9.047247, 5.382555, 7.425103,12.694253,11.546706, 9.649005,19.603178
14.925933,11.271426,16.531401, 7.113064, 9.727451,11.191847,13.215921, 8.927678, 6.704123, 9.204303
16.394392, 7.528777, 8.792426, 7.695153, 6.397749, 9.882111,12.338206,13.411062, 7.322802,10.863366
 9.947105, 7.237956, 6.934045, 8.391924,12.651836,17.091405, 8.417625,10.692112, 7.702990, 6.183541
 9.576137, 8.687745, 8.355870, 5.457288, 8.049539, 5.902409,13.611088, 7.786823,13.476907,11.343876
13.294480, 9.976421,14.362497, 7.132264,11.522152, 9.072566, 5.021619, 9.243803, 9.718188,10.111630
 5.795434, 8.678604, 7.042220, 9.543824, 9.265068, 4.397615,17.816730,11.441343,12.655223,10.913997
 8.347107,13.487582,10.137654,11.482789,13.895240,11.095152,13.822848,14.734067, 7.960627, 6.857879
 6.575896,10.297054, 8.397051, 9.488495,12.177696,12.235850, 8.497528, 8.650337, 9.663567, 8.861111
11.254898, 6.202287,13.949522, 7.763676,15.620854, 5.840633, 8.594836,11.208262, 8.456158, 9.989186
13.020926, 7.437506, 8.967404, 9.028454, 3.515589, 7.369544, 9.168257, 6.400170, 7.416773, 9.471517
13.788867, 7.888385, 8.388074, 8.716986, 4.987629, 6.739623,11.080302, 6.474975, 4.076703, 6.741507
 6.748107,10.557586, 8.935858, 7.610776, 8.154114, 9.652714,11.004530, 7.087929, 9.178608,12.185240
 3.094157,11.933208,12.769365, 5.322963, 6.102574, 5.441574, 9.081917, 7.221858, 7.766997,10.515444
10.498075,13.578075,13.344406,10.471570, 7.609815, 9.541027,12.261671, 7.676618, 7.610926, 8.524716
 6.951387,14.696322, 9.304331,11.816706, 9.454448,12.415464,12.819482,15.604055, 6.335498, 5.542310
 3.601913,10.078097, 9.673297, 8.564661, 8.566070,14.180860, 6.798499, 7.737748, 7.505071,15.382737
 7.410081, 6.537462, 4.666061,10.104621,17.964656,10.719241, 8.294817, 7.702224,10.483392,15.346498
 6.652431, 6.527112,13.535761,10.209801,12.473225,10.124965, 8.503971,12.400231,13.382972,12.330610
12.796334,15.620257, 8.583673, 7.596175,10.638972,14.339251,15.958808,10.488318, 7.346195, 2.679504
13.908236, 7.484574,10.344620, 7.890783, 9.675167, 8.043935,11.793218,11.157269, 9.933712,11.514682
11.057800, 8.299880, 8.860504,14.072019, 8.156420,10.392210,13.702543, 7.319100,12.024838,10.680636
10.925845,11.958228, 4.829762, 3.356050,14.095381, 4.486448, 8.405592, 7.726479, 9.355932,12.280823
 4.742501,13.342690, 7.728060, 5.875544, 7.403015,12.037075,13.226907, 8.364998, 4.772001, 4.363381
11.488789, 7.407874,10.863845, 8.342245, 9.971144,11.021304,15.185051,13.080794,10.103847,10.300954
13.275896,11.218963,11.242947, 8.225936, 9.575130, 5.296013, 8.110690, 7.124495, 6.540831, 8.780190
16.031568, 6.689474,11.558342,11.810133, 8.548604,10.573502, 8.266101, 6.202045, 5.795810, 6.888143
14.314613,11.742259,17.944805,10.932108, 7.539128, 5.721192, 9.128767, 7.480864, 9.184812, 9.267890
 7.840632, 7.430978, 5.798263,10.191216,13.273160,13.856570,15.345329, 7.715204, 8.939913, 6.435034
11.242683,10.576637,15.911701,12.086575, 8.592955, 6.758953, 8.380598, 7.856439,12.124367,11.610605
12.261507,10.606276, 9.740570, 6.960602,11.791550,13.508650,10.418880, 8.281654, 8.924800,10.091912
 8.399651,14.414809, 6.166070, 9.029933,11.361416,14.641177,12.775845,13.958033, 8.660888,11.213121
13.248172,10.113393, 9.718409, 7.444647,11.142468,17.827064, 3.667049,12.425565, 7.350067,10.146749
 4.929764, 8.055826,10.933511, 7.548739, 6.377023, 2.655617, 9.760335, 8.034415,11.806851, 6.355412
10.417822, 6.956679,12.652264,19.368908, 9.768983, 5.784909,13.785223, 6.489732,12.496760, 9.561231
12.515820, 7.574222,13.250725,11.342012, 5.100498, 8.701659, 9.405761, 6.499219,11.863259, 9.095210
12.935718,10.675779,10.515880, 3.636231, 9.433676, 8.501730, 8.466427, 9.071011, 8.640313, 6.021701
 6.038697, 5.568047, 9.415809, 6.984278,10.327242, 8.832816,12.108965, 9.346499,17.614813,12.964538
14.433815, 9.943665,10.963766, 9.563200,10.044456,10.309323, 9.531503, 7.113593, 7.305140,14.793959
 6.764991,18.303656, 9.875044,13.778609, 9.706323, 6.704950,14.005835, 8.398717, 6.712171, 7.707688
14.367546,14.347323, 6.899338, 8.735274, 7.232388, 6.204945,10.890124,14.942189, 5.749309, 9.308894
 9.937708, 8.720406, 8.259896,14.585311, 6.784849,11.977233,10.339343, 9.929271,15.475890, 7.838009
 8.599151,10.697610,10.469567,11.075651, 8.722232,12.170233, 9.244953, 9.366855, 8.747108,15.204688
15.967151,16.138440, 8.453207, 7.310185, 7.739627,11.669779, 9.511126, 4.725827, 7.974826, 6.091042
 6.596503,12.132393,14.081387, 7.813201, 7.037917, 9.380660,12.495113, 6.919360,11.084224,10.977280
16.914135,11.623582, 5.622356, 5.384504,10.068583, 6.066476,11.357784,10.083122, 7.705013,13.380873
10.738636, 6.749433, 8.829302, 9.479398,15.715910,10.167459,11.258232,11.258579,11.706049, 7.015556
10.335780, 7.798427,19.348387,11.430991, 6.098034, 8.775591, 9.175810, 6.347463, 6.693274, 7.598557
 4.467048,14.221454,10.578836,10.633118, 8.717405,11.279653, 6.474121, 7.437189, 9.471271,12.350643
 8.257073, 6.817457, 7.999201,11.313069,12.248610, 9.383477, 7.987001, 9.675955,12.508324, 7.603526
14.292482, 6.016522, 9.855289, 7.178630, 7.384595,11.544431,11.724960, 6.321187, 7.253685, 8.708994
 6.774778, 8.936973, 7.062253, 8.599081, 6.601473,10.889944,10.165440,14.608340,12.408034,13.092368
13.719962,10.986435, 6.825784,11.134844,16.187161,10.093851,15.989898,11.029432, 5.293628, 8.651862
10.028890,11.597069, 8.270730, 6.822216, 7.898904, 6.840936,12.111385,10.221511, 7.088193, 8.939355
 5.803315,15.973666, 9.245891, 6.497854,10.969167, 5.322800, 8.326827, 3.516069,13.732558, 9.887568
15.794207, 7.518530,12.335269, 9.785971, 8.473756,13.496679, 7.234591,10.795303, 7.455103, 8.286265
13.727669, 8.181854,15.752071, 8.611750,13.413558,11.447548, 9.084423,19.778427,11.404168, 9.600337
 5.163355,14.276398,11.251568, 9.728496, 3.369211,10.460751, 5.104446,16.798194, 9.789623,15.374561
10.620934,10.382122, 9.475890,18.411893, 9.091545,11.817767, 7.789242, 7.767216, 9.779987,13.170672
 9.990657,15.067417,10.526968, 5.939005,15.627907, 9.190013, 9.741631, 9.566252, 9.710854, 7.910902
 5.806927,11.049539,10.579083,14.439062,10.313634, 8.789108,13.135552, 9.609400, 7.536486, 8.197367
 7.936205, 6.540797,10.004366, 7.445127,12.325899,17.057400,11.157780,11.097869, 9.317614,19.205548
14.976184,16.361371,11.993692, 9.332900,13.705952,12.089093, 4.205450,18.926656, 7.744966, 8.419709
 5.687339, 9.902749,11.127015,15.489368,10.609559, 4.479078,10.354303,15.950032,11.090835,13.463791
11.782734,10.534617, 5.500094, 9.929195, 7.424181,11.672578, 9.258010, 8.001927, 7.153269, 9.188777
 6.287851,13.055615,12.332211,16.819630, 8.279002,14.892028, 6.992029, 9.117067,15.963414, 8.265198
 8.002812,10.826186, 5.497914, 8.157911,10.204143,11.639787, 7.630535, 9.892468, 6.397465, 7.240019
12.602260, 8.882927, 7.630577, 6.560881,13.900091,18.497047,12.460819, 9.645149,14.218108,14.957180
 8.715051,11.254183,10.811544, 7.262483,11.753416, 7.653847,15.065263, 7.881737, 9.162159,12.252620
12.745011,17.765179, 5.623408, 4.421793,12.535905, 6.395755, 6.407359,12.021816, 6.537788, 8.895459
11.070955, 7.604462, 9.441961,12.052860,12.858625, 4.682752,16.791831,13.213437, 9.439102, 9.386901
15.359058,10.089171,12.552119,11.977163,12.787647,12.401950, 5.155883,17.099890, 8.453883,10.414292
 9.724936, 8.469220, 8.978604,12.979803, 9.002784, 9.713007, 8.697700, 8.071903, 9.366763, 7.374849
11.936993,12.675882,11.056154, 9.533430, 7.946598,15.269551, 6.545039,10.588875, 5.721976, 9.724360
 6.397975,10.698171, 5.077373, 8.603492, 4.656196, 7.159841,18.201612,11.998800, 9.382624, 6.641591
18.674247,17.347643, 9.580641,10.660084, 9.728001, 6.103864,13.699520,14.015808, 7.064627, 7.228611
 5.149180, 5.438616,15.080864,14.586796,15.256144, 8.752506, 7.804093, 7.027065, 7.418428, 5.462494
11.058574, 5.682995, 7.299965,10.153103, 4.098026,10.278730, 8.307511,19.608162,11.843488,13.752022
11.904634, 8.512595, 9.621175,12.909671, 7.717589, 3.303252, 8.906866, 9.658325, 7.335973, 8.829930
13.945760, 8.484738,17.704068, 7.966419, 9.436143, 7.700192, 7.361707,17.381141, 9.569043, 6.811165
 9.936045, 7.603036, 6.957065,12.970293, 9.471300, 9.734641, 7.591498, 7.549262,10.514336, 6.527836
 9.073921,13.565060,10.525645,15.870376,13.551889, 5.431061, 5.277342,10.447218,11.035750,10.238086
 7.624454, 7.004005,10.435011, 8.773087, 6.460955, 9.284740,12.193843, 8.937325, 9.370185,10.466243
 8.533088, 9.748575, 8.296249,12.409466, 9.182990,10.145861,15.586343, 6.430745, 7.709777,12.227190
 6.046624,15.102148, 5.413085, 9.368122,11.487299,12.903952, 8.438342, 9.573537,10.388624,10.822863
 6.409266, 9.589248, 6.817644,14.301020,10.796475,10.225148, 6.937322,14.932323,13.479149,16.051598
 9.662408,12.311587, 5.220983,13.470730,11.598263,10.883173, 9.060596,12.936693,11.395700, 8.350827
 6.929737, 7.792405,15.550318,11.716708, 9.409876,13.192282,11.957025,15.244716,10.993139, 8.935568
13.425776,10.999521, 5.459730, 9.877434,11.308184,15.426519, 9.050907,11.435682,13.751247, 8.976475
13.184163,10.985303,12.816216,12.754614,11.896841, 7.923542, 9.884314, 7.915117, 8.480776, 6.118527
11.193959,16.118469, 7.074550, 7.562305, 9.710948,12.767683,15.346183, 8.550412,12.520080, 7.631475
 6.767735,10.387112,15.921381,11.182388, 5.961882, 6.993922,16.366328, 8.488932,11.247220, 3.205505
11.053932, 4.929884,12.746975, 8.319724, 7.504811,11.835969,14.071836, 5.781079,11.266961,12.735607
 7.087904, 8.754411, 8.056909, 9.826514,11.932120, 7.638199, 8.704101,12.752968,12.589273,14.721972
11.917845,13.452483,15.107645,13.601039,15.297953, 7.105207, 8.964647,11.252737, 6.556414,10.956491
16.320128, 9.586085, 7.049440,10.049315,10.367066,10.177878,11.506365,10.477051, 8.205984, 9.591542
 7.569172,13.728165, 8.934272,17.708443,10.083978, 5.252325,11.350380, 6.107205,13.877193, 7.550325
 8.164772,11.751473, 8.588769, 7.637701, 8.507882, 7.810007,10.019626,12.723090,15.157788,14.328822
14.944838,14.480069,14.083709,13.131441, 5.571324,16.347976,10.302001,13.079817,11.142469,13.570858
15.242335,14.257027, 8.494415, 9.719759, 8.987883,10.057280, 8.003098,18.443310, 6.116961, 7.388557
 5.666301, 6.344105, 7.190226,10.079237, 7.119570,12.580659,11.635063,14.500899,10.759977,14.339295
12.520107,10.764246,15.539340,11.992144, 9.344404, 9.550030, 7.620495, 7.318792, 9.298361,12.653128
 8.986877,15.463281, 4.815836, 4.901107, 8.491433, 9.855843, 5.156494, 5.897619,13.935408,10.157899
12.010722,12.353851, 7.457156,14.493949, 9.612849, 9.973591, 9.764243,17.772633, 7.621825, 6.138213
 9.607181,11.098256,14.731243, 9.105633,12.012612,17.672743,14.051812, 8.975072,12.322689, 5.455451
10.813292,10.582437, 7.508013, 9.772160, 7.051400, 3.936000, 8.885521, 9.298295, 8.300654, 9.235365
10.480769, 7.441875, 9.837415, 7.874372,14.605428,10.567709, 8.768263,17.314326,12.230117, 7.556250
10.025195, 7.377963,12.835044, 9.636603, 8.061793,17.735714,15.868557, 8.459413, 4.254144, 6.034330
 9.888528,10.131159,12.573476,11.966849,12.861862, 9.366730,12.725670, 8.156505,16.394499,10.009383
11.586000, 5.847796, 6.852357, 8.003923,16.894160, 9.124425,12.510319, 7.561228, 7.698752,12.285717
 8.769965, 9.874549,10.799217,12.429933, 5.968132,15.747844,12.386280,10.001820,14.429668,11.803558
17.264050, 5.161012,18.765929, 7.276391, 9.118604,10.727553, 6.290293,12.145576,15.109587, 7.738840
 6.980876, 4.566971, 9.229735,11.420893, 9.673794,15.444918,12.449419,14.319221,10.569015,10.374874
15.771615,14.836772,13.846138,12.873667, 5.710611, 9.870742,18.398689,16.464781,17.998062,11.751501
13.256365, 8.801119,13.541359, 9.328877, 8.081283,12.263675, 6.424257, 8.403668, 5.144465,12.372711
14.287929, 6.452785,11.767755,12.211378,11.658565,11.648189, 6.022289, 5.311789, 8.120660,10.130274
17.013740, 7.740817, 7.023449, 6.047936,10.879363, 6.497676,11.174697,10.052206, 8.484721, 8.345778
15.029243,13.830702, 6.633300, 8.836010,15.455947, 9.569963, 9.100269, 9.878175,12.820394, 9.972610
13.565827,11.457496,10.381935,10.318367,11.445321,12.461627, 6.160527,11.436375,10.981741,12.525758
13.879445, 9.192462, 7.783774, 9.406454,12.564887,14.178968, 7.094838, 9.168362, 9.098982,15.345193
 4.860059, 7.802035,13.842938,14.866185, 6.713674, 8.843479,14.495118, 6.486786,12.379255, 7.242471
 6.114650, 5.566600, 6.306113,11.462610, 8.884390,14.776772,10.946737, 6.761115,15.411887, 9.807324
11.062312, 9.073389,11.743866, 8.549915, 8.881425,10.861722, 9.456118, 6.186950,11.870695, 5.627269
 9.511605, 6.098017,11.761858, 5.203717, 4.372253,10.895126,12.196248, 9.436292, 8.264825, 5.357360
10.454368,10.451486,11.856268,12.521946, 9.480006,10.144175,11.410156, 6.816843,12.492349,15.511315
13.162116,10.213569, 7.405820,14.424427,13.173471,17.045206,10.370629,12.673348,11.925794,13.612340
 7.029489,13.355149, 7.983237, 8.590783,11.094286, 9.377064, 9.645383,13.234594, 9.357909,12.231788
13.422859, 8.700719, 8.728176,14.339785, 8.809576, 6.493521, 5.369032, 6.006706,11.628016,10.582655
13.323185, 4.977640, 7.501054,10.001030, 5.826347, 9.873306,10.441629, 9.768541, 8.505500, 4.137029
 8.649403,10.412124,14.006830,16.533653, 9.297522, 5.923752,14.915849,15.966430,11.845324,11.990318
 5.432605, 6.828513, 9.449946,11.910573, 6.625332,12.004325,10.875777, 9.015644,13.710633, 9.585756
 9.726285, 9.317967, 7.290018,16.662373,12.715493,14.105750, 7.640793, 5.048429,12.364013, 8.075201
13.735550,10.985678, 7.165865,11.433288, 7.764145,12.023067, 9.292301,13.182723,13.997216,10.986881
 7.871847, 7.734254, 6.343285,12.807228, 8.594737, 9.281580,10.369345,11.493576,14.153563, 8.878446
 7.086258, 3.699758,10.944246, 6.844205, 7.306037, 6.612996, 4.457671,12.925385, 9.888214, 9.040604
 6.321720, 6.440448, 9.712925, 9.740922,13.051072, 8.427607,13.270590, 9.122295, 7.292395,11.916633
13.938082, 7.626685, 9.023382,14.220250, 8.461427, 8.376220, 6.076971, 6.906378, 4.636661,13.755992
17.267310,11.580179, 7.729969, 9.444413, 8.516003,14.793960, 7.802690, 5.987773,14.899601, 6.814272
 7.408504, 9.408224, 8.199836, 4.561220, 8.679058, 5.548045,13.368503, 9.816191,10.665384, 8.212871
 7.687540, 6.770055,12.276044,12.520225,14.832148,12.582460, 7.239507, 6.756413, 7.242308, 5.695478
 5.574580, 9.692590, 5.702322,10.408002,14.125898,11.790215,10.076224,10.685445,10.899092, 9.286124
10.512706,10.610947,10.562368,11.845631, 7.934702, 8.987800, 8.763818,11.238823,12.332506,12.287018
 7.433134, 5.004560,12.333758,11.763521, 9.615627, 6.890259, 8.219398,10.070491,10.840145,10.424181
11.618264,11.045301,10.308444, 8.729590, 7.651908, 8.522922,13.050080,14.421677,15.710645,12.700237
 9.246710,11.391472,11.673187, 8.378091, 9.792555, 8.116909, 6.563633, 5.271057, 6.626197,17.028508
 3.140851, 4.825302,10.712479, 8.376178,13.039969,13.798483, 9.401389,13.363978, 9.747063, 9.872514
 6.722261,10.923166, 9.596804,15.543479, 7.933876, 8.328718, 6.728156, 4.993033, 6.960289, 9.964515
12.430016,10.121638,11.902106,10.874291,10.643277, 8.008778,11.662010, 7.611344, 8.174565, 7.450482
12.007529,11.726240,10.124228,14.933106, 6.461708, 7.156862, 7.902335,10.594266, 9.799565,10.479553
 6.639235,11.543470,11.065161,13.372129, 8.036879, 5.524075,11.833140, 6.923492, 9.842599, 9.039856
 9.405784,15.420130, 7.864350, 5.007584,12.100390, 6.803605, 6.718158, 9.411558,12.126400, 7.896567
 7.784007, 9.172456,10.431044, 9.902513,12.036101,12.673132,11.312744,12.380288, 7.836195, 6.000792
14.170390,11.640188, 8.682217, 6.627426, 5.461818, 9.553229,13.362691,10.784371,13.618946,10.833809
13.196752, 7.853760, 7.043990,10.285893, 9.778012,10.761346, 7.543608, 6.898812,15.177687,12.719304
13.193549,11.074458, 7.184971,10.595733, 9.531740,11.313339,11.807529, 4.447574, 9.200588,10.226105
14.926851,11.571085, 8.398194, 6.477874, 9.759224,13.166713, 8.759473,10.010412,11.303268, 7.627248
17.946235, 7.388257, 5.952539, 7.018492,10.851535, 8.653060, 8.911022, 8.256991, 9.265167, 8.589990
 8.779795,10.413701, 9.354299,11.163807,10.986430, 6.415638,11.241095, 6.634387, 6.131101, 7.380558
 6.917189, 7.703410, 2.714124, 7.327049, 9.963220,11.711540, 4.830896, 9.061963,12.644420, 9.180617
 9.764206,10.209996, 7.686474, 6.073557, 6.580816, 8.752340, 7.275950, 9.555974,11.899512, 6.755022
 6.686949, 8.892461, 8.921748,12.583458, 6.393245, 6.047193, 9.193291, 7.768444,10.901250, 8.888390
12.840556, 5.858139,13.040294,12.416236, 8.633130, 6.538975, 5.262146, 9.453347,14.182964, 8.373796
 9.699705, 7.040233,14.985897,10.589705,13.237186,13.002692, 6.629634, 5.564058, 7.067104, 7.824765
