 6.3992474, 4.6541478, 5.7618289, 6.0876646, 4.8974327, 4.4668483, 7.5583894, 9.1172587, 5.6977744, 4.5136159
 5.4334700, 6.9160575, 9.1272063, 7.6867319, 6.1008133, 2.7684287, 5.4638685,11.0296707, 9.8231701, 6.3308849
12.1184875, 7.4293170, 9.6979947, 4.9943948, 6.9467392, 6.2454243, 8.8938364, 7.9644032, 9.5528257, 6.1731222
 7.9000868, 7.9844556, 9.0205926, 6.0859588, 5.8778723, 7.3085414, 7.1210787, 6.7768366, 8.5431800, 3.4046846
 6.8553302, 6.0575616, 7.3148425,10.2633475, 4.6342455, 6.5455572, 9.8748089, 7.4430093, 6.7099897, 7.1563028
 4.5559100,10.0104623, 6.1062149, 6.3116089, 8.4838477, 1.6130550, 2.7911280, 6.6824157, 5.7376265, 9.7389558
 7.6643360, 9.5188558, 7.4543591, 9.1066548, 9.4644809, 6.8044805,10.0780554, 8.5565124,10.5471170, 7.9493177
 4.0398638,10.7776897, 6.4442833, 4.5376533, 9.9118165, 9.2297656, 9.4861134, 8.3418392, 5.9558145,11.5732289
 9.4459857, 4.3073355,10.4626521, 4.1387095, 5.8976701,11.2568902, 7.0300731,10.8525138, 6.4836509, 4.6611424
10.0414605, 4.2106706,10.9803320, 8.7665532,10.8571646, 6.4980033, 7.4833054, 6.6318603, 5.1308341, 7.9713301
 9.8206775, 7.7087235, 3.1263085, 6.7671290, 5.0225906, 6.9919144, 8.4611598, 6.2750076, 2.8503731, 9.2621110
 5.2986367, 6.4674436,16.0344115, 6.1947045, 7.8451290, 6.0792660, 7.1750786, 5.2215775, 2.7217997, 8.1145444
 2.5755014, 6.1455590, 5.9598915, 4.7089802, 8.4906000, 8.6056128, 8.7441402, 7.9901086, 8.6845655, 5.9714392
 6.7447367, 3.3646145, 6.6368638, 5.7262281, 3.3833144, 5.6990874,12.3670021, 8.1931321, 7.5971609,12.9175448
12.1940526, 6.3818433, 4.0939849,12.3058615, 9.7092385, 6.9439702, 6.8123591, 7.0069027,11.5857661,10.3866943
10.6842443, 5.7791946, 3.1935162, 9.4472993,16.1578246, 7.1179513, 5.2442973, 8.7725523, 6.8404270, 7.7724327
 2.8799727, 8.7617446,10.2106785,12.2009232, 6.0944881, 7.8734309, 9.2751392,11.0519893, 7.8904973, 3.9479823
 6.0212426, 5.9707572, 8.1728488, 6.2248177, 7.8602760, 5.6089721,11.6188821, 5.2244511, 5.6225310, 9.9104134
 5.8858867, 3.3840356, 7.0173667, 5.5321377, 3.9652074,10.2219085, 4.2215096,15.0080474, 8.3314298, 6.1626375
 7.5237180, 6.1522037, 5.4737834, 3.8147268, 8.6827788,11.7436063, 8.1331077, 9.1143332,10.5035888, 7.0638020
 3.5766465,13.8167591,12.1576264, 6.6226575, 4.8192610, 9.4564552, 4.1548536, 6.8704999, 8.7655343,14.6273160
 5.9560172, 4.5638149, 8.2517145, 5.6916080, 7.4596947, 8.2507299,10.9209716, 2.8360761, 6.1818444, 7.9672505
 5.7499244, 6.1775883,10.2070120, 6.5244460,12.4159303, 8.3757940, 3.8303205,10.9432458, 7.9299893, 7.0207847
 8.0911219, 4.9577505, 4.6442691,11.3206775, 6.7593500, 7.7616252, 5.5298582, 6.1184765, 7.7447685, 5.2957579
11.2455054, 9.6845338,10.1045992, 5.0207340, 5.3956175, 3.2140336, 8.3598207, 9.5818043, 7.1866963, 6.8145819
 6.3126861, 5.2151204, 9.1465245,12.3687841, 6.5297326, 6.4019603, 9.8980016, 5.5616358, 4.9229248,11.4892777
 5.5290863, 6.9569392, 8.6474877, 7.2589761, 5.7047016, 6.4180633, 7.0932490, 8.5674598, 5.0882607, 9.8853771
 6.0056018, 7.7978456, 9.1259931, 8.3346420, 9.5641562, 8.4984570, 8.0822222, 4.7142163, 4.3655315,12.0458469
 5.4885016, 6.6959312, 8.1320172, 6.4638612, 4.7176041, 6.0233924, 4.5464523, 3.8081354, 4.1540817, 8.2065191
 8.0500374, 5.4645961, 6.2547908, 5.0558366, 5.8772364, 6.7162893, 5.8188053, 6.8008792,10.7675205, 7.0806889
 2.9524865, 8.5992040, 6.2062961, 6.5088498,13.6942750, 5.1894493, 5.0755631,10.7857715, 8.8044340, 6.6970111
 3.2582244, 4.9940227,12.1329278, 8.9322977, 5.3068368, 8.3496879, 2.5854873,10.4892825, 5.5815394, 4.0455776
12.8227369, 9.0496831, 3.4780974, 7.6964708, 7.6503875, 9.2424165, 8.6679725, 9.9705214, 4.5840545, 4.8108780
 5.9147709, 9.8955732, 9.1867108, 5.3870463, 8.6171300, 6.4495434, 7.7831778, 7.9559063,10.2380367, 7.7904113
 5.0680943, 8.1915237,10.3221082, 4.0010646, 9.0415380, 2.4174869, 7.0789173, 6.1925030,10.8856108, 7.8201927
 8.5927014,12.4134343, 5.6514446, 4.2953216, 7.3402024, 4.5096260, 9.8578243, 4.3628852, 6.7484718, 4.6222753
 4.8501750, 4.8159360,11.1991516, 6.8207214, 5.7981974, 9.2565958, 7.1796679, 4.3443164, 6.6487417, 8.1931305
 6.5162114, 6.3700986, 5.1849262,10.8836957, 8.9574476, 8.2181565, 5.3888553, 5.9106662, 8.6935286,10.6339871
15.8965416, 7.2075684, 7.7416044,12.1802162, 5.4904002,12.0314496,10.0350764, 6.9705598, 8.9763809, 7.7129796
10.4324290, 9.9442411, 4.4570527, 3.2287034, 5.2021099, 6.8690168, 8.7337445, 4.7794730, 4.8877945, 4.1262846
14.5501541, 5.7196167, 6.9731279, 5.2218571, 6.0640830, 4.2788468, 6.6431598, 7.1443408, 4.1262202, 4.4426910
 8.7950563,11.3044760, 7.9586524, 6.0312083, 7.3028827,10.2390187, 6.2303203, 6.7284682,10.2310814,12.9941795
 4.2793732, 2.9733322, 6.2645196, 2.8803029, 7.5554402, 7.0279798,11.8244538, 5.1082979, 6.0268560, 3.6184295
 8.9631264, 5.0854581, 4.8475252, 7.8962174, 5.6443489, 5.5954116, 6.0990477, 5.6446932, 8.3214510, 8.4473653
 5.3138624, 9.7896737, 9.9285199, 4.6017196, 5.6558961, 8.0813469, 6.8918068, 8.1492481, 4.1399084, 2.0126778
 5.6149426, 8.7987144,11.2027523, 4.1674564,12.5541329, 8.9690724, 7.9247936, 6.5381263, 9.9608025, 5.4101720
 4.0358393, 5.7174085, 7.8936259, 4.2916775, 4.6723980,10.3126995, 8.1247453, 3.7809915, 7.6386607, 6.6362783
11.4570517, 3.3212858,14.8321942, 5.9395332,13.8086878, 4.9153939, 6.5781860,14.5360622, 4.4477380,10.6176148
 6.0132891, 8.6883721, 4.3843235, 8.9437198, 4.7949408, 7.7038921, 4.5635112,10.9074415, 5.7646587, 5.9796066
 7.7525841, 6.1678961, 6.2583909, 5.0160940, 4.9642826, 8.9075365,10.0609097, 5.4023806,11.7489540, 8.7722938
 9.4594975, 3.9131990, 4.8205098, 6.6347017, 6.0123452, 6.5516183, 7.5969336, 2.5623892, 5.6825832, 5.4058208
 7.5273688, 5.2204333, 5.9231903, 5.3274154, 3.7924252, 8.4019622,12.6459442,12.1800187, 7.7161964,10.1080605
10.6171267, 4.3387655,14.5400821, 5.2167905, 7.5275386, 4.5980596, 7.1208621, 9.7839186,14.1760033, 9.3522532
 6.7760710, 4.5237349, 3.7868917, 6.2481766, 8.5855673, 6.0211875, 8.7449486, 9.1491970, 6.5343413,10.3060641
 7.0180883,13.1168802, 6.8331229, 6.7912569,12.5925693, 5.0669829, 4.8570962, 5.6326005, 6.7387490,13.0758275
 9.6023252, 9.3193292, 6.5706175,11.8752646, 7.6021265, 6.9141399, 8.8012773, 8.1589872, 3.5373299, 8.6134469
 5.3376271,12.0078238, 6.4847738,10.1179094, 9.0779748, 8.4716576, 4.9648550, 5.5145692, 8.3051322, 7.1214355
 7.6412035, 7.3391870, 5.6510466, 5.8238159, 7.2513438,11.0511415, 6.9846480, 5.5455565, 7.4126399, 3.6640295
 7.1632143,10.2269741, 2.8896989,11.4767189,10.2747941, 6.5145034, 5.3810541, 4.8395211, 3.4587908, 8.1917351
10.4627475, 7.8985561, 6.7236062, 6.2060633,10.0235722, 6.6700727, 8.0263997, 9.0045491, 8.0957323, 6.3126739
 8.1839995, 7.7903414,13.6711913, 6.2877229, 6.0071323, 4.4186731, 7.1808742, 6.2861944,17.0069990, 7.3267340
 3.7571606, 6.9772421, 5.4340465, 5.8159026, 9.6886959, 4.3693667, 2.7062878, 6.5526253, 5.6067085,13.5158493
13.8435372, 6.2702217, 1.8126411, 6.9106038,10.2501723,11.3057817, 9.2055568, 9.1529907, 8.1244108, 8.2253836
 7.9669604, 4.6128598,11.0730408, 4.0331018, 4.6738207, 4.9409352, 4.6064759, 4.6754149, 9.6826758, 7.4523556
10.1815151,10.0953972, 6.6502350, 7.6274156, 5.3793845, 5.9643928, 5.4139132, 5.4875042, 5.0453899,11.0934414
 4.7993339, 2.9627465, 9.1720167, 5.4647709, 2.4262738, 8.7912065, 7.9516508, 9.7196125,10.2622442, 9.6851012
 3.8596008, 8.3486100,13.7605313, 6.1710967,10.6889385, 9.2158387, 4.7680360, 7.0292756, 5.1580168, 6.5830659
 4.8560159, 4.2855856, 9.6855808, 7.2199969, 8.6434860, 7.4201918, 4.9792795, 7.1528173, 9.2525249, 5.8808118
 6.9150990, 9.1519156, 8.5892235, 7.7130155, 5.9103707, 7.5582345, 5.5345432, 5.0617854, 6.9607299,13.6773095
 7.0662333, 7.3174088, 5.7427248, 5.7400870, 8.6856794, 3.7729827,12.0129627, 4.2621426,16.4192974, 5.7095333
 9.6244176,10.0344964, 3.9821621, 8.8459252, 6.1610322, 6.7669988, 9.6039965, 7.7203460, 7.2631729, 6.9816870
 5.3535019,10.1871722, 9.4729087,10.9633065,14.4266770, 7.3793556,11.1222111, 6.2322686, 3.3686505, 8.0180140
 6.1004679, 5.3049724, 7.7406771, 2.7265522, 9.2080093, 6.4444541, 6.8735117,14.4069141, 6.3055922, 7.1752539
 6.7133043, 7.4358789, 8.9039516, 9.9528827, 9.2876827, 9.0140210,11.1501578, 8.4582628, 8.2997400, 4.8591403
 2.5405818,10.4450634, 6.5791451, 5.2430727, 4.7530126, 9.1424626, 8.4153136,10.1963117, 6.1541582, 8.0447853
 3.6503946, 7.5525467, 5.1319506, 7.2115495, 4.6889649,13.6900011, 3.7728108, 4.9907482, 7.3575090, 8.4089373
 5.2832069, 6.2148659, 5.6606615, 6.7175229, 7.6121665, 3.9927834, 9.7915837, 5.5376772, 6.1844901, 6.4623053
14.2481353, 6.1400174, 9.2753352, 7.0711299, 5.9503525,10.1165684, 5.8839635, 6.0688562, 5.2008011, 6.0600546
 9.1713917, 7.7038782, 5.4546751, 5.8516827,11.4138986, 9.2571563, 5.7946631, 4.6634164, 4.4342837,13.1553822
 5.0276786, 5.9930051, 7.4232646,10.9519965, 4.3827114, 7.6932727, 9.7555268, 3.9648197,13.3709597,13.0085410
 5.6282600, 8.7758416, 5.6242752, 6.4021648, 5.5562227, 3.9509232, 4.1981942,12.6741473, 5.8251555, 6.4257193
 7.2130004, 8.9890046, 3.6930191, 5.0070563,13.0115782, 8.2329060,12.2787109, 8.1920132, 3.8926475, 3.3418299
 6.2545646, 6.7457267, 8.0420363, 6.9056399, 6.5279318, 6.4990088, 8.7582900, 7.8298700, 8.8428695, 9.6789844
 7.4653639,12.0237307, 4.7778395, 9.1428078, 7.1716289, 8.3345816, 6.9389840, 4.7943224, 6.0489924,11.3482232
 8.7133164, 7.6679387, 8.1369026, 4.7902894, 5.7843666, 4.7318768, 4.2648914, 8.8829830, 9.4311969, 4.7713347
10.2549078, 6.2957863, 3.2752498,14.2435298, 5.5321837, 8.4851203,11.1793885, 6.9509603, 7.4830254, 6.4506085
 6.7921017, 6.0004071,10.1675889,10.3327510, 7.4459439,13.3502795, 8.4243515, 5.5590880, 4.5479808, 7.8445848
 5.4384400, 6.8921263, 7.0045620, 3.3427546, 5.7015409, 5.5343577,10.1210633, 7.8187632,13.5843261, 7.2902061
 9.5786821, 9.4634335, 5.5302208, 7.2758994, 5.5133490, 9.7289313, 5.6921647, 5.5190733,10.5213538, 8.7053724
 3.9618610, 4.8736325,12.3794435, 4.2646156, 8.7183500, 4.9622537, 6.0679106, 5.0148608, 8.5769290, 8.0982673
 9.1212231,10.7579330, 7.1024744, 6.6401511,15.1518062, 9.0626148,13.3575049, 6.6270779, 6.1980833, 8.4708825
 5.1079671,10.7179682, 8.3433959, 5.4560392, 4.2269317, 3.9557077, 9.7257647, 5.2372755, 6.8983748, 7.8500543
 5.2167294, 6.7101432, 5.2631049, 5.2602880, 6.3894229, 8.7761150, 8.5875485, 8.2544397, 3.9124183, 9.8251242
 5.8979965, 7.7398304, 9.1546737, 5.8492172, 5.2884769, 6.3975892, 5.8414762, 6.1801811, 7.9597535, 3.0040463
12.1586345, 9.3753916, 6.0802155, 8.7504577, 7.7455259, 4.9421143, 6.9787616,13.3425352,11.9430467, 9.1331414
 6.4467045, 9.3214738, 5.8831586, 6.2899780, 4.5237242, 8.4331015,12.9509678, 5.6338411, 5.4725451, 5.7570114
 5.9896956, 4.3134464, 4.1759348, 7.6168596, 8.2214183, 7.7426658, 8.0103065,10.5639103, 5.3064230, 5.3948042
 5.9300764, 9.3126742, 5.0521502,16.5931408, 8.1814865, 5.3505075, 3.4497292, 5.9943109, 8.3529358, 7.1872660
 7.1715050, 7.3962017, 6.1510907, 5.8037204, 7.7266318, 7.2417229, 6.0073900, 7.0233627, 5.9854515, 5.0133419
 7.4816255, 3.7473978, 5.3798476,11.5028393, 6.0015082, 7.9362440, 8.3377399, 6.0816152, 7.5810838, 5.0721476
13.1656729, 8.1125876, 5.8304722, 3.2683211,11.1183890, 7.6504850,12.1475719,13.8704010, 9.6448231, 6.0678268
 5.8490343, 7.1391138, 8.6777171, 6.4666534,10.5554443, 9.8293074, 6.8889994, 8.9518668, 8.6294825, 8.0261412
11.8904788,10.3608009, 9.5042824, 6.7490596, 4.8832040, 5.1998273, 4.2411758, 6.2906167, 6.7338324, 7.2227113
 4.4773181, 9.3362480, 5.3892186, 5.3752628, 9.6118283, 7.0095635, 6.5456107,10.4692393, 5.3001255, 8.8213040
 5.1820008, 5.5163525,11.3088578, 6.8389848, 7.7955368,10.9429143, 7.8332517,10.5234211, 7.3350382, 8.0936839
 5.1538940, 5.1586908, 6.2544794,11.1073362, 9.8105783,10.7383675, 6.4673698, 6.5595466, 8.9012824, 6.9566099
 7.7884121, 7.6511375, 2.2192111, 2.5292912, 5.7098408, 6.3206520, 5.4156334, 4.1352199, 8.3365156, 7.7633971
 8.7418018, 5.6818817, 9.8942270, 7.1432765, 8.1279813,10.4524126, 7.2301460, 7.2861225, 8.3736481,10.4473729
 5.6101066, 4.6323148,10.4337376, 8.8282420, 3.4330436, 6.6476935, 5.0146238,10.5287752, 5.5510352,11.7581689
 8.9927441, 6.3598854, 8.4613343, 8.0119761, 6.6870295, 5.7189797, 5.5905102, 2.5746764, 4.3008234,10.0970647
 5.0151092,11.9029231, 5.0183802, 4.9554482,10.4235104, 6.2629069, 8.5215604, 8.9487746, 7.6532140, 9.6812683
 8.1704937, 4.6008749, 4.7623557,13.5522319, 5.7418387, 6.4573403, 6.4120947, 5.3199235, 4.9535253, 6.3110949
 5.9653410,10.0098076, 7.5115692, 7.6525749, 5.7673076, 7.4870784, 2.8495086, 7.9587206, 4.5460222,10.2367493
 5.9620640, 7.9244969, 9.3523131, 8.7802984, 9.3520866, 7.8837984, 5.6524918, 6.0960439, 9.4530859, 9.7235980
 4.8483747,12.6928104, 7.6448406, 7.8917133, 5.7901416, 7.9995813, 7.9280714, 4.0149082, 7.7685510,15.8997651
 5.3922798,10.2452698, 6.2134976, 4.2132106, 7.0405192, 9.0031324, 7.4333942, 7.8612151, 8.4248507,13.6199017
13.1613490, 6.3215759, 4.4760943, 3.6579602, 6.9018844, 5.8128037,11.1266015,11.5448921, 6.4825398,10.2635852
 6.6032796, 9.3130619,12.9340492,11.7904211, 9.1684488, 9.1462124, 6.0568562, 6.2455329, 7.9708512, 9.9578485
 8.2778458, 9.2441143, 7.8952935, 5.2681068, 3.8188560, 8.5386296, 7.0682110, 7.3568031, 6.9067123, 9.7285891
 4.0617940, 9.8445386, 3.3143445, 9.7199571, 7.8363077,10.8812168, 8.2441033, 5.7892894, 7.3608709, 7.2164115
 5.0358326,10.2450715, 3.8012933, 9.1631606, 7.7228959, 6.1518839, 4.9507960, 5.4879412, 9.7198847, 2.2542565
 7.6652321, 7.2277792, 8.3486506, 5.5956448, 7.3286587, 5.7495091, 7.9375492, 4.4936605, 7.1090161, 6.9629822
 7.2565268, 9.4793900, 7.7179902, 7.4449096,11.2275066, 5.8121885,10.2056626, 5.2093294, 8.3975632, 6.3285123
 8.3864081,12.7380596,11.2894929, 9.1976381, 7.8776788, 8.4175755, 6.9611214, 9.8524433, 4.2129008, 5.5244322
 7.6552596, 9.0146739, 7.0501753,12.9876567, 7.3970061, 4.3046188,10.7101278,13.4938133, 7.2730093, 5.0054184
 7.7143894, 2.7613380,11.9523281, 4.3447906, 8.7947863, 6.3300134,10.8443538, 7.0888969, 5.6021007, 9.6057016
 4.3928990, 6.3095189, 3.6139110,15.0027046, 8.4771569, 3.2968593, 4.2916323, 7.7149361, 7.2464047, 5.0046333
 5.3377094,10.1249221,10.9947991, 6.6218483, 8.2754742, 5.4190353, 4.5330541, 8.0010201, 9.1173785, 6.2154543
 9.0821524, 9.4922684, 6.9108302,10.0116270, 8.1859900, 5.1373861,10.0220332, 7.4437644, 9.5087152, 9.7831210
 9.2909933, 3.0767012, 5.5376281, 6.9514606, 3.6816823, 6.2283306, 5.2296952, 9.1631214,12.2740904,10.3052793
 3.8613851, 5.5760557, 7.3669985, 6.3485084, 9.6360632, 5.8585328, 5.5075094,12.2080881, 9.2722549, 9.3434996
 9.4999248, 5.4245171, 7.5765364, 3.6126061, 5.6268064, 5.1939303, 3.3205660, 8.6563246, 8.0861723, 6.8340467
 6.5475358, 9.2392840,11.0564686,13.0526375, 3.9387587, 5.1722477, 7.7702653, 6.2845624, 6.3528836, 5.7675256
 6.7716194, 3.5024583, 4.7902095, 6.7018698, 7.6816251,11.5676179, 5.9227251, 5.3784405, 8.1340791, 6.5063256
 5.7573508, 5.9507742, 9.7106919, 7.6973256, 7.9138260, 6.9542841, 5.7128158, 7.1537674, 5.2591152,12.4171912
 5.7809848,10.4735083,11.3044282,13.9528004, 7.6012888, 4.8712118,14.7229959, 7.2460735,10.1207266, 5.2188851
 6.6656718, 7.6025888, 8.8609518, 3.9841863,11.4080133, 4.0217377,11.3912293, 8.9948176,12.8228769, 7.0521267
10.4320376,11.0673603, 5.8599413, 9.7842020, 4.8650808,10.9533826,10.5348780, 6.5726335, 5.8712159,11.2412949
 6.1946140, 5.4312601, 7.6477125, 5.9818652, 5.4981753,18.8715210, 5.5738915, 6.4382982, 7.3128276, 6.7635606
 5.7043553,10.1281654, 9.4693632, 6.5506042, 9.4774334,10.0595071, 7.3784746, 6.4247363, 3.8719989, 3.0476106
 4.9850781, 6.5959188, 5.2440100, 7.1131222, 5.8910206, 8.5485863, 5.6166451, 4.0072732, 6.9109292, 4.8920097
 6.5880838, 3.7624609, 7.7148403, 3.5978580, 5.9499936,10.5462631, 8.7825113, 8.2062559, 4.6074222, 8.3081959
 6.9277323,10.5657955,11.6389864, 8.2339399, 3.6052878, 4.3041449, 9.7475278, 6.4934240,10.3458394, 7.3961525
12.6474156, 9.8378939, 4.7646164, 2.2944612, 4.7482638, 8.3677157, 8.8383251, 9.0911800, 5.6487403, 5.2441780
 6.7676954,10.4916267,10.0349760, 6.8645710,10.0778455, 7.6167937, 5.0039150, 7.2074662, 5.6614664,11.0228502
 4.6939549,12.2485048,12.7176558, 8.8553544, 6.9037606,13.3449571, 7.8120386, 8.2249282, 3.6830602, 5.3877859
 5.6918741, 6.1820507,10.7743077, 8.5505413, 4.7091695, 9.9771527,13.3234709,12.8077559,12.3561422, 7.4338328
 7.3687155, 7.9152705, 5.2347210, 3.3076102, 6.1279477, 8.1451029, 9.3100100, 7.8653116, 5.4802944, 8.2818468
 6.6408975, 5.7685109, 8.5968869, 8.2072347,10.6977013, 8.7867228, 6.1291204, 6.2868552,12.8464000,11.5826293
 7.8791635, 7.5966893, 8.0468707, 6.9475888, 7.3114229, 3.3815316,11.5417395, 4.7952626, 2.9509422, 5.1030955
 8.5511016, 6.3334051, 8.6720713, 7.0410977, 4.1960616, 4.1108531,10.0273018, 4.6612002, 9.2405092, 6.4919353
 7.1082859, 6.1134970, 7.8292225,10.6877265, 4.5551560, 9.4071078, 8.4737632, 3.5948494, 5.7971579, 6.1718574
 5.4186840,10.3580808, 2.9822753, 7.9801174, 6.2723259, 3.8775046, 6.9733466, 5.0743991, 5.4398594, 8.7488564
 7.4980805,10.6578462, 6.6973871, 5.2027704, 4.3786951,13.6342912, 5.7184755,12.5989028, 8.8056509, 4.0107068
 7.4162504, 8.4338496, 4.8020801,11.5224484, 6.6134216,10.3815593, 4.6301819, 6.2292251, 3.7418545, 7.6761003
10.7325099, 2.9433383, 5.5342661, 5.4490424,11.4872489, 8.4998143, 6.0874448, 8.4433894, 9.9293383, 5.6651191
 4.0261966,11.6423167,13.3662299, 9.1061926,12.5302486, 3.4246164, 4.4812773, 4.4984423, 9.0919349, 6.1454333
 9.9229622, 3.3888610, 8.3309107,13.4275418, 3.7949184, 7.9296720, 5.4055203, 6.5952583, 9.4951460, 7.0767952
 7.9913301,10.4873891, 9.7694921, 8.8368616, 5.6001736, 4.2917197, 6.1501325, 6.3480655,13.1909990, 8.8105246
14.9347190, 6.4699085,10.7832992, 7.8115980, 4.5641848, 7.3929668, 6.4490409,14.8506820, 9.3598690,13.7077011
 5.9501655,10.6876671, 6.3092243, 6.2701222, 8.5677385, 7.0948631, 5.0140211, 6.4108811, 6.5142804, 5.7093952
 6.1012732, 5.1137542,12.3509664, 5.1106976, 4.2610612,13.1653410,14.4229721, 9.8323406, 5.3879190, 5.0346781
12.3785774, 7.6378181,13.3303229,12.4291508, 6.7779046,11.4099764, 9.6424170, 6.9844225, 5.6196945, 4.8245216
 5.5952860, 7.5157904, 3.5814874,13.1446730, 6.9923290, 3.6703979, 6.8467621, 8.4570467, 6.8567772, 5.2044524
15.5357055, 8.7427321,10.9741680, 8.5873641, 9.0871805, 5.9947544, 8.9266333, 4.5411765, 4.0510454, 2.9453839
 9.4802013, 4.2270318, 5.7302308, 7.6376486,18.0137892,10.0148612, 6.1644262, 8.2555416, 7.2616685, 5.9275701
 9.7826178, 3.9312414, 5.5082025, 8.0560450, 5.0020604, 8.4433431, 9.9158792,13.7295247, 4.8596637, 9.3459170
 2.2033109,13.4173576, 6.2972978, 5.0103902, 7.2150128, 6.8424074, 8.2693957, 6.7125029,10.8066938, 7.3806942
13.3927998, 5.5116774, 9.7619886,11.0169518, 9.3755020, 3.1653554,11.0893336, 6.2409946, 4.1481519, 6.7274192
11.1857362, 5.1588519, 9.7588747, 8.3590818, 8.1607731, 3.3070410, 7.2768100, 4.8281514, 9.5418001, 2.9689123
 4.0588103, 7.5141560, 7.4607822, 8.8986825, 6.2552601, 6.0898465, 7.0724809, 6.1967635, 6.0795286, 9.5698021
 8.4060974, 7.3668418, 6.2648790,13.5707346, 3.9995789, 4.7114356, 7.1751255, 8.0266036,11.7844343, 7.8156706
 7.2925090,13.3887396, 8.5278075, 5.9915290, 2.9821811,10.5533956, 4.7708903, 7.8074562, 7.1694668,15.3073275
 6.8338330,10.4955510, 4.7891253, 9.6775589, 7.2735596, 8.3633920, 6.1444067, 8.4715590, 7.6738972,11.1322698
 9.9400349, 8.2529808, 6.5374334, 7.8099876, 5.4108606, 6.5593159, 4.9300415, 7.2298167, 5.2656937, 7.0012156
 5.4316901, 5.5972972, 4.8838826,10.5100829, 6.9133281, 7.8143985, 6.6279801, 4.4576684, 7.4028800, 8.3507860
 4.8606941,11.6121875, 6.0309079, 9.1172410,11.8799008,10.1078099, 8.0059744, 7.3847691, 9.5604061, 4.7805369
 4.7334169,12.1064489, 7.9926521, 9.6262534, 5.4768317, 4.8785112, 5.3215170,11.7095881, 6.1591710, 8.9811839
 5.4005584, 6.6275898, 6.2569638, 6.5340813, 7.4773653, 8.7075136, 4.2485708, 7.9177464, 6.4563931, 7.8535355
14.1422010, 8.5774130, 9.9795178, 6.6533378, 5.3912654,12.3636754, 6.4078647, 5.1372671, 9.4316542, 4.1127228
 6.9285881, 4.8844684,10.0363713, 7.3192332, 2.8933105, 6.0524282, 5.2844060, 6.3456964, 3.9253122, 6.0048277
 3.9006620,11.1000066,12.4465323, 8.8144384, 4.5067094, 6.4492327, 7.5032019, 7.2978012, 3.1973324, 5.2863330
12.1564929, 8.4826161, 6.9628460, 4.4218830, 7.0273832, 5.1073384,14.1971553, 8.5938227, 5.2734933, 6.3597552
 8.0190003, 8.7081634, 2.4431448,10.9916233, 4.6090214, 5.1412075, 9.3799041, 7.4987471, 5.6077468, 5.4412647
 6.8673708, 5.6833266, 8.5918073,15.6669436, 6.9940791, 7.8725331, 6.7692174,11.2975470, 3.7301039, 6.6640732
 6.8845313, 3.3643761,11.3241701, 6.8378944, 7.0220097,11.3184644, 4.0805689, 6.1123191, 8.7331046, 8.6486590
 8.2844176, 5.1698686, 8.9061152, 9.3104902,12.7301643, 6.9936297,11.0238720, 4.5945402, 4.4760873,14.6901154
 6.0932505, 7.9353069, 3.7597163, 6.4623137, 5.8887292, 3.2136211, 4.5134153, 7.0290390, 5.4820965, 8.4924349
 6.3995877, 9.0886710, 8.2909572, 5.2731481, 7.5727297, 6.9828688, 9.2626975, 7.9601903, 3.5285922,11.0104330
 3.9188844, 4.9815000, 6.8111234, 5.1562262, 7.4633288, 6.1901016, 9.3142508,13.7448906, 7.3896220, 3.4056052
 5.7394976, 5.9157674, 7.6487913, 6.7099039, 5.2770701, 4.8090959, 9.6540597, 7.8485447,12.4069060,11.3009079
 8.8184364, 8.0495219, 3.1512838, 8.6639591, 6.8977065, 5.7978816, 4.6037485,10.6210309,10.7830199, 8.0303574
 7.3088380, 5.3786420, 8.7173373, 5.7742405, 6.1736417,10.5962556, 6.4760664, 7.4329409, 4.4532303, 5.4466228
 7.6626140, 8.9125566, 5.6581534, 5.2853108, 5.0607271, 4.4242951, 9.5969663, 8.7268657,10.7116602, 8.4277313
10.0593358, 6.7417713, 4.7594618, 3.8803608, 6.7785484, 6.0881485, 6.5615506, 4.6223859, 9.6647980, 4.8866233
 7.8855237, 3.1741252, 4.4400676, 7.8260628, 5.7725444, 9.2049978, 7.6756976,11.3726735, 5.2206623,13.4475266
 9.4974963,10.7131966, 7.9499753, 9.6826641, 4.9939377, 5.3627688, 2.5340218,10.2095404, 8.8990820, 8.4020047
11.9080451, 9.0505521, 8.2061638,11.2377556,11.3840163,13.8666168, 7.6766636,10.7635929, 8.9881600, 3.8482841
 4.6521918, 3.6846141, 9.3781673, 3.0494687, 8.7134107, 7.0266160, 5.2549072, 5.9658423, 9.8650802, 2.5240321
 8.8251041, 8.8631251, 4.4256552, 7.8359760, 9.2596494, 8.4764009, 4.5284665, 6.8978580, 7.5336802,10.2509524
 4.8282196, 2.3037415, 4.5968958, 6.2982923, 7.3264389, 8.5933732, 3.9454578, 6.7048371, 6.2136007, 4.9616788
10.4559117, 8.7133160, 6.1647341, 8.4704710, 6.1206293, 4.1212741, 9.6169507, 4.9374047,10.3980027, 6.7266680
 4.7701238,17.0496448,12.1145836, 3.7729373, 7.5375200, 6.3134728, 4.5935974,10.6659041, 4.5930538, 8.3493406
 8.0052287, 4.4063432, 6.4697161,17.6070840,12.8581393, 7.0701228, 7.5305840, 3.8510887, 2.8314464, 4.9385019
 9.1099519, 5.0491897, 8.5313812, 4.9692173, 7.0194111, 4.6493624, 6.5198317, 3.1955344,14.7811456, 7.9521047
 7.5588502, 8.6666222, 7.3451777, 6.9155553, 4.6391903, 8.0022146, 7.2636881,12.7013484, 8.8213032, 6.8864246
 6.1524927,11.4245626,13.5169665,15.4483996,10.9910227, 4.8630540,11.8178042, 7.3948524, 9.5912581, 2.9128285
 4.5541803, 5.9517685, 7.4911322, 7.4643612, 5.0496445, 4.1323681, 7.0359368, 9.6619826, 9.3513943,12.4345255
 6.7600764, 8.3231532, 6.8660390, 5.8723327, 7.2489113, 5.9611013,11.1685214,11.5736487, 9.9650368,10.1350312
11.1966150,10.3640582, 9.4821665, 2.1971927, 6.8916679,13.1805182, 1.8434599, 8.3878815, 5.5684630,10.2651670
 2.5954962, 6.0839117,10.1226793, 9.9136548,14.1777339, 3.7312032, 5.4858731, 7.4979733, 6.6610586,12.1462152
 7.3798624,11.2938003,11.5900524,11.2487776, 3.3583473, 5.2506339, 8.3355481, 3.1643073, 6.1519727, 6.0608896
 3.9559889, 7.3116520, 8.7653153, 6.1287085, 5.7530770, 7.1528285, 4.3750219,15.0789578, 7.5526691, 5.3337436
 5.1511825, 4.1040064, 8.1102008, 3.0763280, 6.3669257, 9.8740260,11.4913401, 4.5166645, 5.0149075, 9.1461031
12.7715357, 8.2028378, 5.7743240, 6.8726844, 3.2627228,11.2485517, 7.6885333, 9.8448566, 8.0768352, 4.3615212
 7.3456599, 6.4487642, 5.7663617, 4.2450483, 9.3926291, 6.0372496, 6.5092283, 5.1396529,10.8352249, 3.9870658
13.1437445, 7.1120824, 7.0482291, 7.9195764, 3.4386848,10.0898489, 4.5875682, 3.4657650, 3.2905413, 2.9479660
 7.9568968, 9.4504988,10.0742662, 4.8667464,14.8102022, 6.3955916, 4.6112290,10.0460698, 5.0558800,10.0781317
 5.0958707,10.5610848,10.6909734, 5.9960670, 4.9771346, 6.4886747, 7.2438113, 6.7501922, 3.6366206, 6.7165779
 7.1472016,11.1003534,11.7977519, 7.9328196, 4.4674170, 3.2214166, 5.2051805, 9.4374177, 9.5635815,12.5124182
 6.3029521, 8.9464217,10.4616810, 7.8571497, 6.5137670, 7.7435748,14.5939871,10.0357387, 4.9821235, 5.6427991
 5.5592715, 7.9796112, 6.6555506, 7.8093418,10.5733237, 5.0587689, 8.0242299, 7.9790966, 7.3740480, 5.6958668
 9.5509741, 2.2305136, 4.8086900, 5.9728864,10.2136877,10.1268147, 8.1268439, 7.1399017, 3.6087956,11.1422084
 7.2185205, 6.5836117, 8.1960033, 5.7850589,12.2009125,10.3878024,10.2924880, 7.8852894, 5.1014832, 8.6231464
 5.5362950, 6.7740956,16.2449717, 9.5172373, 5.4290060, 5.6183969,11.0905380, 4.1460103, 6.7203856,11.8687266
 7.1279424, 5.8123756, 8.7448252, 7.8787670, 6.6285971, 4.7736050, 3.8876664, 6.8845273, 5.4998971, 8.1679147
16.1559808, 5.0792852,10.5291947, 6.7306220, 7.7936700,10.3259673,10.7531033, 7.0323314, 4.5084205,12.0764824
11.3453537,11.7420105, 8.1425038, 8.8313044,11.8071179, 8.8413083, 7.4125494, 6.7716663,13.7574103,11.2678922
 5.0341523, 3.7180045, 6.2012326, 5.9211455, 7.8465588, 3.5514969, 7.8896780, 8.3598690, 6.2498790, 6.3050796
 3.3145731, 7.1265004, 7.7347778, 5.6066374,11.5085235, 8.0243182, 3.7616259, 4.7020849,11.3696934, 4.0316839
 6.2922260, 7.6907824, 6.1801483, 8.3657366, 8.3364167, 6.4580351, 5.3406662, 7.8081555, 9.1213503, 9.9478940
 6.8150809, 9.0505172, 4.1531006, 6.4075187,14.0087281, 8.6347549, 7.4294162, 5.5454521,11.5184164, 3.7254859
 8.7721075, 5.1657025, 5.3022912, 8.9982376, 7.2502432, 5.6962005, 4.4783879, 8.4912058,12.6116409, 7.5576598
 5.5362630, 5.7893701, 4.4717073, 6.4533798, 4.5289101, 9.8575544, 4.6659954, 7.4537504,11.9602208, 6.6637705
 6.0481734, 4.5729582, 6.4337353, 7.4062598, 8.3771036,10.2541428, 9.2846934, 7.4713409, 8.5954749, 5.5129991
 6.3317589, 4.3912141, 4.2352735, 4.0780263, 8.0940459,14.1999723,11.1855859,12.8990091, 7.4563233, 8.5345789
 5.3730108, 7.4201461, 4.8904869, 8.6344991, 6.9725819, 7.4186591, 2.2703921, 6.9201203, 4.3883901, 6.1536270
 7.8751920, 5.3703982, 7.4869797, 5.6398761, 3.1196814, 8.0593105,10.4061081,13.0533958, 6.3728803, 4.9990210
 9.6148064, 7.6170707, 8.6308168, 8.6459714, 6.0751281, 9.9115954, 8.0050697, 5.2644272, 8.3989924, 8.1755966
15.8239223, 3.3749183, 9.8972758, 3.0861117,12.1983323, 9.5918234, 8.5562920, 9.7236672, 6.3607089, 5.6676504
10.6021861,13.2975697, 8.9745664,10.2827025, 6.9446705, 8.6135522, 6.0708279,10.8578142, 6.4054180, 6.5297041
 6.5813272, 8.7905285, 4.8214906, 6.5800526, 6.2033261,10.2517428, 9.7245143, 9.3475870,12.3516641, 6.1559817
 6.7984143, 4.3254515, 6.5078291,10.0440662, 4.8000170, 9.5181564, 8.5446981,11.5946839, 3.7410929, 5.0445387
 5.9380573,12.6519439, 7.3874323, 5.2200384,11.4424292, 6.7003788, 8.1285192,10.4457686, 8.8366836,11.7472743
 4.7539770, 6.5114295, 6.1048831, 5.7265584, 5.3760829, 6.6028354, 6.0031394, 5.6225548, 9.4944531, 7.0559347
 8.0086496, 5.6582886, 4.4203396, 3.8011724, 4.3068088, 4.1157579, 6.2576895,13.2226359, 4.2668685, 7.3253835
 5.9390819, 6.8782929, 4.3131744, 4.4848826, 7.6966163,11.8440022, 1.8645290, 9.4468910,12.4554273, 9.1620624
 5.2000458, 6.0691106, 2.8187744, 6.8758966, 3.3747263, 3.6671887, 3.0205933,10.5323263, 4.7640884,14.6634562
 7.4621645,10.9197401, 8.1288809, 8.7382358, 7.6524891,10.9606483,10.5454486, 6.7388432, 7.2398421, 7.5349555
 8.3779132, 9.2023329, 6.3130976, 7.2998615, 5.8184532,14.7436796, 3.2416573, 6.5584206, 9.2372023, 8.2465399
 3.7327400,12.8936365, 7.1534445, 4.6347842,12.0039859, 7.1559599, 8.1311199,11.1641771, 7.3935205, 8.9129849
 7.5993939, 5.7119355,11.2231814, 7.4867561, 2.2438727, 8.6113491, 4.0117000, 4.2813699, 5.1582193, 9.3937911
 8.8903756,10.3658419,10.7215098, 5.3878356, 6.0272592, 9.0682555, 5.1595789, 9.1252123,10.1853606, 5.7677113
 8.3024121,12.3992798, 5.4460416, 7.7376746, 3.3348638,11.5656417,11.1378162, 8.3196734, 8.2904265, 6.9473588
 8.3089157, 5.4554924, 4.9472836, 3.6954944, 5.9887484, 7.5744164, 4.1276437,10.0786520, 5.4396712,10.1900003
 8.4837637, 9.4275864, 8.0144174, 7.3129278, 6.5032830, 6.5276661, 4.3668946, 7.3489359, 4.1422322, 8.8200254
 5.7784951, 6.9640822, 6.2936167, 6.5295460, 7.0894276, 4.9155387, 7.9679995, 3.0327551, 8.1256511, 4.5153268
 3.4689300, 9.1872679,12.4965996, 5.9462516, 4.7030350, 8.3836867, 5.6255744, 7.8921215, 5.0358240, 6.3448392
 4.6287993, 3.9538495, 5.0341549, 5.5219182, 4.1706085, 8.2372293, 5.8747938, 8.7083439, 6.5697893, 6.5848143
 6.4035048, 2.8713033, 7.0583386,11.2710442, 8.9575584,10.8741661,11.6984198, 6.8173938, 7.4624264, 2.7439529
 7.4623258,10.9472194, 7.4015155, 5.2106375, 8.2563457, 6.3503552, 8.5967758, 3.5042814, 7.8568234, 3.5494624
 6.5394343, 7.8982456,10.6321225, 2.9873604, 4.9167232, 2.8140290,10.7505441, 7.5798517,14.9452931, 6.2370276
12.8093312, 6.4704984, 7.2286960,12.6629261, 6.4450143, 5.4317628, 6.6524175, 7.6945638,10.1958821, 8.2357418
 9.4134272, 7.7375896,10.5919370, 9.3920561,10.5670100,10.0352760, 7.2133305, 5.2628139, 7.3999336, 7.1613785
 3.7161048, 4.6554829, 5.1815042, 6.1732331, 3.9256614,14.3673420, 4.3478799, 9.2270426, 6.5812095, 6.5199654
 8.6820645, 5.0338874, 3.1726137, 7.2802394, 6.8947038, 6.8655966, 3.5544278,13.4887329, 8.3815778, 5.2498498
 6.0517920, 9.4231948, 4.0936833, 6.2303871, 7.7848435,14.2062782, 8.3551088, 5.6923746,10.7950627,10.5960386
11.8906238, 6.9879915, 9.5186912, 6.6620440, 9.1176478, 7.1635174, 5.4980778, 6.3524727, 8.7236869, 8.0877394
14.9795543, 8.6385005, 9.9360487, 4.4989156, 6.3495413, 7.6251508, 6.2788161,10.1927535, 7.3742348, 6.7516608
10.5696942, 7.2141108,10.2776048, 3.7772854, 8.2024091, 8.2609141, 8.5910930, 7.5607671,10.4085924, 3.7727909
 4.4538806, 7.6019849, 5.5935324, 5.4583423, 8.4516444, 5.2672411,10.4170534, 6.8947274, 6.4580275, 7.7795317
 4.0980385, 5.4753076, 4.8050536, 7.9506831, 4.3875307, 3.8892854, 7.5438948, 4.5252173, 7.5952994,13.8598673
15.3036761, 4.7061429, 7.8863104, 4.3301695, 7.6341098,15.6719142, 3.1592137, 5.2620981, 6.5046829, 5.5449244
 5.8346136, 5.6016139, 5.2991202, 4.8108865, 5.5089098, 8.7399597, 5.1624699, 8.3505081, 6.9474408,11.2795528
 5.2674483, 8.2382052, 5.0937200, 4.0900776, 8.4433440, 5.1178958, 5.5494005, 8.8819111, 6.8991741, 9.5757565
 6.0735133, 9.9268119, 3.8152916,10.4509485, 4.5562599,10.9391550,10.2620638, 7.3469392,12.7647101, 6.8659493
 6.9342024,10.4255463,11.9552702, 8.2987336, 5.2334720, 5.9800175, 7.2864580, 7.0758608,15.4980058, 8.5256090
12.0173553, 7.7721594, 4.6397291, 5.7753929, 7.1993972, 5.1598592, 5.5461627, 4.1573875, 5.5199478, 7.1668529
 9.1412184, 9.4886292, 6.8157872, 5.7668949, 4.0110150, 6.4761003, 3.9809602, 4.5291665, 5.3220954, 7.2124003
 9.0266794,14.0737103, 8.4692341, 7.9111390, 3.3437629, 4.4209626, 4.0350692,13.2794819, 7.5642349, 6.2211595
 6.8176687, 6.0441270, 9.4102360, 6.0545101, 7.5570330, 6.0463339, 8.2205953, 5.1290477, 6.7465242, 7.9202826
10.5739924, 6.6419625,11.9630827, 6.7521902,12.0464668, 5.8207070, 9.0604557, 6.2431049, 8.0063959, 7.8471168
 3.3223527, 6.9738559, 5.6794868,13.6167837, 8.9811819, 4.4072756, 6.5636140, 8.1924029, 5.4551599, 5.0810398
 7.3906609,15.5088989, 7.7676796, 8.0720886, 6.8397190, 5.8799429, 5.7091586, 7.6511930, 7.7915652, 4.2003103
 9.1725184, 4.9461450, 2.6360503, 4.5909169, 3.6438087, 5.4899738, 6.3870294, 7.4785119,12.2882645, 5.7811521
 8.6149367, 5.7647585,10.2200833, 8.9306355, 8.5731729, 9.1452083,10.0939575, 8.2668863, 7.3510519, 8.8924226
10.5000740,10.1660772, 9.8898848, 8.8878428, 1.8954472, 5.0244176, 5.3483181, 8.1864629, 7.1472438,11.5733540
 3.3318583, 9.6525508,10.9031712, 8.4278934, 4.8982404, 4.9359025, 8.3238432, 5.7769889,14.1180859, 7.1800028
 9.7820965, 4.2228967, 8.5005852,12.1003510, 8.8405387,12.3273353,12.3983445, 6.8267563, 7.8024929, 6.9558369
10.7265029, 7.9194110, 6.2446486, 5.0569693, 7.2592294, 6.4714570, 7.3360935,10.9190284, 7.5987209, 7.6323573
 4.3169680,11.8420996, 6.5342595,10.4156703, 8.4143373, 5.1607707, 8.5302477, 8.1709671,11.8215442,12.6587744
 6.0665353, 8.4381121, 3.9458474,11.2843571, 6.7978102, 5.4132978, 8.1793974, 6.0579188, 8.3476452, 6.3166864
 7.9613009, 3.9836595, 5.3516922, 5.3529037, 6.8413528, 5.4268676, 5.3491753,10.0494992,11.2151461, 7.3328666
 7.1930591, 6.2951969, 8.0254460,10.1073288, 5.5635965, 6.5044043, 5.4979054, 6.9297039, 9.7846464, 9.1070571
 9.2454416, 7.1618030, 5.1062624, 8.6732319, 3.9120739, 4.0567587, 7.1469561, 5.9697855, 8.3280289, 5.4946566
 5.9428296, 3.6333945, 5.4847616, 6.9565834, 5.1783826, 5.0999608,12.9854533, 3.8217018, 3.8106976, 5.0249205
 8.5807497, 6.3878932, 5.3937405, 5.8464195, 7.3909372, 6.4159864, 4.4756944, 6.0883780, 8.1886375, 4.3310541
12.8797711, 5.3251593, 5.1643806, 8.3824890, 6.9296641, 6.4025170, 9.4807871, 8.7680737, 9.1947620, 8.8450283
 8.7336402,12.1465672, 7.7375115, 6.7956321, 6.2025139, 6.2698348,13.5964664, 8.1861728, 6.7308511,14.2366624
 9.7289219, 7.8702981, 6.0988574, 2.8720669,10.2520595, 9.5931137, 7.2148000, 4.2097009, 7.6733323, 6.2290924
10.1017671, 6.2405195, 6.5438496, 8.0485444, 4.8810109, 4.0540078, 6.9486816, 6.0109506, 4.4414431, 6.6784564
15.4498857, 4.8100859, 9.9315780, 7.8333772,11.8751240, 8.1360766, 4.0929164, 8.7654594, 9.2283772, 8.5023016
 5.3572745,10.8986515, 3.1712734, 5.1564226,16.5150851, 5.8386240, 4.0445276,11.5026013, 9.9250420,10.4565854
 7.6147120, 8.7774231, 9.0219636, 4.6193884, 7.2285759, 5.9006205, 6.2385570,12.2942699, 7.6290820, 9.8559619
 6.4796921,15.2211134, 5.2791078, 5.9220469, 8.6883249, 8.5106229, 8.7883453, 7.2372441,14.7544874, 5.7219132
11.0752691, 8.8954715, 8.0485109, 8.9765869, 6.3053889, 7.7713926,11.5009843, 5.6847103,12.7629864, 6.4652319
10.3361524, 4.6693873, 9.7276125, 5.3620272, 7.0655934, 4.1180389, 9.3374184,10.2112394, 6.1702668, 7.3132992
 7.1878336, 8.5693156, 4.7553878, 9.7237315, 6.6758176,12.2761811, 7.2689020, 5.7574345, 6.3919035,14.2253697
 6.5047896, 6.9749157, 5.2215104, 3.5365067, 6.4129745, 6.7001973, 6.0133926, 7.3028914, 8.8462981, 2.1744460
 4.5636534, 9.0424841, 3.8542300,12.6140648, 4.4481377, 4.0164189, 6.5479584, 9.8104917, 8.5156677, 7.3831329
 2.8424038,18.6428615, 6.9344945, 9.0774409, 5.0487787,10.1590619, 6.0929911, 6.0215426, 8.1510079, 5.1388856
 5.2626737, 6.9391373, 8.3981218, 6.3791406, 6.4633295, 9.4881035, 7.0917766, 6.9442053, 4.4248795, 8.4175097
12.3912214, 6.2812912,12.0237874, 8.5840801, 6.5091107, 4.7912314, 7.1874459, 9.9519508,10.8691718, 7.6308107
11.0760476,10.8761487, 6.1233055, 5.6241436, 7.2811149, 5.6525739,13.8027273, 8.4574733, 5.5551355, 9.2194749
 5.0787089, 4.3882289, 7.6393292,10.0826486, 6.7028340, 5.0248016,10.3679810, 8.4284885, 4.2136347, 5.8762229
 8.7453885, 5.5788404, 3.4283615, 8.5542906, 6.5277247, 6.7495309, 5.5342825, 7.3720487,11.6309980, 7.7689262
 4.2278359, 5.1686953, 4.0664570, 5.6605575,10.8379853, 9.6005965, 7.2387499, 8.5212630, 4.3096008, 4.6805610
12.7803385, 7.2779051, 7.9671653, 8.3387611, 6.4151673, 5.1630627, 3.8135542,10.6302762,10.1185698, 7.4090053
 5.4579301,14.7993600, 5.3439625,10.1151747, 9.7768028, 8.8180620, 4.5628690,13.6183650, 6.2692673,14.2435237
 3.5226927,10.8169899, 6.8005811, 7.8107561,10.7010552, 8.6946242, 5.3771594, 6.5539200,10.7272201,13.9722793
 8.1260766, 4.5660981, 9.4658084, 3.7537557, 7.0012588, 6.4116745, 8.8282789,12.7655647, 6.5635390, 8.5379716
 9.9613695,15.6225074, 4.0753110, 2.6822807,12.1907820, 7.6044819, 5.3269373, 8.1766978, 7.5085843, 5.1205487
 4.6694098, 5.4375744, 6.0673308, 5.6547075,10.5832978, 7.5155438,12.8859827, 4.5243377, 3.6858367, 8.7554901
 5.7524951, 6.8069442, 7.2921325, 8.9088121, 8.2318566, 4.7374225, 6.2153157, 4.5442053, 5.2557818,11.9916317
 7.3044474, 3.9001544, 9.2891550, 8.3697381,10.0218523, 7.2208308,12.9120573,13.8371729, 8.2633613, 7.4903274
 5.5292254, 6.1040660, 6.9336707, 7.7302325, 7.5381766, 9.3823831,10.4769720, 8.5864172, 2.8711480, 6.7799370
11.2431816, 7.9344212,13.9056906, 5.4556226, 9.9966573, 8.3736427, 8.9016128, 7.0973540, 5.7732935,16.2914388
 8.9714628, 6.6038108, 5.7864978, 7.0280540, 7.4590340, 6.9336082, 9.9158956, 4.4295750, 7.1969429, 6.7600853
 6.3153022, 7.4382599,13.6799513, 5.3189183, 3.5944622, 7.5781290, 8.4474910, 7.5308303, 6.5218603, 4.6061657
 8.4628344, 6.7909297,10.0613094, 7.9955324, 4.6131780, 5.8881056, 4.5315974, 4.0758816, 6.5079315, 5.7579732
 3.3674994, 9.3558007,12.4759973, 8.3560077, 9.3176102, 5.7843461, 8.8558472, 7.2781974,13.4107667, 6.5337690
 4.7228573, 3.6678211,10.4329515, 5.5986282, 7.9516745, 5.9603191, 8.2767045,12.0681377, 6.2734368, 5.1195022
 7.5357736, 6.9386063,11.1024348, 6.1299462,10.7235657, 8.9018151, 7.1990965, 5.4834341, 3.1724971, 3.2748028
10.5736847,10.0055943, 9.9212353, 6.4775220,12.6916848, 3.7507402, 7.4192991, 2.8339360,14.5233169,10.7188516
 7.7422281, 6.1998760, 7.8569333, 5.5827245, 3.9403743, 6.8159815, 4.5529528, 9.1477197, 5.4314196,11.7414502
 6.3272251, 6.7242277, 7.6563927, 5.1985258, 9.1022015, 8.9714134, 9.0766390, 9.2379432, 3.4636323,14.7914634
 6.7607916, 3.8500419, 5.1281037, 7.8180666, 7.4888393, 4.5803818, 5.0177751, 7.6039269,10.2536863,12.8135141
 4.7897157, 9.7548352,11.7684028,13.2776246, 6.7281294, 9.0614339, 7.4745063, 3.8679945, 4.0242831, 5.5200153
 5.0963603, 7.1963718,16.7114165, 8.2276063, 6.4776448, 9.9045952, 7.8800462, 5.6354008,12.4965530, 3.4521612
 8.9441456, 8.0683343,14.3135789, 9.1189529, 7.5128204, 7.4217541, 7.7235661, 7.8486199, 8.3756412,14.3372894
 6.8444892, 5.0173344, 6.9251628, 6.2725439, 7.5518488,10.8184209, 4.6241943, 7.3059201,10.4187037,10.8380252
 2.0779067, 2.3227299, 7.4250018, 9.8663860, 4.9413940, 4.6078377, 7.6142056, 3.6015222, 6.6647332, 5.4407524
 9.5785774,11.9992835, 8.2836034, 8.3261522, 7.6262348,10.0596838, 9.8045765, 6.3519545, 5.3775811, 3.7655535
 7.0077306, 9.3961337, 6.2832247, 5.8845710,10.0330106, 4.0331423,12.3880257, 9.7925090, 8.9358680, 7.3752474
 5.2953171, 3.6245048, 5.2144201, 5.9162666, 6.0014512, 6.5821180, 6.8510440, 8.6492131,10.3033263, 5.6462347
 9.5187615, 6.7018066, 7.2453185, 4.1824200, 9.2649587, 8.2742604, 5.6650450, 6.5799749, 6.1079778,10.2092267
 9.1267862, 8.7918676, 5.3314727, 7.9871797, 6.5718583, 3.5267853, 8.5636222, 8.7874004, 7.5890711, 9.5342028
 3.8850157, 8.0540229, 6.9452992, 5.1391302,10.8839910, 4.0828397, 6.1764650, 6.3731935, 6.1100140, 6.9063555
 8.4933759, 8.5091335, 5.8458598, 7.9982079, 6.2686414, 8.2619811, 5.1987490, 9.3720065, 6.1306784, 5.1381136
 9.2775622, 5.0670438, 8.1404888, 8.7581713, 5.3401999, 7.2452859, 7.8473201, 7.3734345, 9.5605720, 8.0793700
 6.0399793, 4.1684437,11.4731612, 6.8896414, 7.9558453,13.1912461, 4.9348654,13.4170116, 9.9123970, 6.4499795
 7.2983812, 7.4765005, 4.2949868, 8.1679222, 7.5012484, 8.9158879, 3.7997986, 6.2091088,10.5310673, 5.4897783
 7.8941478,13.1350519, 5.4377102, 5.2729282, 4.2896412, 4.2020095, 4.2241387,14.0169957,11.7359599, 6.3878379
 8.3176703,11.3479716, 6.4010070, 7.5178040, 4.7471166, 7.1285268, 3.1581012,11.4584298, 4.0693920, 8.9036793
 5.1914254, 4.4278373, 6.1362837, 8.4492670, 6.4713791, 3.4228893,15.0720701, 6.9628791, 5.7315102, 8.1839525
 2.7717491, 7.0867380, 5.8285792, 6.4518923, 5.2480199, 6.1948104, 5.3265986, 3.8146878, 7.7805523, 7.3091592
 9.4512099,10.7639054, 7.9428504, 9.5294231, 4.0215420, 4.7177603, 4.0787800,10.8409901, 6.4964224, 3.7789911
 8.1848527, 7.8918144, 6.2658252, 8.1525129, 6.6016593,11.8938777, 4.1174103, 8.5084911, 5.1643570, 4.8666397
 9.3968277, 6.0892107,10.8208413, 9.5488440, 8.2344239, 4.1736418, 7.3330537, 5.4691227, 7.2750206, 3.6974929
 6.6917966, 1.8197308, 4.6655188,11.3348133, 7.3575274, 5.9376506, 1.9474229,12.2810175, 7.0299936, 7.3882121
12.4329159, 6.2799327,13.1466653, 7.3354674, 5.7326991, 2.4897630,13.4872212, 7.4864093, 6.1732334, 8.6860050
 6.4815119, 6.3256108, 8.0135953, 5.0253638, 6.7358751,13.3909612, 4.1855631, 8.6417070, 5.0244700, 4.7432910
 7.1681927, 5.0585594, 9.0396827, 3.9823434, 9.1559861,16.2645577, 7.9249727, 4.9819519, 8.4800170, 3.4024186
 6.9500253,10.0159753, 9.2388507, 7.6431291, 5.3353453, 6.0541098, 3.1458623,11.2916722,10.4021017, 8.4891893
 6.5444017, 6.4526510, 9.0393188, 9.0532139,10.1904403, 6.0778056, 5.1364486, 7.4400306, 6.1036777, 7.0826027
 8.7472835, 3.9453219, 6.7814886, 5.9606855, 5.0405704, 4.4440026, 5.2596582, 5.5996159,11.7890416,13.8815268
 8.5837888, 3.9600615, 7.8113812, 3.8993783, 4.7812855, 9.6019561, 6.0907653, 4.5439856, 7.2065765, 4.2467740
 5.3477801, 7.1353060,10.0319878, 6.4987563, 4.4749367, 6.9606139, 7.3861098, 5.9011112, 5.1056826, 4.5545885
 8.0924239, 5.8284322, 4.2522018, 8.4213497,12.5712937, 9.3116974, 6.9670212, 2.9310363, 9.0075265, 9.3670661
 7.9355426, 3.7366765,13.3181459, 4.7172415, 5.8965363, 8.3601907, 6.7530015, 8.2717570, 7.4947600, 3.5766752
 5.1192509, 9.1029235, 5.3168108, 5.5817906, 7.8078690,13.5522207, 4.8829147, 1.5532001, 5.7875198, 9.7957088
 9.5990356,13.1543726, 8.3262507, 8.8081473, 7.3836118, 9.5461753, 5.2027112, 4.2342428, 7.5004998, 7.8246738
 9.8034033, 6.3514258, 9.3358730, 6.4186351, 3.2375263, 7.6531070, 5.2969920,10.1410354, 6.4105749, 5.5689993
12.3107044, 5.7269702, 4.2889529, 4.2682498, 7.1666574, 4.4375926,12.2169985, 4.8033496, 7.7847534,11.9092771
 8.9180508,12.5499873, 5.3201732, 9.1380506,15.9528942, 8.2342665, 3.3019809, 9.1085724, 7.9237035, 8.9621066
12.1635255, 2.3703722, 8.2167253,10.9056565, 3.4991321, 6.2901240, 2.7066932, 3.8340728, 7.9563860, 5.6638234
10.7418302, 8.3148020, 5.3153986, 6.4869251,11.4348362, 7.4896911, 5.2442043, 6.6969111, 6.8860438, 7.9639738
 4.7641504, 9.2189101, 5.3632262, 5.3685619, 4.2877028, 4.7593633, 5.9934027, 3.5182773, 9.9168684, 9.3970854
 4.5440205, 9.3082882, 9.4761960, 7.0970658, 9.2723287, 9.6628236, 5.6560711, 9.0225338, 6.9239802, 5.3715828
 3.9701479, 0.8611913, 4.6213262, 8.2157511, 5.2862910, 4.4009588, 9.5001031, 8.0754906, 5.1045193, 5.7263456
 8.3257623, 9.5455537, 8.3324095,11.7160781, 7.1958959, 8.6416228, 3.2907013,14.5197496,12.1565347, 5.0253723
 3.9704833, 6.1264313, 5.9880893, 5.5580717, 8.1491594,14.9955273, 2.6371341,11.6910782, 7.0862748, 4.0085279
 8.7668277, 6.8604758, 6.0138861, 8.1316444, 6.7440252, 8.2234514, 4.5714925, 9.9123482, 4.9775206, 5.2196213
 6.6598203,13.2730392,12.8156973, 3.9268233, 8.5919273, 4.1511398, 8.3511776, 5.8313685,10.1186015, 8.1502333
 5.9913349, 4.8289163, 6.5429618, 7.3281383, 6.1206656, 7.1342497, 6.2202535, 6.7143673, 5.3899921,13.1928084
 6.3408849, 3.4161067,10.1825699, 8.3136857, 6.7807007, 9.8540199, 6.1242669, 4.2660608, 5.2790898,10.3745422
 5.0823425, 6.2688555, 5.6608147, 9.9144671, 8.0346547, 8.9611847, 9.5062772, 6.8823538, 6.2850047, 6.9911926
 9.1973716, 5.7651766, 8.9731312, 6.9809308, 6.4408292, 6.2393929, 5.6979653, 4.3373569, 5.9036230,10.0529517
 4.7357309, 7.2898056, 7.6682341, 6.0338138, 5.0495907, 7.9472322, 5.5251681, 7.9761231, 6.7597812, 7.6135362
12.4211551, 5.1563575,12.3573347, 5.1350787, 4.3558629, 3.5586411, 5.5189758, 7.8741743, 5.9773656,11.8299864
 5.7481693, 6.5627619, 8.9841976,10.4002577, 8.8102834, 5.5985918, 5.0828357, 2.5677711, 4.3341627, 7.2759493
 8.0806447,11.6890941, 6.2946706, 8.0980466, 4.3401369, 7.6092259, 8.4622734, 9.6522022, 5.2932523, 5.5380894
 4.0592520, 6.3602269, 7.3814105, 4.2553890, 5.5447161, 4.9188075, 8.9339257,10.5549417, 6.6529927,10.7636625
 5.9436249, 6.5279643,11.7738037, 5.5780028, 3.9190303, 8.6615848, 5.2927515, 6.2669702,11.0894155, 6.7519672
 8.0326158, 7.1824076, 5.5551994, 8.6851467, 7.2618095, 3.9398847,11.7990011, 2.7776197, 9.7609280, 8.4293578
 7.0693117, 8.2958792, 8.7681378, 7.0937544, 5.2484141, 8.4313395, 5.8764869, 5.5900645, 8.9025916, 6.3492527
 6.2121475, 4.0963373, 9.2505366,13.3915532, 7.2375110, 8.6033535, 9.4596526, 7.5696764,10.4064715, 8.5859343
 6.3023441, 7.6657229, 9.6482129,11.0333412, 5.6463524, 6.2833127, 9.3502388, 7.6833041,11.2205187, 6.9754949
 5.7816628, 5.9367797,10.4255700, 7.2585466,11.0858611, 9.3574681, 6.5223127, 2.4619752, 7.7405776, 7.5258880
15.5634212, 8.3863801, 7.2616742, 8.2537393, 5.0346205,11.3059674, 6.1116042, 6.8326497,14.8439115,12.1635628
 4.9614529, 6.0240518, 3.7344530, 9.2024021, 5.1680380, 7.1234526,11.1044643, 7.3539332, 6.2530390, 7.8273122
 8.0864600, 4.2937677, 8.3100681, 3.7408195, 5.7382553, 6.9975925, 7.3179286, 8.3246464, 8.7750334,10.3231342
13.6190863, 7.4809744, 6.9921063, 7.8501907, 5.8139684, 1.9534696, 6.6297571,11.3055916, 8.6514751, 7.8161631
 3.2454672, 8.8890581, 7.8699576, 7.0892069, 9.9852938, 6.0551992, 7.9214388, 4.5588432,10.1478002, 4.4360807
14.4177990, 7.2271155,12.2339008, 6.2555905,10.2467509, 5.6885617,10.6400783, 8.7982646, 9.3584718, 2.8643544
 9.3382966, 5.3710145, 9.2467208,10.8839558, 6.5367086, 4.9465848, 8.1933782, 7.9211081, 6.9945586, 9.7744526
 5.6252835,14.3846692, 3.0632892, 4.5132810, 4.0653872,10.1441081, 5.2725555, 8.2207231, 8.8488569, 7.6813439
 5.9773197, 7.3586698, 8.1215243, 4.5101904, 5.1673304, 4.2876385, 8.6050850,11.5023523, 5.8816016,12.4908757
 7.0170781, 5.3929784, 6.7096866,10.3707798, 6.7471498, 4.9322164, 5.2611032, 6.2249840, 4.9417300, 8.6761052
 6.9205815, 3.5221137, 9.6863067, 5.3905683, 4.7005836, 5.7692556, 6.6230709, 6.6736409, 9.7777793, 6.9032514
 6.2216119, 5.0701136,10.2192214, 2.3705039, 5.9483237, 8.1991862, 4.1502744, 8.7593774, 7.2317546, 4.6126703
10.7271330, 5.3164668, 6.7451326, 3.4385537, 5.5043720, 4.1692145,11.0591545,10.1615613, 9.3523040, 9.3330763
 7.4735173, 5.8310860, 5.5337331, 9.2122344, 4.4578569, 9.8534231, 4.7749014, 8.2953616, 4.9981346, 4.0281623
 8.3234318,10.5066711, 7.1293780, 6.4139276, 9.4747518, 9.9731723, 6.7115939, 7.2576222, 7.3562063, 9.9378057
 9.5499961, 8.8952796, 6.8734195, 7.3393099, 6.4056505, 9.6649810, 8.0378883, 7.6618088,10.0370362, 9.5917165
 6.4480003, 9.3936090, 8.8387412, 6.6306780, 8.8769268, 4.8476704, 4.1980769, 5.6574468, 7.7994395, 4.9779540
10.1604765, 5.9582513,10.7805011, 5.1085633,10.9925075, 9.1931376, 6.8889343, 9.1385229, 6.8376798, 4.6996837
10.0360375,11.9711817, 4.6388833, 9.0384008, 7.9610257, 4.9418634, 7.5849692,15.4578783, 9.8643223, 6.2360598
 7.1783246, 5.9510623, 5.0104443, 5.5984602,10.4868918, 5.0045539, 9.8847088, 9.2602616, 7.7105050, 6.1190264
11.8417745, 5.5238724, 5.3482498, 8.8144959, 6.4951508, 6.6437499, 3.6379002, 5.6542716, 5.8372296, 4.2957797
 7.4910453,10.1246456, 6.6812206, 5.6757966, 4.1908017, 8.0697275, 7.7427507, 9.4085672,12.2183349, 7.9135818
 6.4030052, 5.7806178, 3.6295267, 6.4871131, 3.0427143,11.0450210, 5.6184560, 4.6692354, 8.8189694, 6.8711777
 7.1666004,12.2257360, 7.0452230, 8.5426613, 8.7301041, 9.2065601, 9.7551961, 4.2300960, 7.3152588, 9.0467515
 9.7353091,12.0414921, 5.1459435, 2.8032554, 5.4691527, 9.9991952, 6.1373124, 9.6066416,11.0477504, 7.7247943
14.5210507, 6.1969558, 6.4827824, 8.3685319, 9.1692305, 4.8529808, 7.2445968, 6.2459546, 8.3681403, 4.7922070
 7.2262289, 2.9618346, 9.2543339, 6.3902423,12.1090082, 3.2550553, 5.2220360, 8.8187114, 9.4123797, 7.9453454
 8.1372544, 8.0652710, 8.3154301, 5.7746014, 6.2551815, 4.4584873, 6.6773292, 8.1743922, 7.6968900, 7.9309566
 3.6802220, 7.4260110, 2.9326389, 4.5791549, 9.5335100, 5.6232075, 8.4602130, 7.1257939, 6.8517229, 5.8192191
 5.6082178, 5.9960325, 6.1999922, 5.2178486, 3.3598673, 4.2939020,10.4146942, 3.8597707, 9.5117618,10.0994013
 9.2356575, 8.4011884, 7.6482863, 8.7659118, 5.4730208,11.3492352, 5.9170589, 7.7732263, 9.5104706, 7.1157636
 9.3304627,10.9835781, 6.4846977, 5.5700053, 4.4755425, 7.3776661,10.3978134,12.7725815, 8.1388812, 5.0026291
 5.4373264,12.5922164, 7.5580624, 7.7158029, 8.1990902, 7.1995567, 8.3565543, 6.2474428, 5.4026316, 8.3724560
 9.4246445,10.8487221, 9.7674436,10.8746742, 4.8850601, 5.6432929, 6.0848447, 7.1631606, 5.0091530, 6.5458547
 7.1607086, 4.1415303, 7.5739340, 7.5145631, 6.2864217, 8.2002738, 8.5818983, 8.2168823, 5.6440348,14.5941963
 9.3583077,10.8327726, 3.9590685,10.5736215, 9.8851181, 7.5455944, 5.5787955,12.0873478, 5.0016938, 5.4449258
 6.0258871, 7.2731468,10.0817955, 3.7359819, 6.8036419, 5.7795266, 9.6911845, 5.8490969, 7.5945155,13.2929210
 6.1473685, 8.5551354, 4.3773085, 7.9812421, 4.0184275,10.7795814, 8.0096254, 5.8885733, 7.5490032, 8.2397606
 9.2381272, 5.8310378, 7.7450428,12.5357327, 5.0879588, 4.0599563, 5.9414138, 4.0115200, 3.3066111, 7.7226521
13.9748746, 8.8770328, 6.5488989,10.6484038, 7.6031491, 7.6888393, 5.7000059, 3.8623271, 7.0584299, 8.6980863
 9.4772373,10.0631199, 9.6269453, 6.0132383, 7.9986120, 6.6234662, 6.3798443, 4.1793412, 7.7972203, 8.4390290
 2.2210938,13.9913581, 8.0906962, 7.0128459,11.9656600, 6.2210997, 3.4512128, 5.5444767, 4.9515865, 4.1924357
11.2759257, 6.7775046,10.0993794, 7.8862851, 5.4721923, 7.5393872, 7.0270295, 4.0894732, 8.4858540,11.4846939
 5.4620580,12.6109233, 4.6156679,11.1437906, 7.3464236, 6.6288945, 5.9397340, 7.5827411, 5.9224951, 8.4861430
11.6645356, 4.9772294, 8.8960557, 8.4488961, 5.9532897, 4.6779644, 5.2897014, 3.8465248, 7.0525378, 6.1770362
 8.9102867, 8.8902285, 6.0034263, 5.6923452,12.0121702, 8.5442192,10.8617799, 5.8753209, 5.7738498, 7.2264458
 2.3299138, 6.2040123, 2.3335987, 7.4802232,12.1167982, 4.6325684, 9.1689816, 7.8080326, 6.0996941, 3.3450910
 7.4698176, 7.1249676, 7.9836382, 7.1411268,14.7378467, 6.5610018, 8.0889177, 7.5605009, 9.9216892, 7.9892995
 3.9560730, 6.3780281, 8.5080090, 7.8804663,12.0119939, 7.7775888, 9.5343309, 9.0624473,12.8479924, 9.0537306
11.2057664, 6.0139430, 3.7009054, 7.3396768, 4.9082532, 4.8487618,12.6431360, 6.0694221,11.0191074, 7.4878185
 5.8489312, 5.6477401,14.0621076, 8.8734398, 4.9046253, 7.5731515, 9.4093302, 3.3009431,11.4196346, 6.5391294
10.1311102, 5.5024220, 9.2707157, 7.6821361, 5.8689037, 6.4311412,10.4514126, 6.9320309, 5.3114028, 4.6997214
13.8202820, 9.0011424, 9.1199192, 7.9823909, 3.7866242, 5.0210250, 4.2656935, 6.5061552, 8.6969220, 7.0188832
 6.1902493, 8.0773784, 6.1626399, 5.4881326, 5.2525292, 6.7208166, 6.0859597, 9.4793759, 8.3175846, 5.8762195
 6.5623832, 9.5724442,10.9662689, 6.0909183,12.0953215,12.1934554, 6.0561474,10.4190879, 4.1011773, 8.0265254
 5.3669034, 9.4107787, 5.3301102,12.7339684, 9.1764911, 7.4365910, 9.6869795, 3.7098016, 2.5064950, 8.5283713
 5.7961743, 7.9384776, 6.3835551, 4.7788039, 6.3090460, 9.2020860, 5.7433129, 8.2849585, 5.0198978,18.1422354
 7.0984241,11.3579183, 6.5824579, 6.4810612, 7.1352760, 4.7234631, 4.0360368, 9.9802911, 3.3047074, 9.2982406
 5.6096383, 4.8882245, 7.5254341, 9.7541185, 7.0279124,11.9441749, 6.3203696, 5.8541921,12.3944075, 5.4018890
 4.6742951, 5.4856804, 7.7915763,14.4792518, 4.8218238, 3.3750905, 5.7299690, 6.3797730, 6.8530498, 6.5563495
11.0489695, 1.8553322, 4.8055647, 5.0753800, 9.6891020, 3.3703623, 4.8335107, 8.4057809, 6.9818121, 5.4735673
 5.5257458, 4.6753545, 7.9579293, 8.0245309, 9.6371293, 3.7966612, 9.5964285, 5.9815923, 7.8781612, 8.9678154
10.6281052, 8.7360872, 9.3298559, 5.2960429, 3.8508459, 5.9594603, 9.5301578, 7.6376188,10.6326192, 5.0196874
 8.9575277, 6.0354152,11.1714651, 4.9128823, 7.7805620, 8.0613588, 8.0486645,10.3119981, 4.2351681, 4.4534671
15.1322757, 8.1254162, 7.4836915, 3.7831498, 5.8841836, 4.4220380, 3.0736374, 9.5039439,10.7711101,13.0709475
 8.0572265, 9.8242981, 3.4774737, 8.7546054, 6.5102044, 5.9066728, 4.4178300, 5.9830445,12.6286661, 8.3205757
 4.8873551,12.0588036, 6.6213161, 3.9818744, 8.4908693, 8.9608690, 9.2757193, 4.1668937, 8.7050511,10.5949752
 8.8578114, 7.1369401, 7.9797301, 7.0930129, 9.0804169, 8.7480548,11.0194480, 5.5075851, 4.7822800, 9.4582112
 7.2873900, 5.7942353, 5.8117114,10.3325785, 5.6370075,11.9567795, 8.0127576, 4.0916235,15.7250948, 8.2984914
10.4847601, 6.9919182, 6.1954838, 5.7992634,14.9451155, 7.6020307, 8.7596443,10.2951896, 4.7776141, 4.8520547
 8.5474595, 5.0239003, 4.8492899, 5.5410201, 4.5409799, 6.5018388, 7.5274618, 8.7844364, 8.5386097, 9.2447949
 6.5067083, 4.6071754, 6.3744981, 4.6605408, 8.1289717, 9.3788313, 8.9842913,10.7683081, 5.7754378, 5.6882003
 4.5242669, 7.3924591, 2.9813857, 7.3905239, 8.0030051, 4.5705028, 6.1669061,11.5217163, 4.0734104, 5.4640797
 5.9185739, 7.1224184, 8.5639637, 4.9231299, 4.1355115,10.8238555, 6.1770467,18.0033566, 8.8090278, 7.0166202
 7.7712669, 9.7001831, 4.7166423, 9.3340785, 6.0688028, 8.5746950, 6.1384826, 2.9399671, 7.2211613, 7.3621959
 8.4595211,10.9075088, 7.4397301, 6.3277017, 2.8613426,10.8142511, 5.0883240, 8.4159529,11.1037204, 9.8269604
 2.8127443, 6.0395938, 8.8639840,10.9949158, 5.9820504, 3.4642201, 7.1072884,13.1460040, 7.2454304, 6.5419138
 8.5242060, 4.2891454, 7.1044902,14.0255257,10.4189541, 5.6889673, 5.1574978,16.1470563,11.8849636, 6.4838227
 3.9006893, 3.9197253, 5.7941620, 3.6339150, 6.9097533, 3.3232838, 5.3337821,10.7933453, 8.8329083, 8.7195823
 9.8547437, 7.3757205, 6.6633684,13.1164363, 5.0805299, 4.9124142, 5.9641475, 7.0608232,10.2947633,10.6641734
11.3771239, 5.3725341,12.4055696, 6.3478989, 8.2052626,10.2816825, 6.4843016, 7.9292116,12.0478192, 3.8591747
 9.7826303, 6.3917348, 8.2444772, 3.9315009, 2.9024673,14.2189468,10.1308117, 6.4151703, 4.5739223, 7.5007880
 5.7096789, 6.8601666,10.6519797, 9.6995370, 5.2327291,11.3314915, 8.8502760,14.7635589, 8.5586109, 5.7702235
11.5667673,14.6868420, 8.8330408, 5.2146720,13.1484825, 7.8942038,10.9868943, 5.7373182,12.2145931, 7.0074178
 2.7889380, 6.3257721,13.0094530, 7.9064050, 9.8188120, 6.0400527, 8.1921732, 3.7421898, 7.7668486, 6.9391920
 2.9770284, 6.0980482, 7.1526172, 5.2360712, 4.1518773, 5.6401754,10.0464473, 7.1065213,11.1208020, 3.3508383
 5.6859248,13.8813663, 4.1048609, 9.3043666,10.2501994,12.9969507, 4.8758124, 4.5605522,10.7507655, 4.4681118
 7.3764948, 2.8681708, 6.9699993, 7.6156612,11.0832499, 3.8649334, 6.6117715, 5.5189496, 7.6045979, 5.1755166
 7.5484468, 2.3642261, 8.3683961, 5.7639843, 5.4203900, 7.2022798, 6.4569008, 7.3301696, 8.1264047, 5.8018968
 9.1460687, 8.7167506, 5.6777758, 3.9903924,12.2182936, 3.8852297,12.4709463, 6.5599903,10.2638082, 1.7504070
11.9014795, 2.9148298, 6.8527710, 5.9448359, 3.6062370,10.8725183,11.1502793, 5.5296110,10.3725869, 6.5026130
 7.5000711, 5.7702283, 4.9518653, 5.3331268, 8.6035712, 6.4774531, 7.5934582, 9.7119735, 7.7094794, 9.6233779
 5.5123026, 5.8729399, 5.6299465, 6.6068675,10.0543508, 8.3829119, 8.4899172, 5.3292881, 6.9512976, 7.3979981
 9.5504191, 3.1082833, 7.1456756, 4.0104717, 4.5020840, 8.4215984, 4.7697998,11.9349657, 9.8935157, 3.3083284
 3.9258951, 3.1858853, 7.4743190, 9.7770383, 5.2796044, 7.4125286, 6.3835584, 6.6320311, 8.3325892,10.3926744
 7.2520833, 8.3223467, 5.3752493,13.8038831, 7.9869887, 5.2980454, 9.9903834, 7.6917859, 4.5359800, 4.6177375
 5.6276082, 4.2975828, 9.6251696, 6.7968583,13.8408868, 6.9288868, 6.0950169, 3.8612057, 8.5800207, 8.5736599
 6.1154209,11.4268296, 7.3604023, 8.2295997, 8.2943345, 5.7979024, 8.0491032, 7.3511662,11.9287587, 5.4678463
 8.1213832, 7.0785656, 8.2000841, 7.0326008,10.6303779, 6.1489649, 8.5228889,10.3209198, 7.7799470, 8.5763009
 6.2169944, 7.8666779, 5.0706977, 2.2801728, 9.5100605, 8.0283013,11.8877440, 9.0528765, 7.6269019, 4.7261039
 6.4162992, 9.5109254, 4.3948620, 7.4980297, 6.1351578, 7.4704904,13.6121165, 6.8007565, 5.7279707, 4.8148766
 4.7279120, 6.5336276, 9.2255747, 8.4189236,10.8416496, 5.2861979, 6.4508567, 6.7786141, 4.4445261, 4.8306513
 3.3565445,14.1552846, 5.5346750, 2.0593278, 7.4910353, 7.9107852, 5.4451204, 5.4660575, 4.8729450,14.6128897
 6.8681306,12.1674663,10.7279475,14.8483201, 9.2757856, 3.3508584, 8.1288921, 6.4758031, 8.9158566, 5.9818077
10.6481997, 6.1252273, 7.6190766, 7.4438184, 3.4546369, 5.6980198, 7.3670034, 3.7249566, 4.8703991, 4.5088346
10.1778315, 6.3297375,13.2317964,10.7298479, 6.0168961, 7.0386198, 7.2969994,11.3178096, 7.1708617,11.4522262
 3.6421561, 4.9781001, 4.4594874, 4.6305685,13.4096504, 7.0837825, 6.8816263,10.1391823, 7.9508019, 4.2789307
 6.0862968, 3.7809143, 5.8257042,10.0359786, 7.7218469, 7.9283262, 8.2762325, 5.5315452, 8.4888182, 3.8097027
10.9476582, 6.8052883, 4.4972887, 8.4024344, 8.9149952, 7.4030784, 9.2857264,10.3661001, 5.1048008, 4.4184954
 4.4413380, 7.4342310, 8.7215310,17.6109183, 9.9591978, 6.4274874, 3.0947536, 3.7615920, 6.7293522, 9.9555799
 4.8922133, 5.9547534, 4.9789553, 8.7524349,10.7944751, 5.1324447, 6.3827518, 5.4572399, 6.3268678, 6.0376239
15.3080214,11.7987462, 9.4559469, 6.5218762,12.6026584, 4.9536355, 9.1417462, 6.8486119, 3.4718242, 4.3679549
 5.1864710, 7.4991760, 8.3726539, 5.2193286, 4.7007974, 6.9413578,11.6607647, 9.0651391, 4.3466373, 5.6865327
 8.4663436,10.2353605, 3.5400637, 8.5702541,10.5642056,14.7285068, 8.1063734, 8.4848863, 8.3743653, 9.8971427
 9.3235365,10.8944229, 8.7929388,11.4320953,12.8627901,10.9462673, 3.2212559,10.4847218, 6.0627755, 7.4294339
 6.2550459, 8.7075317, 6.6167337, 8.9323843, 9.1338705, 7.0455238,11.2217821, 6.7052960,12.1001912, 9.6164443
 5.0053490, 8.8106155, 6.9326131, 6.4583247, 3.1083750, 5.5496142, 8.0088674, 6.6742255, 5.3649553, 5.1276864
 5.9869728, 6.7580140, 3.4533232, 6.8038983, 9.9445986, 6.5365757, 9.9412769, 8.9785232, 8.8497399, 7.8310800
 5.8864304, 9.5756003, 5.2489816, 6.1969802, 6.6245309, 9.0245839, 8.9234781, 6.5893413, 8.9958887,10.2501594
 8.5527980, 8.3032590, 6.0822014, 8.4211979, 7.1572147, 5.2630907, 9.9254292, 8.5879712, 7.9751134, 6.7651180
 6.2739128, 8.2800553, 2.7733838, 9.9760491,11.1392120, 4.0715879,12.5966807,14.9034153, 6.8964664,10.7121503
11.5264873, 4.6118737, 6.7295694, 9.1676181, 6.4607530, 6.8894988,12.6262213, 5.8396328,10.9673437, 8.1851067
10.6189750,12.2221451, 6.3411567, 5.0920069, 4.1287451,10.7855376, 8.0216340, 9.3071887, 4.7609064, 4.2073462
 8.5435595, 5.5387066, 7.3546614, 6.8494701, 3.8053444, 5.7143160,17.6474130, 4.6676395, 4.6777772, 4.7504005
 4.4268626, 7.7348920, 9.9934929, 7.1570701, 6.6667815, 2.7496639, 4.5464122, 6.8822110, 5.5681430, 6.0600021
 3.7121949, 3.2180664, 6.0109420,12.1295409, 3.6730452, 6.7685161, 7.8057968, 3.4076601, 9.3384867, 7.8647556
 4.6164552, 3.3940555,11.6320446, 7.7302365, 9.2890767, 6.8752972, 5.5813953, 3.8491036,10.4379953, 6.9268098
10.4206252, 3.1924258, 7.5515439, 4.3720660, 6.0579352, 7.8396344, 6.9534520, 9.3496998, 8.7018791, 8.2604335
 7.3227466, 4.5408752,11.3150577, 8.1638898, 5.6276384, 6.8548872, 7.1379350, 3.9024061, 5.2011936, 6.0744661
10.9264424, 9.9013789, 5.9043682, 3.2603495, 4.0945511, 4.8965505,10.0696690, 3.9717630, 8.9954000,12.8129830
 9.1900311, 3.4312288, 5.5918657,10.8771733, 6.9134476, 4.4063629, 7.7382922, 5.1129713, 3.7955490,19.6560209
 3.8572309, 5.0614097, 7.3996645, 3.6730654, 7.9445182, 3.7870328, 5.4736959, 5.1141353, 8.1996022,11.1382407
 7.8032900, 6.7918272, 8.1514075, 7.9174067,11.2628161, 4.8781893, 4.6392862, 8.9749491, 5.8942794, 8.4793678
 5.8843083, 4.6016888,12.6710212, 7.7937929, 6.3328673, 4.6927272, 7.6734128,10.6711007, 8.9515637, 9.2488933
 8.9369279, 8.6251072,12.4917433, 7.7175901, 5.4548204, 5.4362689,13.2454334, 9.9059293, 4.7656621, 4.9843773
 3.1580148, 7.7752454,12.4797255, 4.9255788, 3.8174642, 5.5621941, 2.1669533, 4.5757784, 4.3006294, 7.6635895
13.3044307, 7.8709136, 3.2654097, 3.0622820, 6.2601214, 7.3673252, 8.9918858, 4.8173164, 8.2100129, 6.3922319
 9.1452274, 8.3963568, 5.8111185, 7.4963826, 5.2028291,12.7051407, 4.8741497, 5.4976678, 5.0750931, 6.5974758
 4.3784367, 4.7972360, 6.5605282,12.1031689, 4.4559128, 3.4868156, 8.8029168, 7.9210056, 9.0394355, 8.0541611
 6.0154414, 4.8816485, 7.0912289, 8.3538478, 7.3754738, 6.0053030, 5.2201674, 9.5111181,12.2690222, 8.3726494
11.8248554, 5.0457002, 9.7474376, 4.9832836, 8.8005333, 4.5221725, 9.8339667, 7.2523168, 6.3881034, 9.2602199
 7.4920195, 6.2502352, 4.1250410, 9.3733501, 5.3098876, 4.7211814,10.3831317, 5.8994574,13.4573809, 6.0867335
 4.9924156, 6.9972391, 6.7424229, 7.9970645, 6.0299818, 8.3767098, 4.6053713, 8.8429456,10.9481717,17.0903819
10.9842296, 5.4244527, 6.3251599, 6.5037207, 6.4635560,12.0052878, 4.3477981, 9.8552616, 6.5544408,11.5368409
12.3677661, 9.5535537, 9.7713050, 8.6948667, 7.6723141, 5.1220709, 4.8491594, 5.5644890, 2.7812967,10.2399406
 9.4832952, 5.2154388, 3.8886314, 8.9114040,11.7522444, 7.3520768, 5.3874954, 6.3713835, 9.8362697,11.6899970
 4.4258955, 6.3911873, 6.9660080,10.8618233, 3.6588968, 8.3701873,14.3148028, 5.3942976, 6.5429142, 3.2635637
 6.7001154, 9.5981688, 8.2707027, 3.9600163,10.1439838,11.6450055,11.8608392, 8.6613572, 7.2638036,10.9435637
11.6912882, 6.0467808, 7.3356334, 8.3397812, 3.0842128, 4.3107374, 8.3578074, 8.1737679, 7.7506034, 7.7255281
 4.3761226, 4.9247049,12.3586316, 6.9254561, 8.5479840, 5.4269740, 9.2924037, 6.2981116, 5.6281558, 7.6815155
 6.5238145, 5.2474950,10.5658001, 8.4603985, 4.9464281, 2.1690998, 3.6491104, 9.9721222, 9.3372783, 4.2542363
 4.8142904, 5.3268917, 7.0107448, 7.1306706, 4.0999772, 7.2586132, 4.8513079, 9.5252965, 9.4306270, 4.3038962
 7.2780048, 3.4520699, 9.7524158,12.2420493, 6.9278486, 6.9402862, 9.6133708, 4.7310221, 7.2779170, 3.1933097
 3.4954556, 3.5907180, 8.0750282, 4.2992006, 6.9783688, 8.2348658, 4.7094446,12.1382161, 7.4551143,11.6532313
11.9727654, 7.5709714, 5.8886696, 6.0468989, 6.9567553,14.5050142, 8.4234713, 7.5853231, 6.7620027, 8.2697417
 4.0887121, 8.4121401,10.6099364, 7.1851878, 9.6073362, 8.6694711, 5.4261634, 9.5156658, 4.9380413, 7.6457104
 6.7408634,10.6753117, 5.3489768, 5.4714965,13.0780088, 8.2691901, 3.8334484, 8.8555487, 8.6833347, 4.2485982
 4.2888945,14.5973386, 5.4873368, 6.5832673, 7.1329617, 5.4166369, 9.0184562, 4.5447682, 7.1015188,11.4633868
 5.0735907, 7.6397107, 4.1722555, 4.7710589, 3.8791516,11.6150710, 4.9530042,10.8873085, 3.7662405,11.8766838
 4.2208304, 2.6026113, 7.6863781, 6.3765006, 5.8091573, 3.3078328,11.0397781, 8.9678980, 3.9407581, 8.2406365
 6.1348336,15.8401393, 9.3191637, 8.1665990, 4.6183998, 6.9494128, 6.0172597,11.4375470, 4.9484667, 9.1908338
 7.3801490, 4.1957317, 5.1681095, 8.7398846, 7.0043870,11.0575922, 4.4600270, 8.2190760, 6.2349395, 8.0374760
12.0019763,13.0668886,11.2884914, 6.7799363, 9.8337332, 5.2799601, 9.4696599, 5.0127459, 5.2054702, 5.0008336
14.9332475, 5.8791904, 5.5453560,11.7678087, 4.3497060, 7.9663524,11.2596501, 8.7661222, 8.5612982, 6.4082094
 3.5469397, 4.0864528, 4.1027175, 8.1531694, 4.9755410, 6.3571673, 7.7833799, 6.1142301, 7.1282195, 6.5682016
 7.1669065, 8.6802095, 3.3061522, 9.4524482,10.7815152, 6.4316424, 7.8704372, 7.9784181, 7.4168202, 5.5029642
 5.8175302, 7.3414283, 7.9601796,10.9410535,12.9416504, 8.3341030, 6.9709798, 5.7481470, 6.6170676, 5.1145167
12.1919950, 5.3828134, 7.9018450, 5.0804740, 6.6109225, 3.7585826, 6.5778142, 8.3464543, 8.0921886, 6.5889242
14.4905235, 5.2320891,11.1142004,10.5861482,15.5371383, 8.1592189, 4.4976198, 7.7704885, 6.0275697, 8.5670925
 6.5022864, 4.7582361, 9.5131338, 8.8204041,17.2578009, 4.4748005, 5.6038170,11.8757521,14.2826911, 4.4665059
 7.4664813, 8.4393336, 6.9135679, 7.6048894, 5.0612524, 7.8668007, 5.6249369, 6.1642353, 7.2207930, 3.5751249
 7.3167935, 8.1980978, 4.7092889, 8.2305085, 4.2001941, 6.7481571, 8.8158606, 3.3367049,11.1885737, 5.9481830
 4.4555536, 8.7856207, 6.8892504, 5.7985759, 9.8172934, 5.8738602, 6.3713597, 9.1875787, 4.7825848, 5.7978385
 7.9149748, 9.1190799, 8.2532997, 3.9011974,11.9901229, 4.3027086, 3.4690837, 7.7290748, 7.2086091, 8.1663558
13.5956827, 6.6160964,14.3732992, 5.7561945, 5.5646643, 7.4681858, 9.6645425, 6.1781725, 5.4116701, 3.4500338
 4.3990356, 6.8734869, 6.3226970,12.7185625,10.9325893, 5.4009184, 8.1256124,13.6567863, 2.3072409,12.5149515
 4.0456616, 7.7429281, 6.2651583, 3.1885213, 9.8960133, 7.1401848, 3.9053600, 4.6383705, 5.7342970, 7.1912831
 3.7965235, 8.1796441, 6.0102764, 8.8943989, 8.6311145, 8.7081598, 6.6212625, 5.0981520, 6.0603210, 5.5368391
 9.2192332, 5.9231267, 5.8663546, 8.2791232, 2.7108750, 8.9294685, 7.1413908, 9.2744155, 3.4976397, 6.1095785
 9.9667953, 9.3160064, 5.2736811, 7.6988375, 8.7891913,15.5029333, 7.9213334, 4.2959669, 3.2976221, 8.0022484
 9.7653918, 9.9243983, 5.1268836,10.9122862, 8.0664741, 6.2413227, 6.6615373,10.4081443, 5.6845416,10.4867493
10.9016340, 9.7119324,11.5053000, 7.2448190, 9.6078173, 8.1533683, 4.2651086, 8.4803148, 8.9723900, 9.2635996
 6.7150851,10.4453747, 8.7381619, 3.6360292, 6.1683117, 6.1682306, 4.5580657,11.9252751,10.0415624, 7.6300664
 3.8988349, 5.1877839, 4.7874619, 3.8393392, 9.8679104, 8.2845432, 3.6250244, 5.1684636, 9.3946396, 3.7352779
 7.4368199, 8.2940410, 9.5544683, 4.7388733, 6.5174839, 9.1303314, 9.4833748, 4.8669520,11.8702587, 5.8359733
 7.8548572,14.4247251, 2.8056868, 4.4765955, 8.1852100,11.1838451, 6.4246418, 8.3415315, 4.0498700, 2.8715676
 4.8871740, 6.6841106, 9.6759035, 7.4761042, 3.6522514, 6.0307769, 8.5877443, 9.3876227, 4.2301852,11.4969182
11.3520870, 3.6896094, 7.8445009, 4.6553530,15.2032055, 6.8340800, 4.5299227, 7.1235525, 4.0521234, 8.7313763
 8.3221477, 8.6820053, 4.9575503, 6.8944871, 8.6681129, 5.6120156, 4.0763895, 7.0918545, 3.1707246, 5.2007702
 7.6295264, 6.0296161, 7.5661981, 3.5793892, 7.9960491, 7.9985529, 8.6261606, 3.5828358,10.4175170, 4.6709633
 8.2303527, 6.8378023, 2.7847107, 9.0071887, 7.1247978, 5.9899248, 5.5968460, 9.3956857, 3.5520356,11.6728793
 6.8967984, 8.3769378, 8.0061494, 7.3842825, 4.8355393, 8.0732001,10.7429289, 9.4308879, 9.9689965, 6.8468692
12.5822809, 9.9608677, 8.0134239, 8.3474351, 5.2097678,10.4999118,18.8430489, 4.5515105,11.2287031, 7.2756602
 9.3283452, 3.8279530, 4.2585108, 3.2592386, 6.6459168, 8.5396672, 7.8812062, 4.6579043, 6.1474748, 8.6381244
 6.1705922, 8.5924215,15.3472230, 9.0414306, 9.4846852, 4.3552083, 2.5633372, 8.1573270,11.9750697, 7.7617372
 6.6228316, 7.5334036, 6.4090327, 8.3926244, 7.8513225,13.9909498,16.0860080, 8.8665323, 5.8822258, 9.7785806
10.0396550, 7.4605789, 4.1123640, 6.2963949,14.5781764, 6.5681074,12.1890532, 7.8470165, 4.4824370, 9.5289981
 5.7733475, 4.2962992, 8.1679828, 2.7634736, 5.4523272, 5.3790274, 6.5646243, 9.2704685,13.9255265, 5.5589220
 2.9174262, 6.5153927,12.6780244, 4.9965896,12.1777549, 5.9274486, 5.3661359, 6.4509248,13.2851503,11.7531218
12.6127714, 9.4498153,15.1799206, 8.1697484, 9.7916746, 5.2322936, 8.1651197, 7.6264922,15.5049022,11.6941752
 8.0420440, 9.6342018, 6.5312127, 8.1038611, 7.7747181, 6.0082603, 5.7213851, 5.9095664, 5.6565826, 4.9415719
 4.6078644, 3.4365581, 7.0331289, 8.8477819, 7.5269667, 5.3277370, 2.4332017, 4.9048065, 7.5773661, 9.5282114
12.4462243, 2.9486003,11.1036296, 9.0253680, 6.3294168, 4.2107232, 3.7745950, 8.9005972, 8.5598342,11.4569624
 5.4189793,14.9288908, 7.1033671, 9.7296772, 7.0995297, 5.3872261, 6.3628301,10.1048682, 9.2773163, 4.5109083
 5.5119095, 7.7768034, 5.7024070,11.5946334, 8.5892139, 7.4886890, 8.9556962, 5.2249826, 8.8438507,11.0420643
 9.6345168, 5.0632497, 5.3808310, 7.1876512, 8.8285002,11.2902761, 3.8910249, 4.7543516,13.0816626,10.9703304
 4.0754323, 7.8102433, 6.2811303,10.2245236, 8.7762897, 6.1686938, 9.6796188, 6.6870220, 9.7068866,10.9276801
 9.0836846, 6.1796567, 5.8500110, 7.2118321, 8.4419917, 6.1671019, 8.3153564, 6.8797227, 9.8373642, 2.9239079
 5.5560838, 6.1746162, 8.4356558,10.2663406, 4.5598251,12.1317586,12.2759623, 4.5871856,11.3774460, 4.4373152
 6.9216990, 7.8188892, 4.5097650, 7.1091265, 3.4033242, 9.6917641, 7.2929153, 3.9635283,11.2572383,16.1974835
 6.4277071, 6.7886129,11.7066551, 7.4584396,10.0439693, 3.4803535,10.0522835, 5.9751035, 4.8355181, 4.8013954
 7.6165354, 9.1090342, 3.9530094,10.5032489, 6.0290995, 7.9756800, 2.9350131, 3.8365164, 5.9455094, 2.8866355
 6.7947697,10.4024826, 9.8444561,10.1564402, 4.3797710, 4.9173847, 9.0266929, 7.3933055, 7.1805284, 7.2344352
10.9045676, 5.9989976, 8.6687620, 6.3569821, 4.9339636, 6.7291598,13.1253449,10.6231891, 9.5450486, 6.2831155
14.1313397,10.4735888, 8.5746475,16.6148169, 8.0409425, 7.4449468, 9.3166365, 6.0659593,15.0610295, 9.1793783
 5.2149405, 3.5496105, 7.5771200, 6.5704864,12.4992656, 5.5230248, 6.8312953, 5.8605737, 9.1316653, 5.9403119
 4.4800916, 8.8289188, 6.3051059, 7.5105886,11.3258636, 8.2695805, 7.9066690, 4.9044399, 6.5082985, 6.6677003
 3.5501021, 7.9923563, 4.4805973, 8.5013645, 4.2442834, 7.2595685, 3.5485358, 6.3430675, 3.1020035, 4.0228384
12.8569645, 6.0436861, 9.8136054, 6.9691182, 6.3813201,10.8182335, 5.1927805, 5.0977557, 8.6823129, 6.9302665
 3.2068247, 9.3260761, 9.4618676, 6.0675898, 4.3165151, 9.5332662, 7.5884261, 8.3040456, 9.0720582, 5.7624085
 6.7649256, 6.8057956, 8.7679522, 2.9015365, 6.9163614,10.3012194, 6.3613888,13.3482034, 7.3197238, 9.8812172
10.3524746, 5.4971655, 4.6612952, 8.5913823, 4.0438659, 8.6533215,11.0619578, 5.1827875, 8.4390968, 9.8824482
10.7786916, 7.2929770, 4.1049174, 5.2473292, 7.2496157, 8.9122268, 7.6854756, 4.1291303, 6.3097712, 4.5709650
 8.2859664, 6.8443352, 4.0096302, 5.5507770, 9.6349622, 6.5785995,10.6490268, 7.3969965, 8.6342431,10.1207841
 6.8972716,12.7642766, 4.3351330, 6.1545593, 4.3596081, 4.7224555, 8.6407112, 4.3533972, 5.7368140, 6.2117287
 6.7596594, 6.0486111,14.4780255, 7.7816616, 3.2402512,13.2928945, 4.2748958, 4.1681584, 4.6857772, 9.2086851
 7.7132360,11.2850822, 8.3854026, 7.8557472, 3.3282429, 5.8269528, 9.0489965, 6.3101019, 4.6259469, 5.0373681
 7.4969235, 7.4160826, 9.9140383, 5.5619930,11.2253450, 8.2395618, 5.6907565, 9.6429326, 6.0198645, 6.2633201
 5.6707675,11.5784650, 6.1735086, 7.4943823, 9.0937120,11.9915771, 9.9735122, 4.5503919, 9.4798993, 6.9720480
 5.2402880,11.9489540,13.4220143, 4.3612798, 4.8758855, 7.3326358, 4.2544873, 5.6746955, 7.3629893, 8.9167366
 7.4536068, 8.8962854,10.4860472, 4.3469167, 2.8769822, 1.7196650,13.0539593,12.5308106, 4.7290302, 7.7773879
 8.0097528, 8.4464410,12.6157305,15.5799428, 7.8633471, 6.7711969, 6.6993514,10.0806917, 8.7826530, 3.5995004
 6.2387519,11.1375261, 6.3256274,11.9282349, 5.0420575, 8.2616548, 4.7465198, 8.0629138, 3.6809052, 4.7892620
 4.6501276, 6.6185231, 7.6085551, 6.0501652,12.1097224, 3.3432710, 6.3934484, 1.9780845, 6.9239492, 9.0743748
 7.9140329, 8.6624264, 5.5102656, 4.9733646, 9.6916581, 9.9976418, 6.5246725, 3.2464397,10.4839834,16.0055390
 6.3036913, 8.4295500, 9.0881581, 8.9364967, 4.0491388, 5.8893701, 7.4350616, 6.9519657, 5.5405463, 6.8942313
 6.7601832, 3.4449885,10.8136753, 4.6032718, 4.8320247, 3.2847996, 6.0846592, 8.1096830, 7.5524687,11.0423840
 7.7166034, 8.6732953,10.6194443, 7.0877885, 4.7460890, 7.9706786,10.5415720, 8.1784403, 9.3999897,11.9792979
 5.6378127,12.1179491,10.4538215,10.0715759,13.4980018,11.1183499, 9.8575047, 6.1325584,10.3950456, 9.1848084
10.4910662,10.3592983, 3.6361983, 6.0069481,11.5894783, 5.4166572, 8.7982598, 5.8655235, 8.4971398, 6.6849446
 4.2089831, 5.7705003,12.8612211, 5.9586402, 4.1307220, 9.4050190, 5.0897119, 4.6579128,10.2330750, 7.0532607
 6.6790144, 7.6584212, 7.6107997,12.7304858, 7.0263847, 8.2849366, 5.0157776,11.1320794, 4.8407081, 5.1035892
 5.0781268, 7.7640160, 6.7346025, 5.9490932, 7.5924909, 6.8140484, 7.2639250, 7.0097611, 6.4043481, 8.9833328
 5.0882950, 8.8691986, 6.3466658, 7.8750639, 8.6943013, 9.3111573, 6.9711530, 8.9110364, 9.0073856, 6.7634716
 9.9695956, 4.9318734, 4.6091212, 9.9611454, 3.5646956, 9.6843378, 8.4545223, 5.6533012, 6.8129629, 7.1864669
 6.4295350, 7.3564513, 6.3050167, 9.6900195, 6.7102653, 5.0686687, 3.2983097, 8.8813321, 5.1514371, 9.5198876
 7.8678701, 6.5481462, 9.1525339, 9.3186147,12.9760894, 6.7498517, 8.8658491, 6.6052717,10.0103252, 7.4184065
 5.7081844, 6.2958630, 5.9087824, 9.3964529, 9.4666648, 5.1414002, 7.4998493,12.1569761, 1.9693014,10.5145256
12.0424653, 7.3379380, 8.3344253, 9.0399545, 5.7535223, 6.2640483, 8.8636973, 6.7319988, 5.1841861,12.0845559
12.4784490,11.3099245, 5.8672592, 3.8911575, 6.6615652,15.3822166, 7.4948929, 7.1039889, 6.6494938,10.7213724
 5.3577603,10.2435517, 7.6426175, 7.1931775, 4.6007763, 6.5941232, 4.7026188, 8.8590558, 8.7348035,11.1019006
 8.4624546, 6.4941316, 4.9140503, 7.1690947, 5.1630675, 7.0774687, 7.9914762, 3.2298764, 8.8774296, 5.9037784
 5.5540003, 8.8435525, 6.5087050, 4.4443360, 8.0461964,15.7136209,10.5403224, 9.3242879, 4.8456407, 6.3097068
 6.7638483, 7.9934169, 4.3896261, 6.0494231, 3.0797802, 4.0120591, 6.6971542, 1.7191374, 8.8848696, 6.3199094
 6.5102688, 8.3908476,11.3497900, 9.2957676,12.1168433, 6.5708503,12.9156215, 8.0883917, 4.9856336, 8.0138428
 8.3021592, 5.1524915,13.4731200, 6.2752919, 7.7468988, 5.3007039,13.5286489, 8.1845354, 4.1123014, 7.0504801
 7.2776941, 6.4777102, 9.0248051, 5.3098940, 9.3726000, 9.4390526, 3.9315322, 5.3534150, 7.2083736, 7.5303424
 7.8806356,10.8008712, 9.3184527, 5.2974601, 5.7898062, 7.9847072, 7.7249885, 9.0158728, 4.1910491, 6.9271431
 6.6098007, 8.9356208, 8.1030526, 4.4979532,12.3656149,12.6746275, 7.3153429, 7.3570705, 6.5988655, 7.6667485
 4.4078815,12.9026681, 3.8770999, 7.8237956,11.7532715, 5.0507192, 6.3899334, 8.3532966, 3.6460815, 3.8444585
 6.7160558,12.8143914, 4.6123365, 8.6222278, 5.2396211, 7.7021712,18.0666222, 4.9702355, 8.7470439, 9.4108141
 6.2043160, 7.3425560, 7.4338934, 5.8943581, 4.9479655, 3.7127953, 7.4405955, 7.4995727, 6.7335538, 8.6729917
 5.3211742, 6.2025366, 9.0666737, 5.5455383, 4.1557559, 5.1306633, 5.5063443, 4.5955216, 8.7227736, 9.2604344
 5.8748212, 9.1143528, 5.0433969, 7.2056957,12.3927126,11.5979439, 6.7514749, 4.2255166, 6.9142703, 6.5668466
 6.3364699,10.2563867, 6.2853001, 8.6808511, 8.6111862, 4.6223538, 2.1488155,11.7131937,10.6163376, 5.2568558
10.6725411, 8.0819224, 8.7996769, 4.7362113, 6.2837070, 2.8961899, 7.2514819, 5.2380091, 7.7148767,12.6359208
 7.7369129, 1.8957343, 7.6963375, 7.6743673,12.3211792,11.7556236, 6.3783717, 5.9639539, 4.4057498, 6.6987144
 7.3939859, 5.4123558, 4.6217640, 3.0074667, 7.9149534, 6.4291757, 5.4331201,13.8046529,11.8309378, 2.6616014
 8.6469873, 6.8639554, 8.0803020, 5.1769675, 4.3926274,13.6373540, 7.1376435, 4.4313774, 9.6763261,10.8659982
 8.9726918, 6.5833977, 9.3811788, 8.4412692, 8.2480566,12.1291099, 8.2361828, 5.4254870, 7.5943804, 4.8240080
 4.2451936,11.3550694, 6.7645099, 6.0522040, 5.0044343, 7.1153085, 6.0645045, 5.4852553, 6.1775919, 6.0371045
 7.1970200, 8.9121376, 4.2896174, 4.5047626, 8.0403188, 8.2961334, 5.3655546, 3.5690239, 8.8926466,11.0624662
 6.3910257,11.3383819, 8.3610456, 2.6809686, 9.2229399, 8.1562173, 8.3530913,15.1400035, 8.6312543, 8.7954498
 4.7612952, 4.8942446, 7.4101698, 6.6554116, 5.7571681, 9.4464251, 7.8094460, 4.9046635, 4.3850454, 8.0053979
 7.4917098,10.4758541,13.0786246, 5.7657070, 6.8837187, 9.9160599, 7.0737133, 6.1417961, 5.2886657, 8.2679983
10.4780969, 8.1355565, 2.9780578, 4.0171552, 7.2822496, 9.1358599, 3.9682394, 9.0646673,13.3877164, 6.1899907
 3.6180390, 6.8630055, 7.8288524, 6.7416207, 7.6088735, 9.7571862, 6.9735223, 8.6792583, 8.1764765, 1.1855473
 7.0590785, 7.1785927, 7.9482200, 8.3220232, 5.9864854, 5.8803925, 8.0058409, 7.6014364, 5.9060462, 7.2527944
 5.4372261, 6.2907908, 9.6472083,10.0979079, 7.8027224, 5.1381972, 5.1746544,16.7760385, 9.8109146, 6.1876770
 5.7563638, 4.9133199, 4.4901552, 4.5725677,12.0676248, 6.5980692, 5.9254340, 4.3271387, 5.4128125, 4.9186065
 7.0132203, 8.2128078, 5.0143580, 8.2097697, 8.1847907, 5.0391885, 7.4895062, 7.0551874, 9.2654703, 8.4107540
 9.5132249, 6.0387048, 5.9618954, 4.4220782, 7.8424867, 8.6450256, 7.4865293, 7.4744121, 6.7496901,11.0344208
 8.1771666, 8.1015782, 5.4563206, 3.7067195, 3.6002831, 5.7612959,11.1945300, 5.2347658, 7.2653883, 4.0404960
 9.9237646, 6.5735711, 6.0592659, 7.3798376, 9.6663493, 6.7150467, 3.9685119, 7.0899409, 6.0242571,13.9374683
10.7575045,12.1484457, 6.3770177, 8.9617793, 9.3528700, 6.4901961,12.3023777, 6.4541241, 4.4699968, 7.2533393
 8.3201033,10.1393425, 7.5921196, 6.5200672, 7.3221962, 6.4321232, 8.0721568, 3.9429205, 5.6161104,10.7710001
 9.0875708, 5.3882783, 5.7707655, 9.3269548, 7.7328925, 5.8792203, 5.0381011, 5.3939229, 4.9956731, 5.3932679
 9.0749308, 3.1544370, 5.7898745, 4.1499022, 8.8423336, 5.2657470, 5.2861997, 3.2083343, 4.7860153, 6.9207727
 4.7965408, 9.4971383, 6.1577383, 8.0452033, 8.2210655, 4.5137920, 3.1224816, 5.5488926, 8.5632893, 8.9461702
 7.8370597, 5.9067555, 5.6388606, 3.8200348, 6.9229852, 4.4657753, 6.9209738, 6.1796288, 7.9953200, 5.2087426
11.4681216, 4.7106126, 7.8709189, 4.0398727, 6.3965004, 4.4394480,11.7006293, 9.1872729, 6.7279493, 7.6849343
 5.6979068, 3.3405739, 6.1046622,10.4819555, 4.0329996, 4.3641169, 6.7596393, 6.2050321,13.6024584,11.8774553
 6.2232254, 9.1701854,10.8842391,10.2132796, 5.8637991, 5.0242732, 7.2725809,10.4908269, 6.0152286, 4.8318187
10.2250300, 5.7038806, 6.6209767, 6.8776399, 7.8840627, 9.2444317, 6.9525846, 8.8994122, 4.4600160,11.9889699
 6.0475537, 3.7544859, 7.1692387,13.1147379, 9.6263845,11.0992514, 5.6456041, 5.6199947, 7.2419187, 8.4946084
 8.8505580, 7.4071115, 6.0831886, 5.5941265, 7.4271476, 5.2230400, 8.9670076,10.8377772, 6.9938895, 8.2255779
 9.4421015, 6.4031009, 3.7911082, 2.9933870, 5.8036477, 9.6147317, 5.0761486, 6.8112696, 6.1133229, 9.2346974
 5.9628460, 3.5863169, 4.5802723, 9.6160058, 4.4199320, 6.5727499, 7.7416173, 7.5098407, 7.7450249, 6.6830340
 6.4173560, 6.4864650, 8.2370525, 4.2728817,10.0966421,14.1004933, 8.1321462,10.9402108,10.1568209, 9.3794781
 5.6012747,10.3964950,11.4271628, 6.7850124, 9.6003975, 4.3562610, 3.6976193, 6.5172406, 8.6843675, 9.1285131
 5.9139837, 5.6399223, 5.6120799, 4.9631776, 8.6804040,10.2816073, 8.2540576, 9.9771185, 5.1082082,12.0847581
11.3387294,10.4145390, 6.7170589,11.6281794, 7.7516095, 7.8900159, 5.0780173,10.5070816, 7.4270198, 5.7922003
10.5989236, 8.7987987, 5.2295467, 5.2024331, 7.2624846, 9.5229121, 7.8277608, 6.2882055, 5.6416345, 7.4755929
10.2364636, 8.8832106, 9.2571553, 6.5427648,10.1284896, 7.0957627,13.6594961,11.1530729,10.1675336, 8.2960856
11.5685635, 7.8195238, 5.2490098, 9.6307348, 8.0399157, 4.5801217, 6.7817146, 5.5413899, 6.6259220, 6.4560135
 5.0253757, 4.9394224, 5.0609003, 3.1936078,10.8790747, 6.8682255, 8.0835104, 6.5289459, 8.1313396,10.9247656
10.5339560, 8.6070044, 8.2547013, 7.4905771,15.0173132, 8.9005528,11.3018222, 7.5666058,14.0682244, 8.5517586
 5.0699682, 7.3505317, 5.6093126, 5.1594515,10.3458665, 4.4887822, 7.9599980, 8.8583259,13.0971220, 7.4402358
 4.4124426, 8.6317777, 8.6528176,10.5613944, 8.7241427, 6.5339994, 9.4237019, 8.6247822, 4.0748841, 9.3147272
 6.0167867, 6.1709210, 4.4677410, 7.2247987, 7.6186852, 9.7239436, 5.5988794, 5.7440218, 9.7762646,11.1775317
 6.0399682, 7.1900156,11.0333638, 7.9932211, 8.3637462, 6.8576891, 4.0304206, 9.1928244, 6.7076457, 7.9837006
10.2033060, 5.3141287, 8.6191492, 6.0023381, 3.3649746, 8.7108389, 7.1207166, 8.4285415, 9.0061198,12.8836638
 4.5935990, 3.6855973,14.0638878, 7.7861193, 5.8351139, 3.6023554, 5.6664745, 6.0617523, 9.6958302, 5.1077696
 5.6491170, 5.6907742, 3.9725165, 5.7685034, 3.3465600, 5.9658647, 3.8946132, 8.7543052,10.3396540, 9.7678430
11.2568168,10.6524058, 4.5610676, 5.5373024, 5.8337163,11.4852604, 4.2556089,11.5121096, 6.6710741, 9.8093862
11.0883641, 7.7098921, 9.0402800,17.1766017, 7.1565232, 5.5976487,13.2331027, 9.6579447, 8.2243759, 7.1680650
11.2924867, 9.0982790, 9.2864627, 5.3203415, 5.0773179, 8.4644597,10.7833209, 7.3266195,10.0008734, 6.3964582
15.9630220, 5.9675447, 5.9826965, 6.5078548,12.5712281,11.1850757, 8.8065207, 6.8520337, 8.6987511,13.9393462
11.6521474, 3.6632629, 6.5915853, 6.1906722, 8.3441717, 6.8548316, 5.4865414,10.3327176, 1.7271225, 7.1781307
 5.4933614, 4.5935177,12.1702124, 4.1421829, 6.8478338, 3.5903651, 9.7912936, 7.6328723, 6.8911061, 4.5709474
 9.2078032, 8.3313618, 8.3367008, 6.5953060, 6.0223979, 9.7848356,14.3063872, 3.3749012, 6.2895410, 5.1449606
10.0108301, 8.5683660, 5.0742675,12.2157821, 5.3887085, 4.6824821, 7.0671598, 3.6405823, 4.8319072, 3.0926417
 6.7521281, 4.2535503, 4.9789934,10.8559973, 8.2551588, 8.4527128, 4.8513532, 5.7189765, 6.8929187, 6.5303527
 4.5293006, 6.2726016, 5.0506620, 7.4538596, 4.8153558, 9.1511106, 6.4931159, 4.7733888, 8.5235310, 4.7295192
 3.0638079, 7.9656423, 9.3830589, 5.0255655, 8.8455721, 6.0965098, 1.7803546, 6.2312162, 7.0283300, 7.3237779
 8.1651881, 6.1026606, 6.9824467,11.1665391, 5.3916476, 8.4424340,12.6030132, 6.2768156, 7.8262222,10.3733877
 4.5017159, 7.7355926, 9.5740396, 4.9886430, 6.2827402, 8.2944876, 7.3550414,15.3282084, 4.4011715, 6.9072349
12.3127815, 6.9535429, 6.2560179, 9.7522755, 7.2850058,10.0551479, 8.3682059, 4.7987016,12.3002734, 5.8372394
16.4270283, 5.5818356, 2.1879054, 6.5302075, 8.6628006, 4.2553782, 2.4651847, 7.8914004, 3.3805191, 6.5343401
 8.5563496, 5.4180445, 9.9753112, 7.8039697, 9.2785722, 5.4433943, 5.9802682,11.0198264, 5.9292023, 8.9739455
 7.2934014, 6.9588126, 7.9324953, 8.2200734, 4.8761521, 6.5256826,12.4512051, 9.6024167, 3.8024869,15.6994081
 6.1071286, 7.6371598, 9.1760168, 5.4309898, 4.4777587, 6.4846298, 5.8044554, 3.9417513, 8.7612473, 4.5079633
 5.2737107, 7.3803760, 5.4328812, 7.4908121, 8.0947279, 7.1992335, 6.5449012, 6.6412301, 6.7579919, 4.5953434
13.7704609, 5.4667633, 8.5483039, 6.5934007, 3.1013440, 6.8904667, 7.8656749, 7.2847753, 8.3300994, 5.0232448
 5.6906601, 2.6726200, 9.6491075, 3.5171860, 5.4051490, 8.2497318, 4.5291817, 6.0762814, 4.4368297, 4.8181890
 8.0707866,10.5748744, 5.8178650,12.6131860, 7.1603331, 5.0369549, 6.2694641, 8.2982763, 9.7067194, 6.1567116
 7.0594553, 5.8232050,10.3369660, 5.1215080, 3.5725913, 4.7128146, 9.2050468, 7.7805388, 6.8161008, 8.2086243
 4.4207008,10.0802744,11.3528265, 8.8581047, 9.9532249, 8.8377696, 5.8270185, 9.6818241, 3.1558950, 6.4967235
 9.7192189, 7.8819484,10.7177464, 5.6245095,13.5572909, 4.0843572, 8.4014983, 7.7436759, 8.1110346, 5.7587646
 7.1798957, 5.7327358, 5.9234033, 8.7188507,11.7663421, 9.1514861,12.1139091,10.8194084, 4.5767524, 6.2071359
 4.9901580,12.1054177, 4.4870400, 8.0491156, 6.0852955, 4.4235718, 5.5149348, 8.5274814, 4.2634436, 4.8813778
 8.8739865, 8.4559832, 9.6216563, 4.4924369, 5.9267365,10.3397481, 8.6063223, 8.1596355, 5.9328704, 8.2474295
 5.7068317, 8.6738069,10.2132927,10.4754562,15.3561832, 5.7938990, 3.1756859, 7.8044114,13.1770934, 3.2871362
10.8761611, 6.6157509,12.4642887, 6.2087955, 6.3738362, 4.9812929,10.7349270, 5.9115942, 6.2369654,13.0926642
 9.8003672,12.6283506, 4.9885627, 6.6514078, 3.5090707, 4.8565765, 6.8567926, 4.8375678, 5.7064466,13.4018745
 7.9678901, 5.2968588, 9.3543099, 7.2471669, 5.8318653, 9.1091897,10.0179814, 7.0649603,13.7354746,10.0777194
11.7098140, 4.7828688, 3.9486475, 8.5529294, 7.4796884,13.9567838, 4.3694124,10.3779736, 6.5250203, 8.4021655
 5.6211417, 7.7192382,12.4451064, 7.7292605, 9.3406502, 3.9091232, 5.8920934, 7.2496125, 5.6412841,11.2727239
 8.1447446, 6.3963448,10.0283271, 4.8533020, 8.1140161, 7.3985941, 3.8357895, 9.0229045, 5.7716061, 7.5953892
 6.4497681, 5.3921448,10.3005783, 6.1642155, 9.7807692, 8.1902693, 8.5977200, 3.1129066, 4.4457669, 7.1130555
 4.7016073,10.8093557, 7.8167399, 4.2832666, 8.7087049, 8.1050001, 7.3591949,14.0170355, 6.0124747, 4.4119334
 9.3487798, 3.9651182, 6.8296521, 8.9115616, 6.8048556,13.2984407, 6.5738243, 6.1437562, 7.6186795, 5.8924551
 6.6282976, 4.0978481, 5.9292056, 7.7744460, 9.3223001,14.4779751, 9.1832552, 8.3046348, 9.2271771, 5.4465053
 6.2268603, 9.8885777, 6.5381827, 9.1968964, 7.6737626, 5.0818684, 7.6364121, 3.7680282, 5.4768583, 9.8607099
 5.5768528, 4.7411400, 7.1362697, 6.1985889, 8.7020233,13.0825535, 4.8025069, 6.6016963, 4.5350196, 3.0728393
12.2689483,10.6033906, 6.9850821, 9.3708957, 6.5570279, 5.8968094, 5.4868862, 6.3660700,10.3238950, 5.3177614
 7.8421858,11.2431089, 4.0645879, 7.0639886,12.2358891, 4.5620356, 7.0551411, 3.5219267, 4.0667115, 8.8587647
 8.7429719, 9.6918467,15.3611420, 7.0020751, 6.0085638, 5.6630970, 9.1452463, 6.5638478, 3.6141570, 6.6889987
 8.1505072, 8.4348643, 8.5686349, 5.6306652, 5.0898539,10.3752991,10.2095784, 7.7122900, 7.8910052, 7.5160634
 4.2863358, 7.5271855, 6.9322911, 9.7367937, 7.7462152, 7.4759216, 8.1803516, 8.1519291, 6.6483725, 5.4253307
 7.9245710,10.3382076, 2.9081118,10.7732830,12.7326238, 7.1637591, 6.8051760, 8.3207322, 7.0707220, 4.6366819
 9.6547771, 6.6755755, 5.1268761, 3.8977647, 9.1664144, 9.6774298, 7.0548178, 4.8716036, 8.6417637,11.1345187
11.6601940, 2.9251420, 7.1974947, 5.6527457, 5.3216008, 4.4256807, 5.6054723, 8.5256537, 6.3833687, 6.6540846
 4.7188223, 5.3474851, 4.9425536, 8.4753091, 1.1215403, 7.8924229, 5.6813612, 7.5807896, 6.0746848, 7.3656391
 6.2605657, 9.6874398, 3.1348778, 4.3454206, 8.7823669,11.0061185, 8.4514249, 7.1850819,10.4070377, 5.0243535
 3.8620489, 9.8087807, 4.3635187, 5.7933400, 7.9494785, 6.2136179, 5.1975316, 3.6274900, 7.3091044, 7.4527083
 5.6779285, 5.5863230, 9.5800499,10.2673029,10.4119430, 6.7128402, 2.4411123, 4.5761461, 6.8903885,11.8334912
 7.6340666, 3.6603135, 7.4718530, 8.6121365, 8.5421762, 5.1087518, 7.8220172, 9.5339075, 4.9516218, 6.3617617
 7.7630587, 2.8070678, 5.0138566, 9.4272463, 7.7566799,11.6527100, 5.9759231,12.5592835,11.3026890, 8.8918853
 5.6635324, 4.8883266, 6.0209702, 5.3762226, 8.6191988, 8.4163940,13.5495788, 6.8791576, 6.6204514, 3.6357921
 8.4580601, 7.3320530,11.1701150, 7.1388888, 9.1520087, 6.9623154, 5.9834355, 5.0740262, 7.6664643, 8.2068342
 3.9176337, 6.5719652, 8.8972052, 8.1718295,12.3698657, 7.2693375, 6.9757901, 5.1349919, 3.7695195, 4.5152023
 5.2010288,13.9574095, 7.1309636,12.1945939, 5.9251033, 5.6160014, 9.1636555, 6.6584475, 7.7882460,12.3013253
12.1602247, 7.6719925,12.5102777, 6.1068282,10.8293015, 8.7361745, 4.8289541, 5.2108066, 5.2339324, 7.6824952
 3.6666002, 9.8264229, 8.2439494, 7.5117705, 6.1726452, 2.7858706, 6.6257215, 6.4497583, 5.6525830, 6.2841411
 7.4168766, 3.0674714, 7.7565341, 9.7675563, 7.0354422, 8.8642935, 4.8971068, 8.0949068,12.2685291, 7.4560914
 7.1934266,10.8252733, 5.8947325,12.1459441, 8.6944701, 9.2044491, 8.4516032, 7.5044934, 8.1055190, 9.7489465
 7.1752150,10.0764874, 8.1290087, 9.7376647, 8.0391621, 4.7748547,10.4986936, 7.2042574, 5.6010366, 7.6397066
 9.3122986, 9.9451085, 7.5183038, 8.7678341, 6.7198451, 6.5865982,10.9760259, 8.6144596, 8.9949790,11.7324964
 8.2539657, 3.3247877, 6.8727226, 9.2386465, 6.9579942, 8.5742594, 5.9934844, 6.7140265, 6.2056151, 5.9136685
10.5571696, 6.2624244, 8.2704968, 4.9954158, 6.7246951, 9.1822530, 6.4936334,10.5603092, 4.9698839, 6.7461271
 6.8209007, 7.0737473,10.5275807, 3.0873635, 8.5773495, 7.6259545,10.0941993, 3.1229116, 9.0607901, 5.1708680
 8.8819788, 7.4848915, 6.2180119, 8.2478261,10.2569887, 5.8952547, 8.5370235,10.0781605, 9.3531639,11.5486971
 8.6015533, 8.6638009,10.5165805, 6.1279422,13.4077727, 8.3145920, 8.0918315, 9.0666362, 3.2125866, 7.9790951
 7.0308781, 6.2346905,11.5875262, 2.9348430, 8.8235879, 4.5423398, 6.1891615,13.7992477, 9.7776213, 5.3960364
 7.5477111, 9.0627204, 4.6346903, 9.0976693, 8.0172446,11.5657272, 6.2658169, 6.8233015, 5.0540246, 9.7180296
 4.9635841, 9.0569542, 4.6642854,12.6873648, 5.1384733, 6.4202974, 7.9519339, 2.5878574, 3.5230452,12.3717276
 6.4850527, 6.1780344, 3.7215248, 8.8896417, 8.1487882, 4.5051417, 6.8548101, 7.3154286,12.1320933, 9.5642371
 6.8846004, 8.2763310, 4.9775473, 3.3647661, 8.3542473, 9.7579398, 8.0035138, 7.9349059, 4.5831116, 6.5193039
11.3808919, 3.0577029,10.2713625, 3.9901094,14.9774639, 6.5028046,10.1735174, 5.2358142, 9.2965560,12.8405206
 9.2933715, 6.8927468, 5.6343874, 4.9377941, 7.9104657, 8.9027437, 5.3408625, 3.7666849,10.9450235,12.1602588
 5.8423354, 8.0856312, 5.7610668, 8.1647363, 6.8239542, 7.8183521, 8.7731018, 9.3123687,10.6087498, 4.5870438
 4.0170474, 7.3381994,11.6287686, 9.6691056, 4.7714409, 9.2829762, 6.3079339, 5.5915366,11.2006038,11.5329899
 8.0306980, 8.3080717, 7.5044878, 7.0899419, 6.7340862, 5.3180525, 8.0439314, 8.1065132, 9.7406141, 6.2563397
10.7343678, 8.1413652, 2.8054348, 4.3102391, 8.6257683, 6.0195480, 4.9654629, 8.9954650, 7.5126697, 9.1188983
 7.8218343, 4.4897113, 8.0572160, 6.9799023, 8.3115172, 4.2305036, 7.3028237, 4.3952805, 4.5437487, 5.3435780
 5.7976417, 7.4703497, 7.5928479, 8.9085049,10.5166195, 4.5701212, 4.8457135, 6.2090328,12.7629251,15.5324829
 7.6844963, 8.1719043, 5.6772902, 5.3985364, 6.5430721,10.6057980, 4.9807539, 3.0761216, 7.0735050, 4.5329303
 5.1834084, 6.5296513, 9.9988455, 9.1406080,10.6584921,10.0176831,16.3628315,12.0111935, 9.0300031, 3.6596964
 4.5983506, 8.8777481, 6.6091321, 7.8667640, 7.6981328, 4.2285854, 8.9180558, 4.9232888, 3.7864079, 3.9300536
 8.1189730, 8.7780360, 5.7053884, 6.1828274, 4.6732233, 2.8483446,12.8970378,11.2312545, 2.7246968, 8.1925087
 9.0232592, 5.7762736, 7.9266068,14.0548556, 8.7862684, 6.9589174, 8.0031768, 3.4523410, 7.8867096, 6.2045989
 3.5697525, 5.0795496, 9.1562519, 6.7551684,11.2240412, 7.3757152, 6.5412382, 3.9770489, 7.7962124, 4.3572759
15.0290313, 8.6149954, 8.5048658, 6.1778649, 9.7782633,10.2473561, 5.8656131, 8.4981338, 3.6744171, 5.1046529
 3.6203394, 5.5896293, 4.4323640, 6.3999188, 7.6004072, 4.0111018, 5.0846777, 5.6175980, 8.2800496, 4.2751965
 3.6620207, 9.4546730, 6.7498113, 4.1429206,10.5877354, 3.9362094,11.0647022, 6.5742460, 7.0752114, 5.6286792
10.4577343, 8.3429708, 7.4245173, 5.6592707, 8.4458966,16.4695219, 4.5639801, 5.0986152, 8.9482931, 8.0870716
 5.7669262,16.7669801, 7.4933039, 6.5630705, 5.0356467, 5.0413688, 3.3247204, 9.5924427, 8.2897415, 8.5640271
 6.0598712, 4.5232900,12.6856686, 8.5584158, 8.1582257, 6.8610536, 8.1503376, 4.0799655, 5.4333856,11.3423887
 5.1957694, 5.3896585, 1.8435574, 8.7227653, 9.9213991, 3.9062122, 3.8803678, 3.2387122, 8.6638372, 6.1332630
 9.8548947, 9.3884816, 5.8516955, 6.4189530,10.3942803, 3.8865505, 3.3292283,10.2891730, 6.2660623, 6.5926128
 4.5101079, 9.4412869, 8.7351936, 6.8117734,13.4208488, 8.5842071, 7.4369556, 5.8113059, 5.7481378, 4.1132716
 6.5185654, 3.1761309, 6.8612687, 8.1993107, 6.2069807, 7.4245509,13.2099741, 1.5437130,10.6841537, 7.0848069
 3.9024684, 8.8269717, 4.3304619,13.1446229, 3.2976983,10.5646899, 6.3186193, 6.6248903,10.8115815, 7.4228395
10.3632403, 7.5865075, 6.5775498, 4.8537746, 4.4275659,12.3972253, 8.9470851, 8.4364979, 9.3990170,12.4397196
 9.3498184, 1.6663665,14.7111721, 4.1077203, 5.9901621, 6.5301612, 3.5420236, 5.0760327, 7.6639741, 6.1447333
 6.2651632, 9.4893164,13.4301234, 2.6173289, 9.0488621, 8.2344906, 5.3102671, 8.3143828, 7.4149369, 5.2506104
 4.9041075,10.1900672, 4.7078790,11.4178607, 5.0190140, 5.5141043, 3.4115016, 9.8764542, 9.2180537,13.6076384
 4.2651988, 6.6109550,10.2212290, 4.0766024, 8.6432854, 8.4434926,18.2657017, 9.8928441, 8.4131123, 6.1808190
 5.5404058, 5.9250578, 8.6106612, 6.2970326, 9.7573797, 5.3051033, 9.3132377,10.4410722, 8.4133686, 7.0080168
 9.2247385, 6.2415932,11.0829859, 6.1901483, 3.6096980, 6.9824099, 6.0559612,10.0900996, 5.9124343, 8.9523423
10.4256827, 7.8346612, 6.7718490, 6.8584785, 6.3865835, 8.1243841,12.6798711, 4.2857202, 7.1553129, 4.2045088
 7.6890103, 7.7575210, 7.9522352, 6.0104864, 4.8002310, 3.7682709, 8.6915620, 9.7056890, 7.0980262, 4.2257883
 4.0673507,16.2093842, 7.5607104, 8.3442526, 3.0181941, 5.2548486, 6.4698831, 9.1220659, 7.7956464,11.0375398
 8.9007526,10.2540351,10.3002626,10.9952005, 3.7625877, 6.4104672, 8.7430110, 9.8988019, 5.8520080, 8.5583883
 9.9635191, 4.8356953,15.0804090, 4.2520143, 5.5454670, 5.5953591,10.4031004, 5.6278028, 8.1273880, 8.3913568
 5.6598870,11.3555609, 5.8348709,10.5917685, 8.6707373,10.1587718,10.0405902, 5.3411841, 2.0508962, 6.5690203
 5.3771070, 7.4671587, 7.2075648, 4.9351307, 7.4307340, 5.5764914, 3.5607668, 3.4056880, 2.3358261, 6.8589588
 4.9522190, 4.2525176, 6.8194153,10.4739481,10.9391534, 3.4351188, 5.1466636, 6.2188920, 5.7337031, 7.0179390
 8.3932361, 2.9580415, 5.9656578, 9.5751499, 6.7694804, 7.3880547, 6.9700974, 6.5286457, 5.9054207, 9.4062281
 9.9344849, 8.3579918,11.2184636, 9.5180945, 5.9070316,13.4824497, 6.3843433, 3.6516613, 6.5823456, 2.0263625
 7.4172396,10.3778064, 3.4701439, 7.3625593, 5.3011642, 9.0790336,11.2862970, 9.5169133, 8.7917411, 8.1571247
 4.5072771, 3.5730548, 6.0151031,11.3433723, 6.8476687, 9.7968237, 8.1928499, 6.5946295,10.9915621, 7.3439794
14.2247914, 6.9146466, 4.5702369, 6.2637039, 7.3888318, 4.6172986, 5.2970450, 3.4818890, 4.0407316, 3.0062013
10.3736999, 7.5131281, 3.0627469,10.4480201, 8.9287582, 3.2370559, 7.2763793, 4.6986393, 4.5751455, 5.1422725
 9.0406466,13.4197164, 7.4604022,11.1228046, 9.1279694,11.0495759, 8.3612004, 9.5264753, 4.9818685, 7.8328149
10.2021422, 7.3170919, 6.6013940,10.3050284, 5.7104231, 4.6841253,16.3869824, 5.0741463, 7.9097534, 6.3052287
 8.4433772,15.0365178, 7.4084107, 4.5514680, 5.2624565, 7.6763725, 9.8816787, 7.0361532, 4.3562288,10.6152573
 5.7949319, 6.5722561, 7.9531724, 2.5548503, 6.0556548, 7.3293877, 5.1544587, 7.2321257,12.5158825, 3.5735492
 9.5284782, 5.4812073, 6.9212919, 5.4858097, 5.5718110, 7.4912645, 5.8091261, 4.5893450, 6.1947139,11.1200195
 5.7105239, 6.2279170, 4.3343842, 7.1260069, 6.6434988, 4.1443497, 6.3273305, 3.4257564, 4.2817216, 7.1122014
 5.0325648, 7.1232247, 5.7112391, 4.8971994, 6.8298330, 6.8855728, 5.8072266,11.6700524,12.4449047, 3.7016295
