 6.254388,12.694686, 5.111978, 4.470884, 6.135113, 5.642910,14.651787,11.232624, 4.545471, 9.767524
11.667609,11.389968, 7.994624,12.297691, 6.887001, 2.416368, 4.915998, 4.049597, 3.046805, 6.123118
 3.559192, 3.899705, 5.276195, 6.948676, 8.508138, 9.686567, 5.956867, 4.732008, 9.949139, 5.446858
 6.106092, 5.169481, 9.387948, 7.668983, 5.785238, 6.479062, 9.524301, 6.614984, 4.645612,10.963577
12.248658, 7.980616, 6.397337,10.650068, 8.099082, 2.689302,13.139320,15.079714, 7.668251, 7.827259
 6.249272, 5.815087, 5.763909, 6.274960,11.646313, 6.606984, 6.057624, 6.166363, 6.756396,11.763339
 7.646658,13.760290, 4.195518, 8.183926,10.441593, 3.231315, 9.080879, 9.336467, 9.784096, 4.419474
 3.501778, 8.392368, 9.571374, 9.464514, 7.031856, 8.851308, 8.224524, 4.978924, 8.443339, 7.339316
10.374776, 5.966417, 7.899086, 9.491962, 7.230312, 7.723888, 9.731889, 9.521190, 8.866661, 4.760196
 6.731652, 5.015763, 9.027717, 4.803760, 7.182309, 6.990295, 7.912571, 5.072655,10.094985, 6.476398
 5.717255, 7.862873, 4.589765, 7.032483, 6.041990, 9.341825,17.999618, 4.363906, 9.094799, 6.196040
 5.814576, 3.171214, 6.364524, 5.177861, 7.067313, 5.975437,10.812369, 5.769845,13.601390, 2.926945
 6.561410, 5.686844, 9.457889,13.857320, 5.668627, 8.871277, 7.302799, 7.109764,10.692581,10.705569
11.934738, 6.109472, 5.682451, 8.649511, 4.848937, 6.937086, 7.389795, 8.103007, 9.880072, 5.951194
 5.060084,14.235401, 6.902493, 4.033594,10.629657, 6.972635, 8.411059, 6.527431, 4.538753, 5.665411
 7.353446, 8.421038, 4.586513, 5.757405, 8.206852, 7.038640, 6.753560, 8.451707, 6.965814, 7.350681
 2.182936, 3.295498, 9.930384, 7.960673,14.443523, 8.516324, 6.376303, 7.649247, 7.539696,10.211516
 9.075062, 5.225318, 9.446021, 8.511119, 7.018236, 5.940098, 6.623936, 2.633374, 8.476936, 6.208721
11.383860, 8.283924, 8.965556, 5.135385, 6.944384, 9.134334, 5.044370, 3.632586,12.178171,10.773838
 5.384339,14.081666, 6.883429, 9.533554, 4.428876,17.001363,12.492302,11.849039, 6.178323, 4.797311
 5.724326,11.427613,17.004133, 9.639992, 6.011563, 7.500082, 5.346654,10.161288, 6.981155, 7.786745
11.271648, 6.260561, 5.632860, 6.264492, 5.673640, 3.259255, 3.529614,13.042783, 6.844639, 5.415732
 6.429331, 4.061265,14.092435, 8.368176, 5.621809, 9.773912, 5.952066, 6.147542, 6.637493, 6.791148
 6.292190, 9.581429, 8.960776, 7.405062, 7.834118, 4.773101, 7.710662, 3.248677, 9.084442, 9.235432
 5.721138, 6.914447,12.103075, 4.783377, 5.134641,10.223327,13.924803, 6.836198, 4.595285, 2.948435
 8.567869, 4.576899, 7.318551, 8.164494, 8.891603,15.067073, 4.882947, 9.958239, 7.066415, 9.911103
 8.590053, 6.703663, 5.120532, 8.583120, 5.935517,11.786758, 3.782178,11.582032, 4.369659, 5.904827
 6.053602, 4.945458, 6.768568, 9.789662,11.570759, 4.849370, 9.041341, 6.442984, 4.856198, 7.680142
 7.822257,10.092574, 4.208207, 8.388030, 7.068779, 8.650507, 4.747644,11.122903, 4.802478, 9.467997
16.860161, 3.795720, 8.420665, 6.298074, 7.821465, 7.906451, 3.928654, 6.655725, 9.246128, 6.082160
 4.838655, 3.696215, 8.692630,12.483373, 7.234669, 7.928137, 7.011903,12.375013, 9.328409,11.535741
 2.816751, 3.014462, 9.333669,13.133963, 5.822959, 6.581467, 7.284405, 7.589521,10.141114, 6.297170
 5.761326, 6.886347, 4.725020, 5.238468, 4.268019, 5.494609, 6.653207, 6.563873, 4.927533, 6.613908
11.022406, 6.054487, 6.517559, 8.113876, 9.345954, 4.342172, 6.748711, 5.108770, 5.324756, 8.130333
 7.572284,10.588405, 7.516042,10.175073, 4.573137, 8.361695,10.635284, 6.359394, 7.426732, 5.155446
 9.935733,12.166969, 4.397271, 8.906932, 8.337139, 7.346993, 7.964825, 8.493812, 7.334808, 9.514517
10.669924, 5.243359, 4.018915, 6.690864, 6.741410, 6.298361, 4.248042, 6.945328, 6.282147, 6.303777
 5.031939, 6.348754, 7.141139,14.496334, 4.154958, 5.342102, 7.709894, 1.640749, 8.312558, 7.529476
 9.134441, 4.609714, 3.826800, 6.369509, 6.185101,11.644723, 4.818619,10.559286, 9.808417, 5.074755
12.639455, 4.466413,11.201714, 8.906783, 8.134838, 7.704926, 7.014861, 4.527642,10.968723,10.797187
11.971850,14.112081, 8.865082, 3.930881,11.643948, 5.629797, 5.069671, 7.431339, 7.637285, 7.557246
 4.834307, 7.431673,13.031430,10.406359, 5.898373, 7.518012, 5.580374,10.958714, 2.982577, 6.710435
 5.475383, 6.756604, 5.268396,12.028861, 4.941331, 4.962212, 7.076557, 9.753324, 5.418124, 5.336633
 8.746717,10.156908, 4.032467, 2.138287, 5.847613, 6.014494, 5.854714, 5.949513,10.459684, 5.672039
 7.246100, 8.257364, 7.419953, 4.594470, 4.294832, 9.255589, 7.670241, 8.820299,14.878876, 9.137466
 4.448705, 6.736134, 9.895521, 4.392195, 5.607503, 5.093060, 8.889694, 5.599621, 3.363698, 6.011834
 9.057791, 5.909017, 6.376306,11.130119, 5.745641, 7.943282, 5.710645, 6.702246,14.520931, 9.673202
 7.834881,14.517888, 9.811675,10.638791, 6.901971,13.938802,10.947688, 7.583465, 6.461080, 6.163556
 4.959736, 7.125994, 9.664647, 4.777625, 9.698701, 9.843496, 6.940652,14.505004, 5.469821,10.011343
 7.618850,14.861223, 6.778829, 3.841585, 7.991700, 4.803683, 5.383370, 7.130569, 3.420871, 7.129616
12.260438, 4.105387, 7.195093, 7.147086, 7.871895, 6.573450, 8.731900, 8.396187, 4.792167, 4.843545
 7.678765, 9.990635,14.928721, 3.827972, 7.865585,12.245492, 4.296489,12.496447, 5.218981, 6.588241
 8.258217,10.459121, 6.966549, 5.923670, 7.442559, 2.582924, 7.796546, 4.793010, 7.898827, 2.123410
 4.811718, 6.625007, 6.909087,16.702300, 4.631303, 6.868554,10.481025, 5.995405, 4.461117, 5.041084
 6.413610, 5.898244, 5.319612, 7.419281, 9.855720, 6.918622, 4.144722, 6.024899,10.695464, 6.015140
 3.981430, 3.941144, 4.655035, 2.069976, 4.122008,17.637611,10.034914, 8.166684,11.445769, 5.877944
 6.879002, 8.045571,10.254490, 9.288508, 7.689796, 8.211267,11.564707, 5.155054, 7.962197, 3.738152
 4.319159, 9.680240, 7.559944, 6.337822, 7.459809, 8.366918, 9.691545, 8.684542, 5.690348, 7.743801
 8.398437,10.832994, 6.576195,13.851400, 4.938208,11.034830, 6.575100, 4.493228, 9.447376, 7.743385
 4.177606, 4.981735,11.172869, 6.712147, 6.180658,10.470758, 7.041852,11.582092, 9.320136,10.285368
 5.791420,10.327784, 3.764484, 8.103641, 9.858861,13.868631,12.519951, 9.391987, 8.345481,11.236125
 3.740105, 9.241923,13.205750, 4.944188, 6.106027, 5.217284, 5.709517, 6.812191, 6.117025, 6.137088
 7.840953, 6.345966,10.839256, 9.038502, 5.715107, 6.404534, 5.202728, 8.035089, 6.475624, 6.897567
 5.482240, 9.118334, 8.360433, 3.419518,13.437964, 7.851715, 6.727379, 5.782959, 8.302261, 5.452178
 3.696687, 5.518314, 5.492065, 4.750300, 5.738710, 6.146490,15.346748, 8.111391, 5.892211, 2.903765
 9.065915,17.257748, 6.278400, 5.835453, 5.932037, 6.376001,11.908383, 7.380675, 5.823812,11.060163
14.751399,10.333580, 8.840167, 4.927828, 6.043637, 7.090436, 8.562910, 3.613949, 5.296536, 4.835343
 9.046475, 7.083835, 4.725996, 6.631492, 7.471312, 4.877966, 7.187813,12.127344, 3.675669, 7.633503
 4.408305, 1.223518, 9.218208, 5.745734, 5.953419, 8.681470, 4.411627, 7.200225, 7.409497, 7.460123
11.555006,10.171751,12.830254, 7.353642,12.436750, 4.519987, 6.206040, 7.154918, 7.123530, 8.912908
 4.770894, 7.716294, 4.905864, 8.107463, 9.035790, 4.864350, 6.953860,16.510417, 8.276844,12.957590
 8.803334,11.583266, 5.076259, 7.427879, 7.303910, 9.482524, 8.557753, 2.561219, 2.319935, 5.695761
 9.614281, 9.462623, 9.698833, 7.917161, 4.754659, 3.008380, 7.263994, 4.384770, 6.471390, 7.135267
 7.548073, 5.648242, 7.836140, 5.220866, 3.106868, 6.192680, 6.272322, 4.892041,10.059925, 8.397590
 6.968709,15.255338, 3.465016, 6.594317, 4.265743, 8.196872, 7.534752, 4.908422, 6.979173, 7.377636
 9.164881, 4.693315,15.787999, 6.263943,12.128246, 5.177690, 4.553888, 7.014592, 4.203269,12.836290
 6.475873, 5.341109, 6.001798, 7.895657, 7.761871,10.087003, 8.628957, 9.281924, 4.586990, 8.444484
 3.905484, 5.818845, 5.403637,11.089390, 6.083290, 5.788404,11.879609, 8.109643,10.604223, 2.691962
 6.055008, 3.461284, 5.720558, 8.827471, 4.953910, 6.948937, 2.815123, 7.452944, 8.733107,10.363864
 9.165913, 6.036106,10.340475, 8.656003, 9.907545, 6.212806, 5.706227, 8.451223, 7.150612, 3.636448
 5.560991, 7.771978,12.346649, 7.544908, 8.466579, 2.780226, 7.161718, 7.438172, 5.084029, 9.113897
12.803374, 5.540692, 8.284045,10.109596, 8.578883, 4.436292, 5.609770, 7.009874,10.709864, 5.960022
 4.186129,13.550470, 4.120750, 8.905619, 8.339003, 2.823592, 6.385038, 8.424637, 3.606730,11.939666
 3.945526, 6.485413, 8.633141,11.566041, 5.695805, 5.376724, 5.673529, 5.938921,19.551016, 4.674675
 5.511089, 6.430829, 9.317296, 8.749763, 6.876740, 5.172457, 6.450075,10.319155,12.067087, 5.868943
 5.888950, 6.224820, 5.106028, 3.938115, 7.022373, 7.140221, 4.667279, 5.786533,12.271569, 6.077418
10.743223, 7.909109, 7.242090, 2.803705, 6.208252,10.299079, 6.143204, 6.361932, 6.593735, 9.434794
 5.494044,11.245101, 9.288418, 7.771151,10.523302, 8.740960, 4.469168,11.517998, 6.327001,12.525497
 4.946912,13.349694, 5.396473, 6.558028, 9.002626, 8.345882, 6.846219,10.138191, 7.993297, 8.025765
 7.085732, 6.356086, 6.510010, 5.114057, 8.071362, 7.673638,10.221540, 4.086815,12.235946,10.808085
 7.082856, 7.489327, 7.211318, 2.421470, 4.924339, 3.552294, 7.543999, 6.305636,13.743256,10.174590
 5.434432, 8.054068, 4.637967, 3.179901, 6.318012, 5.633498, 9.764009, 7.286084,13.681960, 4.523142
 5.928087, 6.860621,12.830448, 8.736115, 5.163059, 8.671950, 5.987640, 8.596525,11.109509, 5.514850
10.019612, 3.312226, 7.444466,10.679280, 7.769260, 9.181046, 5.427979, 3.790116, 2.992566,12.056655
 5.428494,11.265698, 9.285968, 5.064904, 7.141344, 6.598956, 7.286777, 4.943355,10.553946, 9.580645
 4.070139, 6.721597, 9.972187, 6.702625,11.427357, 9.394679, 8.334365,10.867249,12.417180, 6.515448
 3.457605, 6.288399, 4.024833, 7.818577, 9.855364,10.366118,13.445370, 5.392665, 8.359173, 3.190658
16.124659,11.587200, 5.095387, 7.217182, 6.743821, 1.704533, 8.346888, 5.966668, 5.013717, 5.794247
 7.425217,10.475095, 8.469458, 8.689547, 8.708712, 7.132729, 8.756830, 7.564794, 4.368283, 3.699143
 7.447108, 8.381111, 7.793258,11.194830, 6.749657, 4.419635, 3.227434, 5.827354, 8.103138, 5.878293
 6.319535, 7.297769,10.335059,10.856633, 4.159352, 6.709137, 9.514593, 8.727770, 5.577543,10.139771
 6.157593, 7.461738, 4.583648, 7.480836, 7.913745, 6.105801, 7.545052,11.922473, 6.908509,12.151487
 5.817442,10.485960, 5.501176, 4.551178, 6.925472, 5.536512,10.858039,12.752731, 9.376725, 8.998752
 4.840379,10.563385, 3.383285,14.011450, 5.826619, 5.088776, 9.136821,10.455944,10.776704,11.710796
 7.933016, 7.441567, 5.220992,10.676564, 8.022188, 8.604402,11.575330, 8.243790, 9.582734, 4.151552
 7.526102, 8.730366, 6.371933, 3.186218,13.002393, 8.324272, 9.381766, 7.315115, 5.379480, 3.411238
 6.028983, 6.991853,10.921243, 7.071533, 7.777175, 4.734380,10.768474, 7.315733, 8.861567, 9.302014
 5.437378,14.525120,11.942850, 3.542385,11.703434, 6.961050, 4.460222, 5.933421, 5.825227, 8.723094
 9.883985, 5.196968, 7.737037, 7.685253, 7.561427, 6.152552,10.809272, 6.751676, 7.145368, 9.283559
11.195407,11.038589, 6.185480, 3.790974, 2.448155, 7.571809, 9.379028, 9.030399, 6.406017, 7.309852
 7.636173, 5.530563, 5.724153, 8.504007, 6.837466,14.109034, 7.458678, 9.539366, 8.125600, 8.632613
 8.720563, 6.381776, 6.358960,11.146097,18.343760, 4.579702, 5.479581, 6.771675, 6.962384, 4.810293
 8.197345,11.267100, 5.882983, 7.750290, 7.010935, 7.032216, 6.178117, 7.630778, 5.057382, 7.519172
 3.565259, 4.622758, 5.382295, 5.522843, 8.758177, 8.361153, 7.623658, 9.673221, 3.951376, 5.666767
 1.333713, 7.627798, 6.747948, 4.348303, 8.365112, 8.027850, 9.299106, 4.989114, 6.374534, 7.743477
 8.837010, 6.991009, 8.435517, 7.395995,10.239436, 7.824752, 5.880193,10.723370, 8.388273,11.139784
12.242552, 2.641212, 8.340324, 5.033714, 6.646675,10.449733, 6.876197, 5.072134,10.084496, 7.061031
 8.133375,10.844712, 8.891171, 5.309499, 6.665245, 9.760286, 4.757964, 7.438325, 9.058498, 4.632536
 5.859638, 6.622568, 8.378853, 5.836672, 3.698886, 7.713160, 5.438441, 7.088138, 4.782696,11.739627
12.833777, 8.603663,11.928412, 6.721234, 4.826604, 9.448219,16.846456, 6.260751, 9.315258, 7.617358
 4.445360, 8.790815, 7.884673, 8.362764, 8.361710, 9.681537, 5.909470, 5.591321, 9.734926, 9.057740
 8.269884, 9.798822,11.798623,12.305480, 5.549245, 5.021715, 7.919859, 5.356056, 7.814122, 6.628795
 9.545099, 4.644078, 9.138028, 9.065612,15.967246, 8.593097, 7.443254, 5.350168, 6.650931,11.654620
10.375450, 3.216205, 7.731800, 4.238050, 4.736179,11.765074, 9.515697, 7.977465, 7.276162, 8.361600
13.359591,10.073838, 5.565477, 7.283781, 5.431672, 3.816807, 7.698459, 2.805613, 8.631045, 8.853444
 8.640652, 3.380688, 8.293660, 7.133402, 4.236642, 7.875062, 5.398952, 6.345338, 8.675565, 6.323345
 3.961972, 6.459449, 4.591891, 4.155733,11.763040, 2.683362,13.580985, 4.307765, 6.104660, 8.144178
 5.457436, 4.709778,17.200035, 8.815565, 7.352863, 4.542038,11.382853, 7.559726,10.384879, 8.228040
12.422350, 7.920160, 6.281794,10.637099, 9.680978, 5.482979, 7.174373, 8.538852, 6.793206,10.308221
 5.063054,10.918582, 8.317285, 8.935791, 4.793845, 8.325414, 6.982235, 9.500801, 7.053661,10.380926
13.956743, 5.649221,13.202252, 8.258382, 3.253254,12.041726, 7.572613, 8.207924, 3.250887,15.095929
10.784296, 5.561764,12.696697, 6.452062, 6.982187, 5.719081, 8.675648, 6.056578,13.146139, 5.307754
 7.639673, 3.876891, 7.189434,12.731976, 3.545238,12.531310, 9.289797, 6.089441, 6.715869, 6.927522
 3.931097, 3.108094, 8.589841, 4.925090, 7.366355, 5.517386, 4.760434, 5.107542,13.852496, 7.581135
 4.460385,10.846474, 5.523380, 3.238031, 8.520946, 4.635214, 7.095172, 6.723168, 4.779875, 4.906418
 5.194022, 6.257651, 4.177208,14.502937, 7.684727, 4.554945, 7.344230, 4.962539, 7.416933, 6.286270
 4.808611,12.116218,10.409196, 5.658435,10.828303, 8.024624, 7.783959, 5.922681, 7.700666, 9.666468
10.322814, 6.679739, 3.118356, 4.811588, 9.696613, 5.550225, 8.833541,10.355202, 7.563268, 4.835952
11.167778, 8.313118, 4.936605, 3.796359, 9.129164, 3.900962, 8.843020, 4.551291, 6.869085, 8.112772
 6.896732, 5.402937, 6.513906, 6.722297, 5.123955, 7.045117, 4.448429, 5.898678, 6.470114, 8.460230
 3.411315, 8.811663, 3.780501, 5.179276, 5.818352, 7.681754, 8.900837, 7.882976, 5.727991, 8.701873
 4.648191, 8.709567, 8.518885, 5.193204, 7.694928, 9.692046, 5.207258, 4.384253, 7.266434,11.134971
14.573582, 7.549748, 7.488093,10.787849, 4.957566, 4.874065,10.126715, 9.360710, 8.307983, 3.496216
 4.746629, 4.616098, 6.977969, 7.128152, 7.322009,17.251052,11.296604, 4.787403, 8.346859, 5.078128
 5.427054, 5.608588, 4.897764, 2.875502, 9.692044,11.454566, 7.564803, 6.504775, 4.759083, 4.242566
 6.424732, 5.691843, 4.036878, 6.018071, 5.985548, 6.401541, 4.825014, 9.529716,11.133758, 7.501178
 5.586110,10.316721, 7.587436, 6.750237, 9.487741, 8.668774,12.448368, 8.845661,14.004715, 6.992494
 8.069550, 6.303617,10.785153, 8.998060, 7.243292, 7.196318,12.456834, 9.074771, 8.752977, 7.713967
11.632892,14.763011, 5.212636,10.026399, 4.140317,11.647647, 9.593543, 6.622766,12.292978, 8.182884
 7.287641, 7.548098, 5.748048, 4.077193,10.120106, 8.281226, 6.693493, 9.160025, 4.576585, 5.064820
 6.406945, 9.161448, 8.367682, 3.005641, 9.051805, 8.287806, 8.696495, 4.163538, 7.265830, 9.609180
 7.226267, 7.365941, 5.428082, 2.991490, 6.163411, 5.868581, 5.613544, 5.993380, 6.504059, 2.992531
10.293354, 6.179372, 5.550840, 7.148000, 4.622669, 9.623165, 8.800869, 2.788733, 7.334293, 5.487102
 8.119938, 5.042632, 8.209972, 7.449616, 5.631556,10.435831,11.690629, 8.258304,10.446739, 6.459082
 5.794278, 8.255539, 7.066637, 4.154523, 7.801052, 6.642036, 7.112696, 5.808466, 7.786789, 8.442304
12.629059, 9.486501,12.509704, 8.833855, 6.398425, 4.595908, 7.060791, 5.540473,11.461295,11.650841
 8.823881,11.012513, 8.183544, 3.161327, 8.416010, 9.046615, 5.575565, 6.807739, 6.823476, 6.089168
 5.199786, 5.805797, 6.699396, 4.103484, 4.750536, 4.675054, 6.386462, 6.676978, 4.536900, 2.114894
 4.765381, 4.558133, 7.127991,13.844806, 6.058547, 9.970652, 8.260265, 6.395362, 7.419921, 8.499025
 3.147557, 7.850390, 9.960000, 8.748729,10.486180,11.617399, 6.809610,12.836150, 6.917154,11.226419
 7.956504, 8.615698, 8.282070, 3.765841,10.879480, 4.160139,10.208039, 6.158960, 8.027151, 6.569540
 3.070966, 4.894246, 8.005576, 7.267411, 3.132794,13.805376, 8.091442, 2.878707, 4.733822, 9.286173
 7.129137, 6.440404, 9.510827,10.055443, 7.740028, 5.874786, 8.580062, 7.668907, 8.401156, 4.670281
 5.702647, 3.553599,10.044633, 6.535931, 8.240512, 7.415139, 9.548772, 8.779830, 6.338498, 7.976348
 5.277108,12.724702, 3.604569, 8.240246, 7.681132,10.053008, 6.339727,15.000464, 5.526613, 8.748194
10.178928, 7.500987, 8.504367, 8.762315, 7.951626, 4.291486, 2.754065, 3.603530, 6.155317,11.570722
 8.206197, 7.504326, 7.390328, 8.257181, 6.095477,11.161646, 6.897294, 4.244662, 6.680466, 2.866313
 9.016097, 5.555450, 8.997492,10.271074, 5.055976, 5.406183,11.185706, 5.961339, 8.479087,14.002848
 9.620730, 2.596603, 6.278801, 9.382804, 6.586685,10.057707,10.387415, 7.340827, 6.983714, 6.760514
 5.181462, 8.252824, 6.253160, 4.848928, 9.285826, 6.447068, 3.178293, 5.629648, 4.838801, 6.461010
 4.029953, 4.415867, 5.121905, 7.069480, 9.317006, 8.146711, 5.606320, 4.242753, 9.232903, 8.271164
12.219605, 5.166566,11.380712, 8.181048, 8.462693, 8.061438, 5.982411, 7.244280, 8.360601,15.536255
11.677153, 6.636809, 4.897965, 8.330223, 7.202806, 5.027689, 6.050631, 9.571442, 4.305161, 8.601550
 9.437580,11.000056, 7.967272, 9.985739, 7.427685, 6.690861, 4.870201, 8.984970, 6.609222, 3.575960
 6.335805,11.127473,12.768515, 2.467375, 8.317663, 5.331026,11.618289, 7.568248, 4.224460, 6.832216
 4.163323, 8.299830, 4.709514, 8.059756, 5.851300, 6.224804,12.209365, 6.991785, 6.581615, 9.207949
 4.856232,11.876482, 5.705577, 6.065772, 7.156271, 7.001372, 6.834725, 6.531646, 3.179086, 3.791281
 6.957214, 3.359564, 9.415784,12.996614, 6.725998, 5.504388, 6.579404, 5.040224,10.178905, 5.392188
 7.738467, 4.662940, 6.153404, 4.054455, 9.430086, 8.284506, 5.431036, 4.935226, 7.574634, 7.453289
 5.750543, 3.119358, 5.359525, 6.731665, 5.123340, 5.017261, 7.985721, 5.858415, 6.338433, 4.999665
 6.977356, 8.241423, 6.816093, 6.949036, 7.252550, 6.980968,11.231215, 7.793137, 6.631979, 4.097816
 7.767563,12.084698, 5.322933, 4.836474, 8.752408, 7.409484, 3.751108, 4.926121, 7.814273, 9.422087
 9.134012, 4.658368, 3.345828, 5.022074, 7.220029, 3.327458, 3.290751, 6.291023, 4.761117, 5.765017
18.337296, 3.395004,10.298027, 7.902259,11.852483, 4.191033, 6.600616, 3.698944, 7.726194, 7.390032
10.547247, 6.546543, 5.831949, 9.670345, 6.927016, 4.645348,10.036294, 9.821283, 4.561501, 4.960193
 6.746428, 4.730115,12.039862, 3.423337, 8.244709, 4.042017, 4.462511,11.679790, 6.335353, 2.158385
10.390128, 4.525171, 5.820748, 5.692334, 6.495461, 7.260239, 6.653633, 8.465607,15.161352, 5.543827
12.034403, 4.648750, 8.583110, 7.200076, 8.976286, 4.907879, 6.461746, 6.578786, 7.537871, 6.447379
10.061748, 4.646739, 8.110705, 9.344399, 8.478589, 9.154125, 4.779837, 4.865077, 7.804811, 9.129689
 8.277992, 9.510647, 5.297555, 9.834119, 5.191930, 6.060713, 4.674071, 7.072969, 7.342882, 4.030536
 4.998636, 5.491160,12.826671, 6.485553, 8.766261, 8.163767, 4.979048,11.524746, 7.566590, 5.406040
 3.591004,10.077041, 4.699973,15.554803, 4.161195, 4.364785, 7.443851, 6.799040, 8.218452,12.787732
 4.613946, 4.281968, 7.746103,10.410908, 6.105069, 8.747557, 9.154160, 5.749953, 4.069975, 7.212257
 6.847392, 8.214272, 4.924172, 6.061159, 2.847550, 7.863964, 6.761416,10.424170, 9.788891, 8.141261
 7.856856, 6.471042, 7.052010, 8.041078,11.722319, 8.926167, 6.041897, 3.701062,10.376461, 9.793682
 6.568784, 8.396348, 9.091804, 6.895356, 8.436837, 6.139035, 8.241025, 9.112309, 8.272266, 3.691021
 8.082209, 5.697594,17.688772, 5.958459, 6.008054, 5.945540, 3.713968, 9.927011,12.490284,12.054594
 8.570602, 7.986823, 2.392614, 7.665564, 9.517038,10.705591,14.383361, 5.020276, 9.949484, 5.127226
 5.307070, 5.900894, 6.989902, 6.184017, 4.250873,12.664920, 4.622610, 8.042747, 6.844309,11.325335
 3.737049, 7.441706, 6.013141, 6.314635, 9.871600, 6.914527, 7.150689, 9.807142, 7.088625, 9.698704
11.808240, 4.171014, 7.317888, 8.835002,10.114226, 7.281977, 8.951307, 7.549959, 8.822642, 9.097583
 2.921552,10.495205,10.623312, 6.400131, 8.051646, 9.472276, 6.445994, 9.379095, 1.881961, 7.939140
 6.029034, 8.193680, 5.252950, 4.643049, 4.041277, 6.708312, 6.478578,10.819631, 8.994737, 3.360956
 7.098949, 5.719201, 8.281436, 9.562444, 6.342504,10.929935,11.624725, 8.373637, 1.692438, 6.758101
 8.060659, 6.850921,10.485396, 8.727027, 7.875171, 6.759815, 7.194824, 8.483352, 7.106958, 5.259047
 6.405300, 9.298555, 6.639451, 7.025790, 5.655512,12.779288, 6.499544, 7.179279, 4.900347,14.059213
 8.459855, 9.522662, 7.697531, 5.312809, 8.276488,10.118990,10.863856, 4.318836,10.428968, 6.942465
10.792406,11.620230, 7.988321, 3.622413, 4.980459, 4.225330, 3.234807, 6.477485, 5.904450, 7.521793
 5.562682, 7.998100, 8.195871,12.604815, 4.384755, 9.544900, 8.217730, 6.049399, 8.446781, 7.098239
 9.063559, 3.816975, 5.990340, 7.012489, 9.272562, 8.542599, 7.283236, 8.509911,11.455434,10.862366
 7.335546,10.258267, 5.757251, 9.154659,16.133252, 6.465066,12.196663, 7.743988, 9.358236, 7.722162
10.382349, 4.787470, 6.185029, 5.618715, 3.552826, 8.135777, 6.470688, 7.644846, 5.928762, 5.709439
 8.918604,11.072702, 5.450079, 5.592891, 6.644324, 4.937987, 5.500441, 7.267366, 8.025529, 5.944932
 4.295465, 6.589485, 8.450811, 5.499460, 9.249687, 7.220115, 5.780278, 8.011693, 7.015099,16.955004
 8.045135, 8.040339, 8.428335,12.066411, 4.060423, 7.575242, 9.710689, 6.078741, 4.590830, 6.981929
 4.946187, 7.492292, 7.672940, 6.929284, 7.718162, 8.868310, 8.728071, 5.839735, 9.597401, 7.059190
 4.706132, 5.852939, 4.787254, 7.234283, 2.190064, 6.654204, 5.603130, 6.851933, 8.866420, 7.913419
 6.066298, 8.218960, 6.001483,12.752870, 5.220227, 8.495012, 5.171583, 6.313753,14.736261, 3.453355
 5.445215, 5.033367, 5.764869, 5.512385,11.649105, 7.174934, 9.534082,11.136357, 6.131875, 4.106922
 8.791244, 5.831597, 7.846672,10.418854, 5.994209, 6.150044, 4.741079, 3.806130, 9.521230, 7.996989
 9.013758, 9.123163,12.274094, 6.873477, 6.047686, 6.887706, 9.131853, 6.187358,17.346983, 9.804010
13.577257, 8.626399, 6.181767, 8.082815, 4.663497,15.403513, 6.675925, 7.135454, 7.191772, 5.605025
 4.685829,10.248252, 5.584121, 9.416840, 8.347041, 6.938874, 5.581179, 5.203355, 5.907171, 6.749329
11.526173,10.465628, 4.591987,12.690310, 8.146749, 4.311463, 5.592794, 5.582921, 4.901093,12.857533
 7.454718, 4.848829, 4.450785, 8.797960, 5.991179, 4.803519,10.195220, 6.358494, 5.047024, 4.102892
10.842839, 9.778936, 3.852484,11.975144, 7.625029, 4.728411, 6.166246, 6.207902, 4.536790,10.195932
 7.453381, 6.866296, 5.276703, 6.143637, 6.812186,12.017868, 7.818003, 6.420354, 7.387755, 6.111991
 3.455921,11.267557, 5.190946,13.660853, 8.467319, 8.860853, 6.912043, 5.151226, 7.413422,10.031171
10.393671, 6.603920, 7.924374, 4.398118, 6.438184,10.050733, 3.489926, 7.120247, 7.436490, 9.525816
 7.645586,10.314407, 8.911676, 8.151529, 5.304142,11.383351, 7.885028, 8.664537, 3.983957, 8.628649
11.307552, 7.563765, 7.986980, 5.162213, 5.427289, 6.055172, 3.608744, 8.241617, 3.179080, 9.641523
 9.538349, 4.758472, 6.529300, 8.262343,11.656497,14.432463, 3.994487, 7.071517, 7.580527, 4.254493
 5.079792, 6.017962, 4.995953, 4.189265, 6.509367, 7.773471, 7.330540,11.075144, 4.242125, 7.796729
 5.661803, 5.275452, 5.740122, 8.115486, 8.923610, 9.686308, 7.092470,10.915523, 4.246299, 7.737955
 6.559506, 8.066881, 8.180144, 8.486762, 8.381272, 5.824830, 8.219056, 6.527597, 3.879059, 8.744322
 6.115688, 9.798272, 9.600250, 7.377310, 8.483913, 5.172150, 8.935581, 9.888608, 5.757619, 8.291876
 8.029352, 8.118302, 7.106063, 5.893816, 5.217246, 3.080258, 4.191912, 7.966943,10.771735, 6.875703
 5.207129, 5.865227, 6.408786, 4.665193, 5.589419, 4.076060, 5.100066, 5.993583, 3.637635, 4.668232
 6.859081, 8.379005, 5.196073,14.255153, 6.951423, 9.910737,10.982562, 4.531806, 5.564039, 3.373947
 3.701939, 4.542706, 5.050810,13.630005, 6.517234, 6.209319, 6.294324, 6.032111, 3.524951,11.857922
 6.556772, 9.961812, 6.184827, 9.408979, 7.809791,12.255240, 9.407999,10.642853, 7.011970, 9.252417
 8.506447,12.577947, 9.988305, 4.803381,12.500947, 8.470697, 8.508245, 5.047640, 7.659902, 6.651934
 4.368447, 9.647691, 4.362795, 7.210289, 6.189259, 7.151273, 9.330247, 8.964308, 6.211175,12.074055
 9.368555, 9.005768, 4.010769, 5.388444, 4.329474, 3.703923, 4.047384, 6.827050, 6.120952, 9.283917
 6.484210, 4.202730, 4.176601, 9.580841, 5.566378, 4.884442, 6.680106, 7.117550, 6.933259, 6.552796
 7.407400,11.195527,11.354238, 8.520011, 9.694905, 9.778841, 4.905744, 8.985210,10.067519,10.615574
 6.965122, 5.300289, 5.625410, 4.775042, 5.471396, 5.641925, 4.289499, 5.104393, 3.737840, 6.504115
 9.228540, 6.896224, 6.073663, 5.144681,10.423984,13.398252, 3.447266, 6.617384, 5.335535,11.636977
 6.694901, 3.408941, 4.750360, 5.606279, 7.832406, 8.494842, 4.364400, 7.184235, 5.794430, 9.571681
 5.980946, 9.288356, 6.633808, 5.284022,16.488553, 7.304892, 4.955633, 8.451569, 7.277226, 8.045143
 4.864552, 8.075637, 3.615002, 8.250374, 8.711635, 5.293502, 5.591747, 4.757168, 8.208738, 5.630319
 9.826949, 6.572617, 9.209068,11.047672, 7.883913, 4.535677, 5.945324, 5.856076, 4.465226, 5.747889
 4.058682, 3.184652, 8.761613, 3.684102, 3.540606, 9.772083,11.699828, 3.895910, 8.142920, 7.853330
 8.535922, 6.600140,10.991446,10.584459,10.370737, 3.782499, 8.460077, 5.028820, 5.142874, 4.096629
 9.652257, 3.468788, 9.300416, 9.693975, 4.438366, 6.136215, 3.749406, 5.997801, 8.571976, 2.534028
 5.514723, 4.687357, 9.590191, 9.734802, 4.489824, 4.384885, 8.933875, 6.674358, 5.981532, 7.770176
 8.101960, 5.160752, 5.683989, 6.361438, 7.129148, 8.067763, 9.525252, 7.296253, 2.282924, 5.696446
 8.796241, 8.128277, 9.529876, 7.950733, 5.871680, 4.733845, 6.187040, 5.703141,10.052381, 4.338207
 4.857020, 5.773611, 8.810131, 7.064420, 6.893757, 7.860750,11.107211, 7.355032, 3.760188, 6.442868
 4.617457,10.690748, 4.352104, 5.280933,11.746355, 7.727605, 4.376000, 7.292876,10.868190, 3.425607
 5.044926, 6.265152, 6.498282, 7.396604, 7.376872, 7.164331,10.904254, 6.407948, 3.980666, 6.248445
 5.524511, 9.906396, 9.289899, 5.544268, 8.647658, 9.911218, 4.810382,11.088074, 7.253233, 7.611437
 8.829138, 9.931122, 3.947877, 7.855612, 3.935157, 8.565901, 6.417259, 7.731271, 6.820356, 3.758369
 4.166891, 2.879485, 6.660043, 5.630251, 6.637462, 5.229642, 4.915372, 5.397717,10.638617, 9.885490
11.563631, 6.822319, 4.785290, 6.592852, 6.948036, 5.498321, 3.614021,11.546727, 4.816088, 6.799062
 7.311189, 4.943969, 8.431722, 5.849009, 8.833198,10.461415, 6.460273, 6.611511, 5.183761, 7.117641
 2.325822, 7.202941, 5.136624, 4.152721, 4.384313, 7.319774, 5.426637, 6.155778, 8.916397,11.782827
 9.478221, 3.231964, 5.685114, 5.397053, 9.916603, 5.862225, 6.753765,12.468207, 2.989845, 4.046942
 8.354742,12.662554, 8.554912, 6.538101,10.923138, 3.537716, 7.511357, 9.436248, 6.805396, 3.860604
 5.786131, 7.381333,16.923186, 4.540281, 7.386299, 8.489779, 9.170440, 7.760495, 6.713004, 4.283099
 8.209561, 8.909453, 8.613188, 5.897073, 4.157483, 4.032328,14.918253, 6.629209, 6.512702, 8.873914
 5.867789, 2.838271,10.502297, 6.987985, 7.796244,17.247554, 8.544764, 5.956131, 6.049334, 4.718826
 5.309736,12.394830, 9.296719, 2.690810, 6.835112, 5.954345, 4.362638, 5.252165, 7.033394,11.376735
 6.922415, 5.598196, 8.232924, 6.581584, 8.437608,10.792514, 5.678720, 4.444299, 7.336397,12.968735
 9.351701, 5.778398, 4.044667, 8.439151,10.667206,10.314478, 5.256832, 4.506527,12.038272, 7.954448
 7.262758, 6.519471, 9.587684, 6.772065, 6.735883, 9.138564, 6.342946,13.432671, 4.605197, 5.839658
 4.799524,14.093965,14.640808, 8.496101, 8.620405, 6.344451, 6.142699, 8.420774, 7.605657,10.697909
 5.637011, 5.437599, 7.098527, 6.527837,11.558998, 7.083303, 5.553733,12.846942, 8.488527, 3.892590
 7.548756, 8.727965, 7.430021,11.206870, 4.833150,10.398980, 3.470915, 2.190653, 8.829422, 8.166643
 3.078387, 3.532318,12.429134, 3.979260, 7.373826, 5.543115, 7.493489, 7.688238, 7.649793, 9.402645
 6.124061, 6.977943,10.127037, 5.665174, 6.230241,11.576193,10.829681, 5.286744, 4.575949, 7.504656
 5.347409, 6.611283, 5.402377, 5.564559,17.026573, 3.613157, 3.845667, 5.916857, 7.395343, 3.846186
 7.697426, 8.347507, 7.349566, 8.550925, 8.572173, 5.761297, 5.867676, 9.557442, 5.074500, 4.677835
 5.674066, 7.482748, 7.063120, 4.758574, 4.597307, 7.028799, 6.408012, 4.535567,10.611609, 5.102656
 8.281477, 6.647866, 8.278692, 4.581810, 5.235694,11.548257, 9.538725, 5.143305, 6.273798, 5.563083
 9.630292, 8.426743, 8.213391, 5.271267, 7.278605, 5.555155, 6.532328, 9.525659,12.948047, 7.299804
 9.094655, 8.817529, 4.975922, 7.615913, 5.675372, 5.940462, 8.056656,11.025571, 9.061989, 5.839355
12.813748, 4.692477, 5.385940, 5.100975, 5.713593,12.241452, 5.310502,10.513294, 6.431343, 7.563652
 9.278199, 5.287910,11.763400, 5.949359, 4.989661, 4.814219, 4.570451, 7.771816, 3.842280, 6.593345
 7.257125, 6.055160, 9.030394, 5.839438, 3.530994, 7.383438, 7.640856,10.996945, 6.231917, 7.404840
12.051272, 8.528811, 6.308231, 7.615984, 9.681130,10.661765, 7.246120, 5.589646, 7.296309, 9.536108
 7.426476, 5.026947, 7.278855, 4.801942, 3.662969,15.018765,13.932114,13.518778, 8.680574, 4.942787
10.783680, 6.206673, 6.593342, 4.194246, 5.814918, 8.136736, 6.232059, 6.215532, 6.635637, 4.768524
 4.103551,10.163770, 5.261519,13.770316, 6.034049, 8.754226, 8.842029, 3.478928, 5.439433, 7.830073
 5.989735, 7.551465, 8.132321,10.018987, 9.387844, 4.168029, 7.975780, 9.611774, 8.263049, 7.229269
 8.357957, 4.112261, 5.320103, 9.219093,11.433784, 9.568869, 7.769486, 5.701577,10.935591, 5.643781
 3.145118, 7.098536,12.811043, 9.270643, 5.434324, 4.047421, 8.951198,13.498391, 7.758836, 8.166783
 5.349086,12.058215, 8.971268, 5.169295, 5.107699, 8.037887, 7.049784, 7.656081, 6.513027,13.238970
13.874920, 3.744967,10.201369, 4.349448,15.555891, 6.947621, 6.007999,10.379355,11.197049, 6.862837
 5.709615,11.730618, 9.148318, 3.873214,12.100156, 4.507905,11.728067, 5.291930, 5.683193, 8.962232
 8.173331, 8.721054, 9.726985, 6.322162, 9.036911, 7.033028, 2.223942,10.779312,10.930408, 4.982240
 9.348421, 8.532023, 5.774852, 8.262424, 6.447407, 5.848508, 4.349871, 6.480839, 9.020075,10.865381
 7.242626,11.919753, 5.670418, 7.416486, 6.717937, 4.054071,10.120208, 8.059528, 7.420902, 6.276754
 6.352285,10.466465, 8.627780, 6.892131, 6.165652, 7.318672, 7.377861, 4.798144, 6.755833, 5.813784
 8.236964, 8.067143, 8.848504, 6.385439, 7.085778, 5.761884, 3.999402, 5.848347, 5.968674, 6.057021
 7.337045, 9.721365, 8.673437, 9.166371, 8.662598, 4.432210, 5.408026,11.628118,13.168470, 8.689684
13.611888, 5.892111, 8.201868, 8.799326, 5.992224, 5.313031, 5.427078, 7.380441, 3.957936, 6.944633
 3.582135, 7.205082, 6.752012, 5.125598, 7.160069, 3.903584, 7.562907,10.247586,11.842899, 9.129499
 4.299418, 7.218971, 5.706714, 5.771654, 8.532281, 8.034726, 4.870641, 5.560495, 7.645642,11.727762
 3.737506, 8.016145,15.777600, 8.450894, 4.869799, 6.333863, 9.602658, 5.261955, 8.043887, 9.795021
11.819531, 3.349594, 4.819997, 3.486585, 5.296240, 9.675585, 6.275939, 5.505952, 6.831217, 7.863264
 5.441048, 6.967990, 8.134315, 9.337246, 5.897825, 3.905153, 9.965583, 6.354978, 7.430214, 7.370368
 7.840269, 6.728590, 8.098693, 4.962754, 5.178668, 8.074593, 9.736221, 6.213465, 7.419749,12.924679
 8.565358, 2.684353, 5.363803, 9.073473, 5.884642,10.357684, 2.906729,10.027339, 6.410643,10.704205
11.803450, 6.608450, 3.876049, 8.887800, 6.922401, 4.845666, 4.757828, 6.414146, 6.867758, 7.405870
 5.041480,12.345184, 5.664479, 8.357081,12.376894,11.112408, 7.314765, 3.792578, 8.383024, 3.142871
 9.844927, 4.847636, 8.615345, 8.236218,12.962254, 5.245557,11.397639, 5.582560, 7.184976, 7.664544
 7.200045, 6.043640, 3.737266,11.116042, 7.347108,13.031854, 7.678081, 7.052427, 5.717850, 7.092588
 6.915083,10.190030, 9.347204, 7.105903, 4.532163, 8.779287, 8.759985, 6.778982, 8.512884, 8.477939
 7.173133, 9.497763, 6.489603, 6.886839, 8.177996, 8.338809, 8.063918,11.046927, 9.488618,15.359706
 4.493399, 4.553234, 9.945206, 4.973836,10.369901, 8.945619, 5.761853, 9.803576, 9.214326, 2.985326
11.913461, 6.806016, 6.843628, 5.330758, 5.403558, 8.158936, 5.851193, 6.178661, 9.748600, 5.921055
10.743963, 7.125269, 5.292167, 6.460421, 7.672295, 5.291436, 9.751696,12.815620, 5.371609, 6.851046
 3.087267,11.518266, 6.551014, 6.418544,12.904158, 9.014898, 5.327087, 4.773796,11.106603, 6.712722
11.496187, 2.184904, 3.055536,10.282169, 8.223481, 7.290174, 7.591160, 5.729676,10.056865, 7.229520
 8.367092, 4.193663,11.779956, 8.675213, 6.857131, 5.826605, 8.675115,10.201084,18.843906, 4.048226
16.161528, 4.429948, 9.117614, 8.427292, 4.177199, 9.585771, 8.726022, 3.908165, 2.157664,10.763384
 9.520670, 6.272955, 9.777349, 8.754131,12.755128, 4.777617, 6.804464, 6.360764, 5.347793, 6.271019
18.635856, 9.266368, 6.052675, 8.998985, 4.459500,11.440242, 6.825543, 7.250015, 5.864087, 7.345479
 8.534233, 8.298823, 5.227843,10.813142, 7.811986, 3.885965, 6.081352, 2.916334, 4.932583,10.521529
 8.911955, 6.361960, 3.641481, 9.616684, 9.955047, 6.066992, 8.239799,13.264447, 3.634595, 9.154394
 7.933729, 4.959054, 4.427217, 4.860694,18.072888, 4.769178, 5.857280, 8.720820, 4.933475, 9.562736
 7.754363, 6.476814, 9.382589, 9.258682, 9.657868, 4.130184, 9.488024, 5.062862, 9.454087, 5.725647
 8.365653, 8.353102,11.337142, 4.401994, 4.966952, 5.737761, 8.936924,12.250288, 5.678366, 5.990548
 5.731844,10.616968, 6.037720, 4.664360, 5.886074, 2.596205, 7.219240, 9.911530,11.157687, 6.889849
 7.681554,10.153020, 4.264853, 8.599669, 7.499329, 6.680103, 7.469399, 9.370611, 5.965836, 8.077597
 9.032662,13.125467, 7.333645, 9.501558, 6.239324, 9.019512, 5.560096, 1.724355, 7.512707, 6.391919
 6.816424, 5.800719, 5.260467, 7.949047, 6.584914,11.849662, 6.228565, 6.545784, 8.182240, 9.864776
 5.929959, 7.394880, 6.283698, 4.759838, 8.325901, 6.939176, 9.533991, 7.450077, 7.258811, 9.514048
 9.205303, 6.662996, 6.718716, 3.922607,11.280166, 8.335741, 6.658541, 6.434143, 8.052856, 4.998162
 7.666397, 6.425182, 4.848239, 4.178124,10.656949, 8.081598, 5.905088, 5.689575, 5.002321, 5.995941
10.894589, 8.478626, 5.486211, 3.943313, 5.124231, 5.535049, 3.050335,10.887595, 3.494672, 3.404262
 7.766420, 7.125242,13.183241, 9.576346, 4.206030,11.744044, 6.456721, 7.611218, 6.400092,14.266308
 4.958397,10.585569,10.413145,11.829565,13.119576,12.508319, 5.569311, 5.867746,12.596667, 7.947871
12.544260, 5.022389,11.898636,12.875217, 8.174637,16.997079, 3.418112,12.302731,16.420655, 2.516678
 6.485663, 6.505912, 9.587664, 4.170158, 7.379048, 6.422995, 7.421901, 6.353690, 5.827952, 7.583442
 6.669055, 5.886582, 9.787647, 7.584538, 9.577773, 7.561535, 7.398989, 1.965229, 6.449090, 5.694829
 7.954744, 3.724769, 5.458605, 8.746483, 5.262183, 5.437433, 5.530233, 8.895355, 8.704857, 3.569487
 4.652123,11.695531, 7.339630, 7.990140, 6.976283, 8.367877, 9.547036,10.581943, 6.525147, 4.627732
 4.529698,10.158200, 7.096980, 7.880067, 4.402113, 5.925606, 7.588729, 5.682379, 6.897297, 7.501662
 1.902240, 6.429666,11.039144,12.176792,12.877024, 7.519919,12.803096, 8.286715,10.631312, 2.826629
 8.037481, 8.360721,14.087035, 6.270504, 7.968936, 7.074079,10.787285,12.420330, 8.386878, 5.554612
 6.895801,12.126424, 5.098797, 5.041244,11.716935, 9.317385, 7.558591, 3.502306, 6.231331, 4.454254
 6.216089, 8.538409, 6.747478, 4.916779,10.303257, 5.179644, 4.790308, 6.648264,10.648325, 5.485237
 7.168397,14.781459, 7.045263, 5.244401, 9.892637, 4.074248, 4.518966,13.306175, 5.595421, 7.056738
10.916278, 7.714994, 4.751028, 9.340295, 4.181328, 4.902154, 8.471511, 6.165963, 6.357778, 9.139213
 3.668639, 3.787988, 7.968478, 6.992685, 5.812937, 4.564880, 7.646186, 9.640827, 7.768138, 8.977891
 5.525913, 7.086765, 5.824106, 7.251102,13.091319, 8.317240,11.642526, 9.169182, 9.904731, 7.590124
 8.030001, 7.367562, 6.003086, 9.814991, 5.700176, 2.863657, 6.283599, 2.913388,11.115496, 8.723055
10.376545, 8.755901, 8.033441,10.752570,13.598174, 5.821738, 6.742542, 4.411078, 6.332916, 6.885296
 9.840199, 6.192400, 7.808553,12.799404,12.188765, 7.428160, 4.114942, 9.561104, 9.091260, 6.499415
 5.565400, 9.354466, 2.861410, 4.398085, 5.552788, 6.085136, 5.830292, 3.834861, 9.549404, 4.353943
 9.140700, 6.242949, 6.175925, 6.952579, 9.325030,17.330695, 3.962941, 8.920054, 6.383452, 6.046555
 6.308286, 8.950383, 4.432179, 6.291754, 5.332116, 3.534288, 9.717554, 9.389856, 5.788552, 8.172070
14.674748, 5.497899, 5.330342, 6.008151, 6.064996, 8.672604,10.166876,11.632867, 9.934418, 7.898313
 8.792744, 7.014991, 7.083310, 8.797704, 7.079936,10.537684, 5.039546,12.121483, 4.059591,10.595270
 4.959605, 9.270570, 5.787295, 6.444107, 5.809842, 7.296787, 8.341991, 5.024733, 5.095357, 7.667021
10.750646, 8.410756, 6.037652, 7.069012, 8.015112, 8.543720, 6.902856, 6.465184, 5.491672, 6.304262
10.686762, 7.705696, 9.802995, 5.105619, 9.004939,10.945100, 5.223974, 3.751895, 4.236582, 5.880332
 5.830650, 6.840789, 5.340319,12.753051, 4.196677, 7.518854, 3.908466, 7.213398, 6.739276,10.833241
 9.428046, 3.829855, 8.796060, 7.990559,10.350561, 2.428661, 7.599433, 5.912316, 6.935437,10.241885
 5.596468, 5.904900, 6.861029,10.201268, 6.961606, 4.223089, 4.432254,10.292241, 8.593941, 9.677510
 8.339452,14.552483,10.021983,11.241515, 6.171874, 6.279547, 7.094388, 7.792565,10.018805,10.202763
10.289015, 7.360575,10.107493, 8.123429,14.221726,17.102433, 7.440235,13.019710,11.665455, 7.823768
 5.092071, 8.799031, 7.262260, 7.929616, 4.660688,10.062561, 5.491327, 9.961843, 5.764991, 5.300249
 9.666204, 6.871664, 5.257639, 8.937521,10.013225, 8.155649, 8.784290,10.615567, 3.266798, 5.776173
10.705998, 6.755333, 7.035188,15.610791, 2.587012, 7.553466, 5.128501,11.415763, 8.959559, 5.236704
 7.753259, 6.905820, 9.201522, 6.836429, 5.384933,10.030538, 8.364008, 9.237603, 6.294224, 7.155602
 8.325186, 8.339126, 5.459460, 3.536998, 7.315843, 4.057307,11.005807, 5.049403, 4.303090, 3.679838
 7.519980, 9.131795, 4.678840, 6.141116, 3.692843,10.771533,13.155403,12.267140, 4.768269, 5.560359
14.645157, 8.848558, 6.210835,11.826019,10.535247, 7.364034,10.101510, 6.795308, 9.889659, 7.934717
12.434774, 6.651889, 4.720693, 2.233748, 8.997740, 8.768530, 6.573611, 8.576609, 7.211805, 3.763908
 6.614675,10.488838, 8.765305,12.072289,11.528674, 7.831810,11.446875, 6.127313, 6.088982,12.042203
 5.648442,14.443584, 3.752849, 8.607406, 7.858998, 6.320279, 7.792043, 4.580980,10.376413, 9.295174
 7.716395, 7.729069,13.606679, 6.053710, 7.356628, 6.719993,10.498443, 4.692667, 9.944186, 7.709335
12.871515, 7.021301, 6.586341, 7.550249, 7.238833, 7.117945, 7.078904,10.790747, 7.379169, 4.627152
 8.465371, 8.725533, 7.359063, 9.106983, 7.836904, 6.287840, 6.984073,12.190781,10.285654, 6.862012
 3.980952,12.100587, 4.688979, 6.242480, 9.614852, 6.183659,16.949480, 7.136100,11.244232, 5.234667
12.276649, 5.556678, 8.610137, 7.381102, 8.906361, 6.619285, 6.143508, 5.912456, 3.210120, 6.942782
 3.490885, 5.598103,13.115471, 7.845722, 3.028331, 8.119514,10.754386, 9.328018, 9.646476, 6.453953
12.656799, 8.371452,10.363508,11.107129, 4.169914, 9.188792, 5.732669, 7.552593, 8.007573, 5.074900
 9.082310, 6.992101,16.985856, 8.891328, 8.564455, 7.198905, 8.880587, 3.835940,10.414430, 5.932987
 6.524279, 8.664374, 7.012381, 6.356639, 7.665397, 7.386913, 6.544177, 7.252258, 5.473179, 7.726960
 2.807555, 6.922954,16.732756, 4.991538, 6.032923, 1.962500, 5.206214, 8.127832, 5.960022, 7.452102
 7.327397, 9.728932, 3.877943,11.511748, 6.356869, 7.509032, 4.736187, 6.041720, 5.828928, 6.378010
10.870261, 6.492251, 7.396391, 9.591072, 6.867796,12.406069, 9.058041, 7.697787, 8.507844, 6.171663
13.349872, 5.945823,12.088850, 7.730430, 8.815930, 4.908035, 6.719828, 7.333203, 3.687139, 9.049281
 2.502751, 7.294611, 6.569731, 6.479885, 7.907509, 5.228373,11.219489, 8.667213, 7.187316, 4.735954
 7.680740, 5.656369, 4.961393, 5.486344, 6.181506, 6.631499, 7.623555, 7.014921, 9.833418, 8.442953
 6.737201, 6.430887, 6.899710, 6.679757, 7.441901,11.120209, 5.207321, 6.419550, 9.831455, 4.817505
 4.477920, 8.012639, 8.286071, 6.957550, 5.468610, 3.988596, 9.255897,11.062879, 5.563417, 5.874128
 3.396988, 4.677687, 4.010104,10.136286,10.086919, 4.843980, 5.601428, 8.484715,10.045263, 3.167657
 5.746784, 4.713538, 5.345429,10.384723, 5.793808, 8.476973, 4.921740, 4.377506, 6.496127,10.420693
 9.860283, 7.566358, 6.322486,10.535903, 9.397988, 7.590692, 6.618376, 8.308895, 5.931022, 6.745712
11.030287, 3.625933,10.937410, 3.682414, 9.864259, 5.938601, 9.753544, 5.892930, 3.876202, 8.220873
 5.777536, 9.495973, 2.902661,10.293377, 7.997186, 6.642579,10.627354, 9.637992, 6.450209, 5.114339
 5.855256, 7.283094, 5.366583, 6.082156, 5.088753, 6.058575, 5.599200, 9.013005, 5.740769, 7.884762
 3.106783, 7.033861, 6.842887, 7.229889, 8.376903, 6.818102,12.036493, 7.320584, 5.033126, 3.227738
 7.284810, 6.377799, 7.398357, 5.076035, 5.240835, 9.470657, 9.391154, 5.076112, 5.969279, 4.814361
 8.227762, 7.564144,12.216500, 9.308025, 3.362406, 7.030067, 6.587659, 6.252181,10.177524, 5.298311
13.272898, 7.521241, 5.713271, 4.638013,13.305572, 7.966698,10.670057, 6.016624, 8.887292, 7.072690
 5.780681, 5.115343, 8.864872, 9.095790, 8.939207, 7.736336, 9.129117, 9.231276, 8.108387, 5.985699
 7.297556, 5.261466,10.269423, 3.500372,10.270821, 7.364213,11.572141, 5.024397,13.849550, 8.291317
 8.995842, 7.118520, 5.013828, 7.941186, 6.626701, 9.074134, 8.213571, 5.522695,11.759843, 5.586409
 6.033033, 8.043918, 6.795010, 6.510829, 7.519372, 7.411496, 7.537350, 6.661591, 6.754764, 9.258292
 7.866665, 4.149824,11.959001, 7.031844, 8.283222, 6.590943, 8.736739, 5.561221, 7.009053, 3.418287
 7.801048, 4.584599, 7.412647, 8.722250,10.017415, 7.610031, 3.075468, 6.004133,10.812732,11.310536
 6.804830, 8.544207, 8.076809, 7.854304, 5.530158,12.409855, 8.129492, 2.288821, 8.253460, 8.812107
 5.955632, 6.632319, 4.581523, 6.232760,13.486859,13.905332, 6.656894, 8.919786, 6.965031, 5.822587
 4.183236, 8.683433, 7.030434, 9.940863, 9.592409, 4.224053, 6.319468, 6.667102, 5.817803, 8.063696
 9.919775, 7.798278, 6.181426, 8.388363, 8.006870,10.423402, 5.978634, 5.637333,12.897710, 6.654325
 8.276128, 9.181148, 9.491837, 8.294849, 7.876349, 7.074858, 8.056203,13.080330, 3.367275, 5.995747
 4.348373, 4.181104, 5.343437, 7.942119, 8.243504, 8.267192, 5.839913, 3.671810, 4.190945, 4.492511
 8.847806, 7.616785,14.022943,10.214437, 9.330536,10.296934, 8.785896,13.088130, 8.924282, 6.793045
 6.503664, 8.340152, 6.747814, 7.826172, 9.580006,11.188316,12.451984, 4.824102, 6.969073, 7.907451
 5.457486, 6.903018, 7.159710,11.157067, 6.689312, 6.495991,10.715502, 3.461897, 3.928034, 5.534569
 7.067327,14.195915, 9.169277, 7.579025,10.588626, 6.766704, 7.628687, 4.660346, 5.069207, 3.705422
10.088650, 3.704828,10.301253, 8.967836, 6.807858, 6.496210, 4.762535, 7.215033, 8.559751, 6.927052
 7.376368,12.659919,11.573434, 5.677997, 6.862337,11.786309,10.480305, 6.369865, 8.164051,10.674321
 9.645593, 4.388677, 7.330848, 8.478316, 8.901219, 2.810344, 5.889903, 8.847407, 8.009100, 7.730682
 9.053895, 5.414513, 5.095535,11.225083, 7.206521, 8.993624, 7.220437, 5.466180, 7.807381, 8.597785
12.668687, 9.828353, 5.353854, 3.331139,10.193897, 5.045952, 7.489452,10.359644, 8.660764, 3.781750
 8.888303, 6.512898, 5.663994, 4.477810, 7.497188, 8.550013, 6.116770,18.546445, 5.580404,10.070355
 2.822062, 8.515490, 6.664808, 7.228546,11.853668, 6.150391, 6.043116, 7.831670, 4.163633, 7.857527
 5.200461,13.854736, 4.735127,12.071703, 7.603726, 2.607748, 7.447107, 7.760887, 8.231054, 4.617668
 5.522799, 5.440562, 3.946791, 7.278183,11.697629, 8.923153,12.950511,14.423955, 8.411628, 6.917111
 9.572423, 2.563268, 6.219937, 4.879588, 9.866460, 7.851532, 8.539166, 6.554265, 9.754988, 4.954225
 4.611385, 3.695729,10.317892, 4.609476, 8.957521,14.100146, 5.543780, 5.758654, 6.234896, 9.542049
 5.400809, 8.793540, 5.092300, 8.170588, 7.770547,10.477950, 3.687627, 4.094023, 5.727332, 5.832540
 4.676368, 3.694616, 5.848745, 7.535671,11.109121, 9.637958, 5.472091, 3.882856,11.117866, 6.262996
 6.434187,10.376799, 4.159580,14.013040, 6.306094, 3.928353, 5.656648, 6.116577, 9.792662,12.753204
 8.150254, 4.176647, 5.091230, 4.561235, 8.116486, 8.467107, 5.965733,10.751626, 6.970509,10.838341
 9.401440, 1.613058, 9.088480, 5.829849, 8.485959, 5.267703,10.164156, 7.222829, 5.252253, 3.986501
 5.786930,10.131848, 4.696506, 9.340034, 8.619294,10.352698, 8.879654,12.727362, 6.741146,11.713905
10.139738, 9.087755,11.961746, 3.610680, 4.285535, 8.311760,14.784925, 7.573214,10.680276,10.385563
 6.892434,14.036355, 4.576798, 8.375373, 5.920227, 4.618721, 8.861058,12.510397,11.228210,12.688859
 5.935077,12.665503,10.107591, 2.672795,10.531613, 8.548227, 7.395042,10.266452, 6.358460, 6.586863
 6.082077,12.933568, 5.871397, 4.427330, 9.063624, 9.348883,12.090864, 8.282492, 7.188841, 7.153466
 7.505991, 3.277876,11.933848,14.763422, 4.767670, 5.794729, 3.292229, 8.951786, 9.006107, 6.765571
 6.361352, 2.159004, 7.197328, 5.442918, 9.617528,10.463681, 9.776840,12.631796, 5.014020, 6.108169
 5.373409, 2.916590,12.230064,12.781172, 6.730206, 9.255485, 7.715741,10.203950, 4.811756, 7.591972
 6.338915, 6.279773,10.288442, 4.333525, 7.546828, 5.764772, 6.428191,11.618213, 7.199900, 4.335708
 8.324191, 8.650863, 8.218658, 8.840261, 7.640312, 7.508209, 2.789864,10.621908, 9.121114, 5.501939
 7.947713, 7.895335,15.186881, 9.159581,14.096005, 8.948763,13.748020, 6.444236, 5.365541,12.153488
 8.196024,11.006389, 8.181724, 9.467041,10.451203, 6.653208, 4.147066, 6.238875, 7.637255, 8.905978
 6.983679,12.927082, 8.596527,10.477020, 4.207399, 8.718027, 8.079647, 7.347013,12.201379, 7.280001
 5.139203, 9.974415, 8.040607, 4.113118, 8.626422, 5.359208, 5.122544, 8.815797, 6.411626,10.228241
13.283414,10.616124,14.245843, 6.416242,10.167758, 4.894148,10.042999, 5.989600, 7.693574, 7.816120
 5.466811, 3.946348, 4.731960, 7.302655, 8.459099, 5.511636, 9.107142, 6.890037,10.816170, 7.842100
 7.639210, 5.410287, 6.726443, 5.526108, 5.571488, 5.449636, 6.225956, 8.166272, 5.623661, 5.108966
 7.713159, 6.072428, 3.296427, 7.159528, 7.716035, 8.376593, 3.070756, 5.674979,10.350219, 6.355049
 7.280141, 5.265414, 7.568420,11.627845, 6.023953, 9.980983, 8.565751, 3.398530, 6.765037, 4.279306
 5.641969, 2.636451, 9.163385, 9.966955, 9.592635, 4.451080, 5.478741, 7.693949, 9.328504,14.142844
 6.661153, 3.765778, 9.430358, 9.147646, 3.521732,11.979239, 4.987258,12.688869, 6.601334, 5.960428
 8.166046,10.123503, 8.749905, 3.897433, 5.365621, 7.125141, 5.968017, 8.051654,12.919404, 3.383384
13.003660, 5.598790, 6.389360, 6.892589, 3.728117,10.205139, 8.768391,10.998270, 9.343238, 6.435436
 3.504439, 9.172286, 8.298599, 7.602946, 3.313165,10.285300, 2.774171, 8.319217,11.535572, 8.093919
 6.832302, 5.249974, 8.975679, 6.076505, 8.604626, 5.048243,11.311712, 8.237602, 9.291528, 7.552290
 9.038359, 7.867310, 8.510476, 5.967658, 7.152602, 2.933011, 7.109813, 6.897486, 6.528729, 6.851364
 3.383620, 7.953558,10.083571, 8.228160, 4.937564, 6.820686, 8.535158, 9.720934, 4.607819, 8.547923
 7.049609, 6.752991, 7.353382, 4.896624, 7.536445,10.363604, 4.260562, 7.515114, 7.412635,10.489408
 7.977182, 7.333857, 7.494752, 7.541065, 8.871190, 4.909468, 6.206374, 7.411925, 6.645884,10.123024
10.004684, 9.272150, 8.982046, 5.160171, 5.596502, 4.504821,12.495480, 7.790046,11.619921, 9.946691
 3.347906, 7.521210, 9.034356, 9.112527,10.257151,10.542649, 7.832345, 7.314875,10.882701, 7.361201
11.340570, 7.317628, 6.979345,14.411017, 7.443741, 4.795783, 6.992716, 5.077575, 9.813075, 9.897010
 6.341528, 6.489700, 7.475429, 3.200640, 8.006361, 3.683254, 9.053790, 9.354653, 4.344978, 3.839302
12.683880, 4.723841, 6.898890, 6.564203, 8.782873,12.044418, 6.773879, 6.985596, 5.181586,13.653566
 8.109299, 8.373314, 7.971141, 9.721282, 6.621158, 5.567706, 8.607091, 6.236350,12.986192, 3.981084
 5.437549, 5.092690, 8.157890, 4.916870, 3.970702, 7.953700, 9.647246, 6.451612, 7.659957, 7.195084
 8.443536, 8.212406,11.274026, 8.503089, 5.351435,13.785952, 8.318714, 6.399692, 7.603551, 7.266887
 9.602866, 5.485133, 6.762943, 5.327805, 5.386978,12.161313, 6.785163, 6.810574,14.394004, 9.452279
 4.664770, 9.075494,10.459192, 5.678776, 5.721297, 3.127607, 8.182999,17.466554, 7.729326, 7.197026
 6.401398, 5.982490, 7.371286, 6.647380, 8.027636, 6.986641, 7.030028, 9.191359, 7.616594, 7.719238
11.235679, 6.200962,10.309292,10.110130, 6.650670, 7.304616,11.949261, 5.063543, 4.441014, 9.210706
 2.472825, 4.818309, 3.616617, 9.508063, 8.820248, 5.803933, 9.001083, 4.647874, 4.824848, 3.355587
 6.152431, 4.462538, 7.791036,12.170762, 5.364611, 6.773460, 9.813587, 5.182020, 8.189146, 4.914268
 6.614117, 4.670838,15.267180, 5.066416, 8.939860, 9.274560, 5.400776,13.007493,10.017334, 7.069218
 8.493834, 2.968923, 5.305471, 6.882212, 4.687836,10.317176,11.087648, 3.148064, 9.150234, 4.281482
12.687812, 4.272997, 7.236302, 4.770156,10.294004, 3.390116, 7.089194, 7.025639, 3.245204,11.091014
 9.862818,12.467434, 5.250844,11.363939, 5.754013,10.610566, 4.078938, 7.920865, 7.226774, 5.586189
 8.677060, 7.076329,11.822225,12.088703, 6.913685, 3.045145, 6.342516, 5.903364, 3.339525, 4.500536
 7.918372, 4.710628,10.312133, 7.139422, 8.634820, 6.647297,10.742960, 3.211188, 6.009451, 3.330960
 7.832071, 4.422237, 7.297411, 7.996819, 5.303005, 6.194417, 4.264557, 8.125006, 5.231312, 4.683540
 6.510422, 3.354970, 4.444064,13.086392, 6.896741, 8.972612, 5.175642, 6.108238,11.191165, 4.422054
10.155688, 8.247993,12.864857, 6.296259, 7.747870, 4.584056,10.352668, 7.219576, 4.423354, 8.331713
 5.304566, 7.466943, 3.885364, 9.597746, 5.508959, 6.805450, 7.269158, 9.536243, 7.520936,10.516418
 6.359306, 7.160748, 7.570556, 2.874713, 7.538284, 4.382989, 7.386324, 7.283349, 5.312994, 6.023437
 7.525184, 6.614588, 6.110682,13.035556, 7.091516, 8.289924, 3.638612, 9.970794, 6.668551, 3.762423
 4.297826,13.160781, 7.957430, 4.874917,10.769331, 7.793099,11.609435, 6.073281, 4.818193, 5.527458
13.909093, 3.662401, 4.599523, 9.711273, 5.910741, 5.246604,14.008243, 8.619713, 5.155250,10.000424
 5.765226, 4.428481, 6.326010,10.001789, 5.019756, 8.004874, 6.512885, 4.896764, 2.954296,11.482303
 9.877576, 7.431903, 8.158965, 4.024251, 9.050949,10.360535, 3.808075, 6.226336,14.728301, 5.115641
 9.592903, 7.572536, 6.034090, 3.940194, 7.565645,14.097830,10.525816, 5.331085, 8.516904, 6.384458
 8.454075, 8.022083, 3.324159,11.372661,11.910370, 4.822379,11.089873, 8.406248, 7.646730, 4.840913
 4.255764, 7.610858, 5.247754, 7.229651, 8.327727, 8.379423, 9.891035,13.429443, 4.810458, 8.893436
11.306335,11.232204,11.555501, 4.749146, 8.343996, 8.499942, 8.983987, 5.413988, 8.762958, 4.869763
10.483651, 4.594166, 4.681252, 9.085774, 5.694225,12.286929, 5.127308, 8.779363, 9.573157, 5.107191
 6.804733, 7.547207, 4.813188, 4.659893,12.192200, 5.861938, 7.350222, 6.508132, 7.117159, 5.488401
 6.348605, 2.348093, 6.382685, 5.032442, 5.902643, 6.263863, 5.412237, 7.352283, 8.941432,15.353772
 8.101994, 4.956024, 9.599226, 9.275274, 7.595575, 4.088726, 8.692329, 6.950215,10.407075,12.249172
 7.689688, 8.971467, 6.995814,12.375089, 5.243710, 4.400618,16.694074, 5.199127, 9.588224, 6.376916
 4.314130, 7.429917,11.248259, 5.942219, 8.853425, 4.193396, 7.407595, 8.159678, 8.312259,18.384985
 8.146810, 4.609822,11.252377, 6.067857, 8.663186, 5.670293, 3.768200, 6.365290, 5.462943,11.886753
 7.282092, 6.052150,13.903502, 9.029477, 5.584308, 4.435603, 5.452423, 8.584847,11.866811, 3.809350
 9.201153, 6.179981, 4.142663, 7.086371, 5.051710, 5.598486, 6.956257, 8.906112, 7.933197,12.317467
 4.203837, 7.006568, 6.438464, 6.632819,10.726515, 9.076083, 4.759893, 6.417958, 9.957655, 6.714541
 8.665448, 8.722194, 4.313050, 9.284624, 6.197722, 9.378419, 8.473991, 3.981858, 9.951870, 2.712011
 7.021903, 6.478011, 5.361212, 7.651099, 6.592952, 4.682773, 5.591892,12.736528, 5.012524, 5.317399
 8.255603,12.945557, 6.489369, 4.143950, 5.170594, 4.165014, 3.532939, 4.872664,10.876521, 7.558430
 7.688217, 3.032655, 7.026885, 9.231157, 3.727353,10.860346, 6.308521,12.282406, 6.071485, 5.419454
 9.546838, 8.440712, 9.234393, 4.974961, 1.753680, 3.525797, 6.484122, 7.161295,13.006166,14.614339
 6.669567, 5.388206, 5.824453, 7.106288,10.647353, 5.998779, 5.796263, 4.629390, 6.455194,10.790119
 5.019405, 5.639272,10.406447,11.852793, 7.432174, 9.711950, 6.803584, 4.669904,10.345526, 4.401967
 9.710359, 9.782430, 8.074612, 5.492272, 5.844270, 7.146633, 7.779112,12.066732, 6.379337, 5.732234
10.092787,15.267933, 4.690174, 4.135919, 5.263759, 9.304228, 8.350508, 7.612527, 4.011420,11.426967
 7.484528, 5.309631, 5.639565, 8.622629,14.476174, 3.961633,15.089101, 8.563057, 6.599111,12.883117
 3.274028, 7.426354, 7.243526, 4.249114, 6.726580, 6.546015, 6.571438, 7.835185,11.503811, 5.468647
 6.792936, 8.909210, 4.259963, 2.113113, 9.897245, 9.602814, 6.466163,10.365664, 5.375753, 4.994543
 5.959987, 6.204771, 6.331074, 9.039289, 7.983875, 4.823542, 9.838619, 6.692177, 9.963258,10.486457
 6.422514, 5.774471,12.740429, 7.032908, 5.927023, 7.688815, 8.027593, 7.342458, 2.409486, 3.792731
 4.549971, 6.608327, 6.707880, 8.807396, 2.975548, 6.485244,11.346720,10.054221, 4.385702, 6.215527
 3.569534, 7.359795, 9.041842,10.645314, 8.187301, 6.921781, 6.651768, 7.250829, 8.924787, 6.211350
 6.714295, 7.270323, 6.529310, 6.532366, 6.714032,11.278491, 7.920328, 6.624002, 9.863722, 8.143239
 7.065940, 5.745520, 6.311234,12.606472, 4.609630, 6.253738, 4.536175, 7.333258, 7.822313, 7.650015
 4.598994, 6.740081, 8.808228, 6.163076,11.099869, 8.531273, 6.656623, 7.966239, 8.006369, 9.231289
 4.316980, 7.445878, 6.806166,12.819025, 6.443921, 4.571089, 5.133347,16.262432, 8.942629, 8.818902
 8.270239, 5.824735, 5.294893, 6.004504, 3.391633, 5.550865, 7.685689,19.967655, 5.489127, 5.426214
 2.304175, 5.915624, 5.950765, 6.318012, 5.359263, 9.038484, 8.579573, 5.291018, 6.564629, 8.285676
11.928724, 6.874593, 3.834157, 7.672053, 7.647926, 3.546917, 7.729915, 3.364668, 9.590794, 7.718690
10.256089, 7.932207,12.150689, 3.387195, 6.164679, 5.384193, 7.115086, 7.840074, 5.465996, 8.049721
 8.759655,10.290814, 9.539571, 3.259939, 8.520839, 6.671914, 8.339749, 5.279454, 5.354785, 5.843270
 4.409417, 5.870906, 6.633828,11.104138,14.492722, 5.522393, 5.059085, 9.695644, 7.848209, 8.415679
 9.619067,13.472496, 7.419812, 7.145268,10.544746,10.429505, 9.435714, 6.257531, 6.814877, 8.808336
 3.180614, 8.694364,13.367013, 3.586050, 4.712924, 8.257355, 6.000300, 8.154267,12.267238,10.636524
10.326878, 7.007777, 6.968523, 5.719015, 4.416156, 5.502729, 4.363249, 5.415641, 7.016909, 4.386571
 7.473341,11.214516,14.583615,10.106609, 6.883431, 4.928657, 7.289711, 7.560948, 9.402539, 8.111693
 8.867896,14.662179,10.746013, 7.635456, 6.296521, 9.280542,10.923231, 7.259292, 9.855318, 6.103432
 8.047269,12.534980, 7.071955, 9.008699, 7.268026, 4.023535,11.932270, 4.783406, 6.465877, 4.548883
 7.697501, 3.138716, 4.135374, 5.503601, 5.990125, 5.689768, 5.635445, 3.495820, 3.494793, 5.054613
 5.222172, 4.372179,12.857571,11.205574,12.649492, 3.403575, 9.192863, 7.392062, 5.837935,13.371847
 5.400142, 9.094143,10.048530, 9.275420, 4.530263, 5.776749, 5.219542, 5.088189, 6.821147, 6.003523
 6.771872, 6.300497,10.802859,11.549735,14.072068, 9.803091, 6.948558, 8.822402, 8.505315, 6.242469
 6.214606, 4.552209, 7.586136, 6.357581, 6.046876, 5.928604, 4.958581, 7.799912,10.732604, 4.300028
 5.797280,10.367605, 8.468240, 4.472339, 4.971213, 8.825719,19.388173, 3.853374, 8.004754, 5.051480
 6.190536, 6.412139, 9.524809, 8.863031,10.853709, 5.627597, 8.958669, 4.286809, 9.237548, 9.954481
 6.463048, 5.854609, 6.373189, 4.540026, 4.992512, 7.131561, 8.886774,11.510404, 7.244369, 6.542700
 2.993655, 9.318752, 4.983375, 7.963578, 3.750532, 9.819287, 3.879254, 4.862748, 9.023551, 5.984724
 4.637284, 9.226015, 9.014918, 8.497485, 7.939918, 6.085446, 5.397863, 7.015072, 5.480419, 6.924826
 5.548926,13.471285, 7.537895, 6.119262, 4.775379, 9.305937, 5.918012, 8.008900, 6.690824, 6.576068
 9.756464, 5.833067, 8.661402, 6.717684, 4.994013,13.341837, 9.034536, 5.772578, 5.749024, 7.847622
 6.178553, 8.844326, 4.844386, 7.877602, 6.662366, 7.893612, 2.725718,18.900130, 6.671542, 7.577818
 8.971404, 4.207547, 6.844478, 4.651069, 8.216998, 9.644534, 8.258588, 8.613466, 6.708327, 6.222308
 9.975451, 7.259579, 6.161826, 7.466004, 8.151235, 4.992867, 8.068412, 5.096189, 8.727116,12.738435
 7.219909, 6.994999, 4.598719, 5.610768, 3.797219, 9.305396, 8.310892,11.868503,15.632586, 7.150025
 7.144174, 5.847296, 7.356061, 5.500344, 4.342048, 7.295093, 3.809114, 7.183640,10.143866, 8.822961
 5.282961, 5.615778, 5.302017, 8.471936, 6.745607, 7.812877, 4.949938, 2.907571, 4.359912, 2.980538
 3.976528, 7.295322, 7.421840,10.513332, 2.435818,13.045547, 8.784691, 8.272807, 8.565198, 5.698570
 8.773693, 6.314852,11.307100, 4.149460, 6.885606, 7.699362, 5.910532,11.445431, 6.495684, 7.841937
 7.828950, 8.299428, 8.788171, 6.584827, 5.633697, 4.837615, 8.946613, 4.772492, 5.085396, 5.710337
 6.066967,12.587932, 3.474000, 6.875753, 7.137606, 5.779823, 5.686647, 6.690613, 6.646674,13.377057
 7.264111, 8.955362, 7.150196, 5.831171, 9.394979, 3.868920, 8.129985, 9.409076, 6.307739, 5.060062
 6.524591, 6.566190, 4.560187, 5.790204, 4.114676, 9.407770,10.368272, 6.258066, 7.073230, 8.694681
 4.332380,10.176069, 9.324214, 6.753209, 4.831212, 9.501693, 5.132061, 4.878086, 3.933515, 6.490431
 3.323467, 6.894718, 6.621614, 7.863514, 6.396388,10.015047, 6.674639, 7.898731, 6.769700, 9.358593
11.353897,10.145936, 8.906265, 4.564102,10.836271, 6.336493, 5.509444, 8.834395, 9.019154, 5.028990
11.124340, 6.181271, 7.210438, 6.855759, 7.948653,10.030289, 7.728783, 4.035992, 4.456919, 4.927895
 7.992459,11.365133, 5.587419, 5.331426,13.308483, 6.827601, 8.900410,13.630929, 9.131734, 7.095749
 5.079119, 8.665189, 5.195484, 8.709475, 5.780780, 3.799492, 9.361433, 8.163781,10.896356,10.989360
13.998040, 8.305434, 7.653463, 9.726616, 5.861713, 8.696882, 7.951983, 7.321547, 6.679520, 7.216338
 4.675061, 7.652626, 5.615064, 4.406306, 4.297268, 8.475751, 6.814035, 8.472049, 6.873251, 7.824982
 6.732507,12.453500, 4.088239, 8.462669, 8.544012, 9.212369, 7.466445, 7.157416,10.854386, 8.393046
 4.979427, 9.789730, 6.359911, 3.401402,10.634006, 8.491917,10.635915, 5.306042, 6.452120, 5.698787
 5.076196, 6.593519, 6.815333, 7.972809, 5.355777,11.912289, 8.015623, 8.108180, 6.483561, 5.659233
 7.487367, 5.785787, 5.737287,11.244090, 8.126112, 6.018436, 3.813947, 6.795098, 6.650956,11.862091
13.576439, 4.538010, 5.808599, 5.787734, 5.891345,13.113626, 8.491338, 3.124377,11.255439, 4.676687
 9.361184, 6.037437, 5.378534,11.337419, 6.336431,11.609131, 4.574034, 7.657868, 5.463704, 6.399233
10.685626, 2.397258, 4.000487, 6.811076, 7.676672, 9.647984, 8.942597, 7.679800, 9.283273, 7.031039
 9.036215, 5.417107, 3.289160, 8.502367, 6.435486, 5.291855,10.472032, 8.758138, 9.391055, 3.787986
 3.951504, 9.996277, 6.729027, 5.546735, 7.478156, 4.953336, 7.546559, 6.903232, 5.250770, 5.585587
 7.322951, 6.241009, 6.464378, 7.697751, 5.253111, 9.327721,14.064042, 9.111745, 3.812302, 6.307852
13.459087, 7.397717, 9.150424, 9.272816, 6.404861, 9.102397, 6.097911, 5.381376, 5.750140, 6.705056
11.298168, 5.561820,12.697545, 5.768106,10.501278, 6.728868, 7.984613, 6.537628, 6.372726, 7.255081
10.633220,13.878880, 8.984262, 6.028425, 6.214050, 8.308141, 7.931915, 9.811629, 9.020155, 6.124769
 3.578812, 9.627239,10.739854, 6.937043, 9.186550, 7.928048,11.404673, 8.742434,12.301686, 7.196398
 6.029893, 4.924912, 7.951399, 9.431897, 1.960233, 7.549329,13.057347, 3.323757,10.261526, 8.402568
 6.557468,10.412247, 5.169013,10.348565, 6.727880, 5.071874, 7.501004, 8.768556, 3.936795, 7.181379
10.549910,13.598814, 6.264013, 6.015558, 8.431405, 6.308105, 2.981597, 5.710139, 8.018560, 9.451900
 4.812812, 7.402232, 7.696906, 4.482930, 6.544140, 4.438219, 9.237504, 3.555305, 7.943787, 7.708842
 5.488620, 6.984855, 7.873313,15.297544, 3.269224, 8.261896, 4.202005, 8.005752,12.600717, 4.506749
10.901054,12.236478, 6.707818, 9.469223, 8.003008, 6.691449, 6.699020, 8.081336, 9.039957, 5.521743
 9.795158,10.673233, 6.162977, 5.971410, 4.784178, 8.964985, 4.913796, 7.035061, 6.126510, 4.855789
 7.602175, 8.835191, 9.688331, 9.905348, 6.879594, 6.380332, 6.934461, 7.475917, 3.206971, 6.162385
10.536167, 7.717759, 5.357230, 7.294991, 9.737361, 9.672430, 6.368298, 3.974925,11.118089, 6.540437
 6.964516, 6.357450, 6.998663, 4.209156,13.509937, 4.133128, 6.166318,11.043959, 7.738020, 7.717061
 6.207690, 5.666768,11.660738, 6.545429, 5.732993, 7.775759, 5.313241, 9.173590, 7.134964, 7.558967
 8.485003, 5.669949, 9.165479, 6.427382, 8.755830, 7.080535, 3.662740, 5.827824, 5.882248, 7.349171
 8.131178, 7.681039, 3.685898, 9.952698, 7.790648, 5.423319,14.294761, 4.645319, 9.619654, 7.805296
 6.108684,11.894408, 8.263697, 8.565923, 7.294578, 4.942084, 3.608946, 5.747389, 8.305636, 5.157464
11.695553, 7.429345,11.533198,12.774746, 4.865557, 7.667715, 7.743753, 9.414370,11.074635, 3.258013
 4.329965, 4.981516,14.476538, 8.105969, 8.654643, 4.779807, 6.682817, 6.106220, 8.338813, 5.190979
 9.805998, 6.653781, 5.768703, 4.605900, 8.818930,11.015232, 6.114357, 9.364942, 8.963339, 7.700319
 4.357066, 6.515200, 9.033336, 6.243259,13.154623, 3.670516, 6.449207, 7.762819, 9.663309, 6.246467
13.527819, 6.792072, 8.074127, 8.703812,12.315142, 9.716005, 9.728284, 8.625081, 7.995049, 8.124863
 3.891762, 7.136933, 7.058627, 2.616412,12.012864, 6.215394, 4.487415, 5.116127, 4.483486, 3.071910
 3.770060, 7.891391, 7.356514, 6.154149, 5.364898,12.648299, 4.325379, 9.629568, 5.449079, 5.007396
11.222895, 8.684551, 5.579169,11.466043, 6.589666, 4.097557, 3.943530,13.736481, 7.593489, 6.779176
13.284754,12.405235, 6.898300, 4.816618, 6.849452, 3.130008, 6.296335, 6.162922, 4.463223, 4.076478
 9.774179, 6.425628, 7.611624, 9.466247, 4.804043, 7.145974, 5.986045, 4.159542, 5.529647, 6.838285
 6.210408, 6.264086, 3.058127, 5.250482, 5.014453, 7.579624, 5.440005, 3.328736, 3.673384, 7.530316
 5.959498,11.938621, 5.950308,10.687387, 6.697689, 3.646204, 9.659548, 5.334666,11.449607, 4.515025
 6.645312, 7.667404, 7.531029,10.808975, 5.951135, 7.731407, 8.238572, 8.583379, 7.234170, 7.828318
 6.175981,13.562327,10.170187, 7.699994, 7.329020, 6.407486,11.398951, 5.695373, 6.625331, 3.588579
 9.954692, 2.260977,11.167899, 5.717197, 6.487243, 8.569555, 5.299717, 8.606207,10.745815, 4.766016
 6.037467, 6.687306, 7.672357, 7.530622, 5.930028, 6.368927, 7.179529, 6.971970, 9.144933, 3.593758
 8.098210, 3.683541, 9.495545, 4.685471, 4.856896, 9.815507, 8.810976, 3.368438, 8.982596, 4.527012
 4.964205, 6.919221,10.207263, 7.137532, 7.552523, 5.876741, 6.338839, 8.530010, 5.916506, 8.630681
 6.872226, 9.056938, 5.374401, 4.587068, 6.533622,10.433662,10.682103,10.971750, 6.335640, 4.951405
 8.251850, 4.301276,13.834460, 5.728132, 7.138243, 4.705504,12.800580, 7.060871,10.050235, 7.876332
 8.262222, 2.242962, 7.595514, 3.431046, 2.482409,10.474185, 8.375812, 4.991687, 7.154722,10.563190
11.241767,10.727450, 3.371960,12.824287, 7.671236, 9.290067, 7.526907, 7.071108,11.488037, 3.145756
10.121859, 3.647051,13.949070, 5.625612, 7.584339, 5.159481, 4.878889,11.320723, 9.159718, 6.895889
 8.667768,10.735469, 5.867918,12.271131, 3.871155, 8.935897, 6.651788,10.271695, 3.346382,11.342111
 9.993672, 4.950316, 5.219662, 5.417863, 6.194021,10.284251, 6.607857, 5.917198, 9.569206, 5.154056
 6.961048, 7.017332, 7.382867, 7.857286,10.479167, 4.101686,10.084847,10.524585, 3.172043, 7.928184
 7.502584, 6.390861, 5.942780,10.299665,12.445685, 6.572698, 4.644531, 3.203086, 5.258033, 4.971061
 7.113598, 4.497987, 6.079341, 7.906470, 6.231418,11.173771, 5.536909, 6.477635,11.459081,10.521828
 6.876853, 7.216468, 3.151375, 7.467732, 6.017978,10.820402,14.479876, 6.927641,11.727446,10.196120
 7.620510,10.295172, 7.855029, 9.293662, 4.991572, 5.990743, 9.195204, 9.009363, 3.781638, 3.595974
 7.278118, 8.063209, 6.783096, 3.155872, 5.369531, 7.435118, 5.928441, 8.159815, 7.732960, 8.612657
 6.716679,15.110008, 5.184185, 9.260403, 7.963299, 4.354913, 5.979336, 6.433431, 5.790693,11.453719
 3.079909,13.625938, 7.711673, 6.245713, 5.367906, 6.977995, 8.298418, 7.602454, 5.446557,13.137758
 3.730447, 6.746807, 4.496444, 7.744697, 7.264232, 4.944058, 9.811118,11.552190, 8.071313,11.417635
 4.822792, 6.307253, 6.749498,13.309958, 3.981463, 8.464501,10.339360,10.152509, 4.664354, 5.711786
 6.876723, 6.429160, 6.804921, 6.647612, 5.954770,10.866287, 7.631494, 9.910195, 8.367705, 4.810519
 7.923954, 8.695550, 5.932245, 7.205414, 8.285365, 2.466730, 6.993835, 7.939108, 7.523469,11.317719
 6.445524, 9.053857, 7.217477,10.214173,10.887986,11.823087, 7.435837, 4.059977, 4.555165, 7.504454
 6.498233, 7.410677, 6.314860, 8.265030, 4.196082, 4.781873,10.055741, 7.991712, 5.692776,11.714962
 9.050123, 5.706989, 5.459215, 5.686280, 5.132503, 7.163125, 9.622372,13.165594, 3.888542, 4.491111
 9.619938, 3.983967,12.431431, 6.817836, 7.012806,11.514561,11.720831, 7.034539, 8.459710, 5.239575
 4.205335, 5.083050, 7.094311, 4.471190, 5.741525, 6.136103, 5.715608, 8.479213, 8.559926, 9.125879
 9.855800, 4.278201, 9.254251, 6.502673, 6.007182, 3.700827, 6.926875, 8.302645,12.667311,12.379481
 7.263925, 8.888205, 4.935804, 6.590572, 8.358628,11.204557, 5.473413, 8.641105,11.775339,11.018647
 6.028968, 6.490816, 8.624414, 9.973657, 4.004554, 4.137272, 8.745283, 3.614396, 4.817021, 6.091707
12.252326, 4.261228, 8.385247,12.250584,10.164959, 6.378765, 5.813377, 6.184314, 5.464739, 8.450175
 7.504444, 8.628574, 8.882839, 5.980407, 4.059444, 9.608878, 4.574039,13.427543, 3.146428, 4.940269
 6.703963, 8.175392, 8.999132, 4.588846, 8.639513, 7.104583, 5.545550, 5.665462,11.076246, 6.156986
 8.050252, 8.840486, 3.906875, 6.259798, 6.506888, 6.685464, 7.092951, 2.453814,11.708624,14.999937
 6.420093,12.236102, 8.249996,13.135110, 4.283457, 8.407658,10.447614, 8.413419, 5.921190, 5.404261
 9.665803, 3.843751,10.021624,11.914343, 6.034405, 9.328495, 5.871517,10.403899,11.823973, 5.449346
 8.333284,10.715422, 7.614044, 6.000116, 5.866013, 9.937717,13.695744, 5.138445,11.572630, 9.486984
 6.751831, 9.739507, 9.846322, 6.553834, 7.552386, 4.865965, 4.404103, 6.510461, 5.993933, 5.575058
 6.834591, 3.250799, 5.098498, 3.612152, 5.869921, 9.922168, 6.341252, 6.518138, 8.363552, 3.365331
 7.805590, 9.383528,13.344305, 7.763444, 6.481685, 5.763810, 8.190276,10.547074, 8.248314,11.398602
 8.769350, 9.878167, 8.278317, 4.402493, 9.886315, 6.141172, 5.335574, 5.554006, 4.985900,10.012306
 5.248645, 9.525010, 4.234190, 5.905779,15.258302, 7.375539, 5.581481, 5.356490, 4.431778, 6.844125
 6.358941, 4.225460, 4.307843, 4.375465, 4.458716, 8.610015, 9.066927, 5.556562,12.944723,11.174223
 4.272722, 8.516882, 7.731869, 5.164231, 4.357791, 6.679816, 9.375216, 4.643120, 3.492765, 4.825911
 9.715954, 5.846035,11.200493, 5.340102,10.377085, 8.760950,10.603152,14.147436, 8.034133, 8.456437
 8.293906,12.905503, 4.250687,11.208584, 7.261889, 3.872794, 4.709221, 7.736993,11.026681, 7.539398
 5.843531, 5.979807, 7.122280, 7.758090, 5.406365,10.169129, 7.597747, 4.802649, 6.881584, 9.783804
11.237295,12.261570, 4.772620, 7.853874, 4.888110, 7.389386, 7.693356, 9.733032,10.757742, 5.318631
 4.423791, 3.993165, 6.837342, 5.476797,10.060463, 7.773405, 9.597086, 9.094685, 5.615850, 9.404496
10.777253,13.390948, 7.559359, 8.165478, 8.060603, 7.333408,16.523043, 5.319132, 6.712828, 6.166665
 3.793566, 4.977569, 5.299071, 6.669931, 5.680565, 6.035976, 9.860861, 8.613770, 9.179121,13.338603
 5.924509,12.394035, 9.265108, 8.062083, 8.362779, 9.100775, 4.782551,10.968109, 5.607541,10.069382
 6.544458, 4.915072, 3.694954,11.334137, 6.149993, 4.036706,11.787879, 9.495569, 3.786671, 6.116746
 6.648177, 8.417301,14.062115,12.423270, 5.834922, 6.636351, 6.882937, 8.480657,11.825535, 7.677159
 7.404454,11.371567,13.594572, 6.300828, 8.448772,12.165099, 7.514810, 5.558071, 2.216696,14.006413
 7.185309, 6.075256, 7.704747, 9.296338,13.057432, 7.838606,10.151702, 7.232238, 8.988986, 8.594615
 7.068357, 6.948574, 4.808557, 7.419777, 7.962434, 7.896440, 8.122783, 9.572883, 9.220914,11.380972
 5.594456, 4.291674,11.318336, 4.440018, 6.808758, 5.643337,12.186448, 9.428276, 8.101800, 5.637248
 6.884464, 4.697335,11.701001, 5.761033, 5.794527, 7.044329, 8.548909, 9.209293, 3.911930, 7.047569
13.628387, 7.032770,12.606450, 8.939585, 5.235506, 6.837772, 2.155832, 5.146288, 4.892035, 5.625317
 3.763653, 6.284039, 8.645086, 6.643512, 4.410985, 5.989400, 4.433770, 9.646364,14.517836, 5.229606
14.134431, 9.190540, 9.415071, 6.982777, 6.751911, 8.506142, 3.669412, 3.785654, 5.654947,15.212786
 7.800509,10.038382, 5.229547, 5.436180, 9.386230, 6.473458, 6.586288, 7.170298, 5.940690,13.157854
 8.943052, 6.283570,11.522085, 8.971000, 7.115469, 4.959098, 7.894162, 4.086553, 8.592749, 4.494587
 5.301677,10.612136, 8.790403,10.500776, 6.330619,10.957250,11.658473, 9.069445, 5.808910, 4.108775
 8.778953, 8.245774, 5.766577, 6.624840, 9.628745,10.554422,10.467001, 7.771056, 7.973787, 7.826340
 5.321207, 7.557486, 8.845748, 8.817735, 9.057921, 7.160994, 7.200782, 5.530564, 6.990958,10.876966
 4.443884, 4.284151, 4.317102, 5.872809, 9.817006, 7.369179, 5.042791, 5.527205, 5.932745, 7.776790
 9.094666,13.107291, 8.802501, 6.069987, 9.666369, 7.244421, 6.606981, 9.191536,10.088792, 5.887485
 6.398266, 8.721158, 2.974443, 5.575889, 3.540441,10.032133, 6.002196, 7.143634,11.952786, 7.860355
 9.250753, 8.459230, 2.736539, 4.949001, 8.015844, 3.715360, 3.521966, 7.586654, 7.203030,11.003319
 8.289296, 7.515970, 4.773086, 9.908912, 8.782991, 8.589297, 5.596278, 8.574236,14.538812, 7.269652
 9.883975, 7.439367, 9.596610, 7.528314, 3.343363,10.724065, 5.897161, 2.745592, 9.790327, 4.993494
 7.862292, 9.608481,11.889864, 9.198785, 8.629299, 3.733590, 9.168543, 5.666907, 9.769040, 5.603535
 6.858808, 5.253551, 3.149654, 5.566845,11.261070,16.750510, 5.969472, 3.422177, 5.171335, 8.425297
 3.660553, 7.789093, 7.576975, 2.373081, 7.543976, 3.364950, 4.092781, 6.508630, 8.563749, 9.182126
11.453727, 6.514336, 9.197234, 8.439531,11.826461, 9.876552,10.326479, 5.952647, 6.088648, 5.183821
 8.895650, 9.216035,14.486754, 4.495184, 4.758568,11.123575, 6.203882,12.089843, 4.875262, 4.125288
 7.344352, 7.716795, 2.649600, 9.022193, 4.610776, 4.198437, 8.404926, 4.715154,10.155294, 7.210042
 8.312250, 6.820443, 5.660743, 1.898407, 5.320910, 6.099521,13.483878, 4.992600, 7.408975,10.393715
 5.792737, 7.166220, 4.003279, 7.149257,10.533300,11.002886, 7.827769, 6.433103, 7.511843, 9.663107
 7.209357, 4.757120,11.231118, 8.317385,10.707161, 5.208610, 3.804386, 6.924765, 5.912102, 5.952737
 9.306309, 6.404380, 7.026023, 6.014057,10.254750,14.772055, 6.370950,12.322380, 6.886180, 4.417235
 9.840603, 5.605669,11.265661,10.138297,10.891010, 6.036405, 6.827925, 7.754802, 4.731460, 5.720775
 6.589808, 9.495699, 7.740204, 7.019707, 4.116763, 5.800410, 4.348775, 5.474828, 6.859956, 6.362021
 9.741421, 6.268703, 7.821657,10.852493, 8.002151, 8.165692, 9.403515, 4.170671, 6.266897, 7.018282
10.943971, 5.752915,10.176529, 5.752726, 6.487440, 9.890879, 5.379766, 4.477105, 8.259261, 2.453844
 7.754162, 5.477512, 6.960162, 6.292303, 3.017047, 5.448551, 4.455507, 5.761529, 6.166725, 6.111930
 3.050358,10.148881, 8.523917, 9.085749, 5.353149, 5.901629, 8.248954, 6.412946, 4.085629, 6.245568
 6.268517, 6.674957, 8.970348, 5.509933, 5.396824, 7.201094,13.367760,13.907291, 8.465805, 9.756475
 3.964784, 6.608816, 9.676059,10.706135, 8.065770, 4.563965,11.316169,10.752658, 6.782061, 9.898669
 9.672430, 9.817278, 6.389088,10.649706, 8.151122, 6.242440,11.023151, 6.650708,10.541089, 6.431145
 6.032199, 6.237048,11.805812,11.818263, 8.227458, 9.131226,10.906348, 6.808990, 9.527353, 6.352472
 6.912445, 7.236471, 4.074000, 8.102247, 4.222108, 7.929713,12.980166, 3.853181, 9.457981, 7.459776
 4.182709, 8.423207,10.040765, 7.927730, 7.959246, 1.479151, 7.537104, 5.480513, 7.625650, 2.779155
 5.371668, 5.941592, 3.931611,12.551830, 4.898895, 6.698543, 5.895252, 8.917698, 7.523189, 6.095875
11.344225, 4.037578, 4.840309, 6.324059, 4.982365, 8.964374, 8.489736, 8.854841, 5.972309, 4.830102
 5.874273, 5.898876,11.788894,13.560133, 9.721392, 6.928085, 5.412167, 9.535760, 6.144999, 9.819121
10.260664, 6.485197, 9.523649, 6.883035, 4.471555, 3.679046, 6.688102,11.177503,10.827389, 8.073297
 5.153962, 4.413336, 5.662088, 2.767601, 7.502754, 7.549802, 4.322819, 5.363802, 7.040299,11.426149
 9.189775, 5.405432, 7.361355, 7.949291, 5.486732, 9.570612, 5.381717, 7.407318, 6.851315, 5.925620
 8.822899, 8.785798, 5.941970,17.696499, 9.523924,13.247517,11.137023, 9.917809, 5.717259, 6.516443
 8.500533, 5.937316, 3.818495, 4.876831, 7.795632, 6.942748, 6.580634,10.876704, 2.691868, 7.418837
 8.823561, 5.549987, 7.918016,14.377339, 6.747691, 8.720666, 8.040890, 6.196915, 6.861382,12.756660
 3.314191, 6.848445, 7.539862, 6.870136, 7.669516, 3.630893, 4.779684, 4.254352,13.734461, 7.882076
 6.997887, 6.556016, 4.472965, 9.204656, 4.886317, 9.072583, 9.668620, 7.003852, 7.851239, 3.920596
11.461726, 7.291279, 5.411548, 9.007904, 7.033952, 4.253321, 7.829406, 4.786512, 4.771636,13.464948
 9.970370, 5.140935, 6.260739,19.623181, 6.875942, 9.575230, 3.680050, 6.547569, 5.336300, 9.838718
 4.177476,12.237969, 8.470228, 5.418527, 5.247169,10.070450, 8.187866, 9.065827, 5.750983, 6.043443
 6.507102,16.870814, 9.994103, 5.924856, 7.192491, 5.668801, 9.444529, 5.467967, 7.201409, 4.192903
11.563448, 2.882361,10.185816, 5.397951,11.621372, 5.082516,10.143378, 4.796158, 6.755447, 8.771141
 6.862277, 4.521354, 2.465586, 8.435713, 5.448881, 4.747699, 7.607038, 6.200380, 4.729093, 8.428969
 8.313890, 6.228825, 6.340053, 6.499929, 7.356999, 8.223603, 6.120985, 6.583044, 6.876202, 4.117412
 4.609559, 6.256101,11.493767, 6.690078, 6.689297,11.768004,12.937083, 6.124268, 6.929651, 7.934586
 3.335261, 7.151596, 3.315947, 9.288459,11.125610,10.178609, 5.477414,12.984898,11.129628,11.400962
10.400724, 6.792641, 6.044940,19.066726, 9.194707, 8.958154, 4.862707, 4.479151, 7.099365, 9.445855
10.192198, 5.219561, 6.503300, 3.490856, 7.828243, 6.564182, 6.178734, 9.182624, 5.796142,15.558274
 7.524152, 6.393838, 7.626457, 5.370909, 7.731407, 6.794492,10.255766, 8.752363, 4.443596, 9.851120
 6.145600, 9.284868, 3.526965, 6.166945, 6.737933,10.416327, 9.385681,11.201144,12.215198, 6.236715
 4.543910,11.130578, 3.862608, 4.039526, 7.052291, 7.503575, 9.507660, 6.366919, 8.191478, 5.798923
 6.630624, 5.918009, 5.897773, 6.684850, 8.754783, 6.767620,12.263060, 3.190582, 5.545373, 3.716526
 7.287083, 6.097219, 3.731232, 4.010467, 5.503988, 7.378078, 7.453702, 7.656852, 7.449892, 6.834635
 8.428893, 6.699843,15.919508, 4.759730, 6.727071, 8.630809,12.765051,10.194398, 7.034651, 7.119285
 5.931225, 4.353562, 6.350731,14.643489, 5.680315, 7.419510, 9.365348,10.421480,12.553523, 9.080738
 4.856386, 3.540672,10.275928, 6.077824, 9.022513, 7.675684, 8.705744,18.308230,15.845515, 8.835373
 7.934068, 6.571344, 5.276230, 5.230574, 8.775292,10.435242,14.327524, 5.276670, 5.797904,11.816675
10.900674, 8.650793,10.590081, 8.167495, 7.911005,13.968640, 8.772361, 9.026849, 6.205568, 6.676399
 6.668763, 6.847144, 7.438571, 6.521719, 5.828643,15.295352, 8.662798, 7.906409,14.738211,14.508816
 9.588242, 7.632915, 6.578115,10.274812,11.505897, 6.335415, 4.318961, 6.216653, 6.141122,11.635988
13.551672, 6.275835, 4.784790, 8.244330, 5.661177, 4.151021, 8.842941, 4.409216, 5.051955, 4.397357
 8.608337,11.697667, 5.806109, 7.048463,11.973961, 6.443119, 4.601764, 9.941883, 6.454882, 3.800151
 6.409857, 4.366655, 6.015336, 3.663215, 5.390774, 7.867095, 7.045727, 7.807792, 5.844289, 8.372900
 4.350097, 4.181640, 9.136089, 8.712461, 6.582501, 7.746075, 6.963837, 6.094493, 6.456271, 8.260378
 9.694804, 6.965283, 5.735318, 9.835141, 4.688204, 8.071250, 6.327880, 8.910437, 9.980128,12.510730
 5.828268, 4.795456, 8.354510, 6.570621, 8.583838, 3.985515, 7.369867, 5.242081, 4.546245,11.891309
11.512414, 8.104287, 4.851996, 8.267839, 4.705994, 4.406430, 6.038829, 3.405363, 7.463181, 5.420028
 7.608990, 6.562936, 1.751978, 5.204746, 5.576757, 9.587607, 6.447376, 5.318764,15.329252, 6.207124
 7.070489, 6.001175,12.789473, 6.812208, 8.134114, 6.415663, 4.667039, 3.428422,10.147659, 9.649360
 5.445226,10.983289, 8.394716, 7.094915, 5.032301, 6.762722, 7.191448, 8.930005, 9.748910, 7.677283
11.035419, 8.165722, 9.812377, 7.110653,14.912985, 4.647685, 5.913949, 9.813264, 4.336873, 7.801221
 8.717214, 7.392584, 4.406394, 9.058962, 5.836806, 7.847698, 6.490173, 5.276588, 8.877764, 6.954097
 3.382968, 6.241617, 8.750036, 1.878015, 9.250488, 6.908232, 7.320661, 7.429367, 7.749457, 6.764822
 4.137478, 4.537885, 5.609226, 5.093357, 7.596108, 4.429609, 8.952239, 6.413086, 5.869663,14.913780
 7.676980, 5.146754, 6.211894, 9.621085,10.715612, 9.442816, 9.377288, 2.674312, 7.370337, 9.901542
 9.434057, 7.515657, 2.703322, 5.186644, 7.786767,12.850856, 9.816272, 7.802878, 2.820991, 3.854127
 5.539803, 8.803977, 7.801127, 6.046424, 5.661488, 7.887924, 5.462023, 6.175919, 7.187186,13.040662
 4.621839, 6.066717, 7.607377, 6.619768, 8.805974,10.175322, 6.040386, 4.054656,14.392147, 9.811190
 7.778884, 4.113002, 5.657567, 7.951054, 3.408251, 6.411959, 6.392995, 8.502447,10.216106, 9.120896
 5.316883, 5.917883, 6.066298, 5.842443, 7.176918,12.189680, 4.221207, 9.532750, 6.507163, 2.132370
 8.250052, 5.307038, 5.361157, 8.257724, 8.980522, 5.684793, 5.526092, 5.918419, 5.982779, 4.833376
11.725612, 7.822005,14.208914, 9.458207, 8.887748, 7.924365, 5.189069, 9.801177, 6.648733, 7.506075
 9.211004, 2.496571,10.842166,11.171923,13.818769, 7.591469, 7.379274, 7.043807, 3.240631, 7.891261
 7.111837,11.062834, 8.402000, 4.458898, 6.995006, 7.050011,14.764373,10.014827, 5.174467, 6.577140
10.755956, 6.342154, 8.030074, 6.551720, 6.180429, 9.334349, 7.473145, 4.146207, 8.386619, 2.889553
 7.049248, 6.314187, 7.238639, 9.016548, 4.687040, 3.889461, 8.564375, 8.134308, 6.373977, 6.241485
10.984339,11.342168, 6.745498, 7.405174,13.974994, 7.455710, 8.437893, 8.978042, 1.854883, 9.133233
 3.250946, 4.367202, 5.409779, 6.363224, 5.355470, 6.319419, 5.778258, 5.639287, 5.385256, 8.892955
 9.294860, 4.028235,15.455830, 5.943399, 6.091447,11.327030, 5.990172, 5.142200, 6.766974,11.849511
11.976847, 3.840219, 4.444769, 8.337078, 6.488033, 4.587426, 7.258235, 3.704557, 3.676130, 6.864776
 9.740148, 5.207731,12.566789, 3.573673,15.043569,12.778497, 7.479657, 4.332403, 4.074426, 7.552716
 8.521041, 5.570760, 8.679209, 4.602845, 8.546722, 2.810419, 3.924860, 7.579714, 5.074301,11.331096
 6.752833, 7.135849, 5.850443,10.144010,10.215435,10.970766, 6.751794, 6.415729, 6.296839, 4.971908
 9.463635, 5.075999, 7.968351, 8.464277, 4.870810, 8.444721, 4.456856, 6.689650,11.069374, 4.552392
12.900291,14.849576, 4.867698, 8.056052, 6.957383, 6.456666, 7.784638, 8.258938, 7.477359, 9.996824
 5.896869, 8.245241,10.122084,10.267864, 5.718208, 5.064934, 8.377452, 4.329980, 7.140385,12.056883
11.028617,12.635723, 7.076985, 6.677725, 6.180392,15.344538,10.613897, 6.177945,11.318067, 7.159569
10.758297, 6.381657, 6.653408,10.052533, 5.215085, 4.669795, 5.292413,12.798997,10.685270,13.162073
 6.079908, 4.980340, 4.732824, 5.098785, 7.779380, 7.139927, 7.996900, 6.749642, 7.828215, 6.584832
 2.421212, 8.095406, 4.816463, 5.089638, 6.577917, 8.106851, 5.639066, 3.322975, 6.418012,11.988602
13.986588, 5.342940, 8.145040, 7.492243, 7.613032,11.152177, 7.630995, 9.325665, 7.379230,11.938047
 3.406719, 5.139549, 5.820014, 9.119312, 5.298746, 6.628454, 9.073451, 4.875112, 5.105782, 2.803134
 6.165682, 3.513097, 7.121135, 7.286460, 4.652570, 4.563438, 6.922902, 8.672474, 8.072374, 6.030013
 4.602960, 4.507554, 5.772768, 3.811956, 4.686511, 6.128360, 6.814495, 8.782395, 4.178709, 7.786070
 8.125037, 7.007125, 4.463418, 7.898054,10.452602,10.392669, 3.448796,10.614909, 4.546210, 5.930104
 9.129456,10.636521, 7.621145, 5.316492, 6.437322,10.520719, 5.242848, 7.103443, 6.078063, 5.701696
 7.010875, 7.610915,13.665803, 5.629346,10.452187, 6.706481, 5.912819, 2.174763, 4.704480, 5.952006
16.021414, 7.080441, 5.673569,10.225251, 4.916616, 7.563534, 5.409187, 7.350219, 8.463623, 7.869370
10.635738, 5.593926, 5.657656, 6.012467, 5.280351, 6.753828, 9.190210, 4.550831, 6.268669, 4.091601
 8.134688, 5.116636, 7.495541, 9.489488, 9.896507, 8.747288, 9.660066, 4.797052, 6.545398, 4.004214
 6.705651, 6.171808, 6.737047, 7.775019, 7.117080,10.550787,10.524791, 5.861394, 9.539473, 5.037925
 5.568575, 5.610891, 4.158615, 4.741495, 9.609325, 7.695065, 6.872361,10.466734, 8.250137,10.109034
 7.094489,11.506702, 6.653537, 6.939909,12.550902, 9.568477, 4.721873, 5.551936, 2.464322, 8.937337
 8.346601, 3.219307, 6.009525, 7.756586, 3.861864, 3.979748, 4.887675, 5.678883, 3.843591,18.086699
 9.420951, 3.846449, 9.345454, 5.878932,13.179396, 3.597467,10.450740, 2.591112, 9.603476,11.481533
 6.606517,10.148672, 6.286994, 8.633140, 4.384799,15.071164, 4.425854, 6.806280, 5.854753, 5.105141
 7.990402,10.593123, 9.392860, 5.850502, 7.226349, 7.404512, 4.348503,11.307432, 8.246184, 7.940471
 6.616234, 3.252894, 7.698919, 5.041562,11.221402, 3.424705, 4.495416, 7.260175, 5.631207, 8.453195
 9.388819, 4.360000,11.078569, 6.871485, 6.182169, 8.174926, 3.178792, 6.043039, 4.850252,11.467855
10.793765, 6.385594, 8.178931, 7.246659, 4.785954, 3.664712, 5.556334, 4.675376,11.661408, 8.554606
 5.832184, 4.036488,11.742262,10.547808, 6.210644, 3.583572,11.675511, 3.523301,11.126632, 7.059859
10.901931,10.913776, 6.551459, 8.176222, 7.357020, 7.085511, 9.272699, 4.346613, 9.988075, 5.482577
 7.324488, 9.990562, 6.033051, 5.744729, 3.364988, 8.277649, 7.247268, 3.046680, 6.925316,10.696005
 6.455452,10.430688, 6.308528,12.712989,13.200087, 3.690783, 3.974800, 9.100770, 5.893247, 7.550423
 4.870380,17.860561, 5.143898, 4.587511, 9.644854,10.252365, 4.619098, 4.672216, 5.102672,10.557249
 8.318927, 3.768513,10.392158,11.643420, 9.778261, 7.518225, 9.984412, 6.232374, 7.847104,10.841019
 5.984478,10.286143, 5.436941, 9.702367, 6.758507, 9.972557, 8.332172, 7.029405, 4.435326, 4.506684
 6.453875,13.469790,10.294261,10.342184, 7.226181, 8.771310, 6.989583, 4.908671, 9.273568,10.329750
 5.658022, 7.815992, 5.561690,10.506754, 2.275720, 3.556146, 8.756035, 7.648629,12.846194, 7.333315
 9.390608, 6.485508, 5.186661,11.103643, 9.323981, 3.168315, 7.653768, 5.969242, 6.607626, 7.056546
 7.772938,13.315920, 3.373515, 5.331308, 7.148042, 9.771128,11.080856, 8.897635, 9.909040,11.692342
 8.557673, 7.251416, 6.065993, 7.818218, 3.672203, 6.089050, 8.835771, 9.754976,10.036201, 9.436467
 6.272873, 8.625150, 6.077856, 9.328535, 6.535381, 5.841359, 7.521160, 6.153153, 9.633231, 9.580970
 3.311671, 3.889321, 8.252988, 8.884475, 7.943655, 7.667903,10.078204, 5.579947,10.093499,12.392864
 3.748828, 2.418110, 6.001458, 3.943510, 7.352444, 4.656996, 7.395026, 7.161074, 7.584433,10.282251
 2.796225, 6.067105, 5.366772, 5.466932, 8.072466, 4.024707, 6.802338,10.051961,10.819805, 2.894735
 9.566829, 7.438597, 7.500714, 3.672006, 3.367228, 4.189765, 5.460111, 9.542701, 7.730676, 3.409844
11.685319, 6.035217, 4.211004, 6.672049, 8.362842,10.332710, 7.829349,10.127870, 6.295914, 7.491436
 5.225744, 5.863709, 8.531638, 7.894436, 6.224661, 8.777653,12.229365, 4.580899, 5.388519, 6.111108
 3.753231, 8.360304,12.166220, 8.487516, 5.245403, 5.912459, 5.832053, 6.669627, 5.666011,10.381193
 9.117927, 6.955948, 5.981749, 4.801198, 9.323301, 3.390926, 4.636316, 3.415829, 7.093355, 8.819687
 7.858086,16.163892,12.462178, 5.597122,12.719726,11.974158, 6.995604, 9.547634, 9.915552, 4.993888
 4.453061, 9.477029, 8.168603, 7.494448, 5.004631, 6.351492, 5.905540, 5.734287,11.092517, 6.204315
 5.356808, 4.577524,11.275967,10.642630, 3.889944, 9.681135, 9.911128, 6.505942, 3.847920, 7.104834
 7.188973, 7.136833, 3.293389,10.822744, 9.525740, 4.127494,10.016677, 7.003290, 7.254422, 4.502947
 4.635800, 6.944873, 7.241795, 3.884221,11.146124, 8.860925, 8.488051, 7.105010,13.358121, 5.303478
 9.134636,14.522016, 3.464522, 6.183794, 6.115610, 2.516351,10.668318, 6.730087, 6.172696, 6.267748
10.461621, 2.785353, 6.407489, 3.868998, 6.763064, 7.191202, 5.784084, 8.468771, 6.768283, 8.240588
10.226167, 6.278460, 8.824554,10.970176, 2.506372,10.337098, 8.027457,10.073157, 6.986729,10.697223
