 8.168831,12.932035, 9.651533, 7.202620,13.430342,12.201589, 9.238621, 9.904478,12.238914,18.003357
11.962899, 8.760802, 5.076282,18.906749,10.501587,11.908899,12.923591,11.249640, 5.995046,12.660926
 7.192398, 8.453788,11.171724,12.179941,11.588748, 9.102912, 9.207757, 7.173922, 6.745851,11.952338
10.166009, 8.043516,10.704310,12.452216, 7.181620, 7.657180, 6.541527,17.899288, 5.913184, 5.801307
 8.792051,12.022296,14.349592, 9.169567, 5.201709, 4.555734, 6.045131, 9.471175,11.140088,11.075507
11.589433,14.613014,13.611782,10.165338,12.322997, 9.090051, 7.087692,11.994041, 9.300504,16.221034
10.476339,10.784414, 7.994207,14.659486,11.119831,12.776242,12.797168,10.549215,11.603706, 6.429506
 8.596141,12.859172, 9.660863, 7.821834,11.700192, 7.853671,10.085312, 5.746567,11.709023,13.357544
 8.171285, 9.674141, 9.305794,12.957443,11.971370, 9.449099, 8.044629,10.263395, 9.021670,12.270135
 6.473518, 8.281727, 6.326439, 7.757161, 8.650108,13.713913, 9.274700, 8.906439, 6.298983, 6.647405
 6.828240, 9.297467, 8.816659, 5.477129, 9.649772, 8.680243,12.889288,13.937137,11.091813,10.502133
10.940364,11.645124,10.024182,10.578112, 9.705910, 8.713582,15.491719, 6.110190, 7.370474, 6.512736
 7.729883, 7.495655, 7.509803, 8.962485, 8.691139, 6.688770,10.253869,12.677504,15.822214, 5.145982
 8.251706,12.026414,12.815371,13.970672,13.295129, 7.632381,12.526930, 9.560627,11.206505, 5.751843
 8.254955,14.307659, 4.884195, 7.809409,10.288744, 5.977093,11.053177, 8.886029,12.060840,10.833771
 8.009514,10.729124,12.491496, 7.344587, 9.995664,10.386787,11.942259, 9.995763,11.339301, 7.824984
10.489196, 6.938092, 6.367814, 7.228289,12.496686, 4.827597, 8.418716,12.525887, 6.161248,11.315461
 8.046570, 6.837716, 8.813304, 7.208172, 8.563208, 7.309381, 4.624707, 5.045565,15.167950, 9.376186
16.229984, 6.652275,10.902552,10.552466,13.831406,13.633716,10.933844, 8.126220, 8.964956, 6.310102
 8.870730,11.781605,12.552026, 6.451063, 9.537980, 4.127647, 8.283075, 9.785715, 8.372803,11.663386
11.171904,11.912184, 6.893863,11.657928,14.535530,14.670836,10.558685, 9.798526,13.028597, 5.446353
12.800968, 9.301756,16.121627, 6.611227, 5.617710, 7.219539,10.480893,10.685512,11.451322,13.994261
 9.324145,13.847934, 8.090881,14.093635, 8.722438,10.775435,11.010722, 9.583666,11.262609,13.734187
 9.618386,15.735308, 5.805720,10.959269, 7.495369, 8.795253, 6.003444,14.332001, 9.840169,11.912748
11.743899, 3.938024, 7.596234,14.795303, 8.267276, 7.830232,13.594931, 7.211799, 8.599820,12.790934
16.317400,11.570872, 7.009832, 9.230705, 3.514260,10.704506,13.109672,13.460527,11.080271,12.923166
11.738607,12.120130,11.761210,11.131592,10.942487, 4.113985, 4.725003, 9.021805,12.363016, 8.491043
13.116834, 9.035365,10.570505, 8.378251, 9.402953,10.590141,13.032222, 8.800034, 7.524106, 4.826862
12.357085, 7.492900,13.887761, 5.978051,10.955220, 7.163330, 6.390325,12.198305, 8.579168,10.793132
 8.579912,10.144788, 8.865948, 7.817662, 9.662912, 7.546236, 9.251279, 9.514439,12.620299,13.727547
12.783397, 6.804298, 7.238500,14.971520, 9.059205,14.579828,16.885360,13.655379,18.445538,11.208985
 8.692695,14.161570, 6.765508, 9.407814, 7.742493, 7.254865,10.210466, 9.609814,11.484371,10.058027
13.034749, 9.623309, 8.864552, 7.360630,11.846167, 9.714880,14.907016,13.637434, 6.929903,13.241062
 8.199093, 7.846793,12.288550, 6.298446, 4.532987, 4.500170,10.115914, 8.432578,10.099528, 8.948285
12.336298, 9.834918, 9.247638, 9.098823, 9.096429,11.621391,11.108530, 8.226558, 7.045183,11.551735
 7.060998, 5.361172, 7.012701, 9.790012,10.803182,12.361696, 9.223750,13.271775,10.960202, 8.687796
12.511201, 9.076200,15.965474, 4.595893,15.129523,10.802958, 5.667698,11.695971, 8.007677,10.538040
 7.184822,14.717631,12.364352, 7.839197,11.087000,10.818662,14.187615,10.396464, 5.964387, 8.702724
 4.344756,11.950503, 8.748003, 9.209905, 5.833932,10.819333,10.171423,10.369940,10.596732,12.044584
 5.401165,13.802556,12.777273,12.956726, 8.550632,15.435197, 4.306841, 7.558981, 6.950138, 9.548914
 9.595784,10.618631,11.878708, 8.861096, 7.850419,11.364164,11.168584,12.535924, 5.707632, 8.135505
14.151239,11.020439, 8.784118, 9.138575, 3.062974, 5.983133,12.075633, 9.869825, 8.652920, 9.354009
12.718820, 7.716209, 9.172754, 9.106940,11.731130, 6.714145, 8.892294,10.028270, 5.007862, 7.700425
 9.360870, 9.978610, 4.487572, 8.412164, 8.733370,11.154355,11.674527,11.735954,10.426107,11.009035
 9.058475, 8.677623,15.765837, 6.545070, 8.098627, 9.555708, 5.619464, 6.741808, 4.415565, 9.882271
10.646812, 9.889169, 3.960803,11.360576, 7.700007,10.704284,13.548750,12.937374, 9.952833,17.080743
 7.459605, 7.228455, 7.725968, 8.001655, 5.838316, 3.894459, 9.568553, 5.824532, 9.017862, 3.436737
 9.294374,10.004187, 8.171844,18.712070, 7.356420, 6.888053,14.381840, 9.417584,11.598723,10.676598
 8.936724,18.476489, 7.095095,13.782597,13.505081, 8.701008, 5.495217,18.710710, 8.818404, 7.748724
 7.562402,10.475544,12.680523, 7.844308,13.689915, 5.532620, 7.157125, 5.798685, 9.098993,13.321285
 6.133752, 9.369098, 4.807012,10.388385, 5.866314,13.720304, 6.349917, 9.110843, 5.587543, 8.060823
10.831529, 8.744671, 7.440236,13.137954,13.015275,11.821606, 8.812446,10.315698, 8.378125,17.185268
 8.111008,11.087180, 9.708130,12.502115,11.526608,11.158825, 4.934163,14.542226,14.355041, 8.655822
11.074039,11.312616, 6.518376, 4.813649,10.385599,10.212712, 5.944263,12.182942, 5.800475, 7.749766
11.457001,10.065878, 5.285327,11.580639, 7.541005,13.394286, 5.153484, 8.672501, 6.367771, 6.453196
 8.590987, 9.158859, 6.073157,13.504205,19.219007, 8.858224, 5.794345, 8.218525, 6.011798, 9.270325
 4.708692, 9.397427,10.101649,10.540765,17.752188,11.088666,18.248435,11.038810,12.455113, 8.884958
11.450844,10.841605,10.735808,10.831906, 8.758789,13.487117, 6.485186, 9.640316,13.633609,10.481114
14.432663, 8.783614,11.977988,15.746108, 6.788959,14.365329,11.574661,10.005261, 8.351167, 8.878171
12.331264, 6.670419, 9.154872,12.879335,15.147850, 9.370975,10.293324,19.683198, 8.204932, 7.613758
 5.721584, 7.981885,15.686725, 5.306434,14.249282,11.270683,11.359418, 9.521001,13.047001,12.033382
 6.573712,12.228561, 9.367308, 9.636406, 8.832414, 7.799397, 3.663052, 7.372057, 7.812382,12.763330
13.057850, 8.582121,10.034388, 7.144303,11.378160, 8.467726,13.797479,12.157232, 7.953861, 6.652127
13.303623, 8.455697,10.920839, 5.981901, 8.223760, 9.421137, 9.273203, 8.351084, 7.069479,13.387767
10.154092, 9.640556, 8.978176,14.443567, 7.805799, 7.494947, 5.375470, 8.785187, 5.540684, 8.782984
 7.304420,10.793080, 7.910539,16.037390, 9.130691, 5.624599, 8.347946,12.564227,12.875859, 7.562677
13.973275,10.798410,13.878302, 8.081620, 5.752215, 9.117317, 9.485345,13.825068, 9.392352, 8.897325
 9.835985, 8.930217, 7.902611,12.019537, 8.919903,13.968209, 8.173950,11.352305, 6.352790, 9.427477
10.896741, 8.351018,17.428116, 9.632158, 6.740662,11.842091,14.326312, 6.093454,11.508657, 7.351021
12.849374,12.389358, 9.582714,11.509176, 6.875137,16.719746, 9.218073, 3.274674,10.720466,11.362554
 6.584285,10.923378,12.461466,12.621294,11.671410, 7.787871,18.232990,11.358423, 9.899760, 7.662478
12.607195,11.989156, 6.379645,13.698475,19.851964,12.741570, 7.697469,10.063853, 8.676985,12.034169
 9.033003,11.901614, 6.263722, 9.574611, 7.712098,14.552511, 9.905989, 9.771414, 7.175753,11.835162
 9.814977, 8.326510,12.093451,11.730845,12.595597,15.730059,19.387776,11.902933, 7.635945, 5.452297
 8.099767, 7.984315, 5.600768,10.739764,11.745315, 8.602543,14.352673,10.523210, 9.095091,14.654840
 8.593702,10.128087, 7.659203, 9.109465, 5.717566, 8.641062,10.980794,12.687895, 9.480395, 9.202811
 7.316225,15.277512, 5.919770, 8.019771,12.052096, 8.632934, 7.948291, 6.443022, 6.684559, 8.821867
14.055754,10.688344,11.549258, 4.603340,11.479321, 8.351875, 8.515314, 8.198131, 8.434559, 8.333853
 6.699911, 6.631318,10.595869,11.022980, 7.296958, 8.056252,10.792756, 9.979932,11.108811,12.070476
 8.016875, 8.168421,14.962178,11.062827, 6.564836, 8.575379,13.664311,15.025670, 7.000546,11.560278
11.615106,11.716903,12.515621,10.911166,13.849572,13.673770, 5.539091, 8.179354,16.279277, 6.924949
13.465381,11.331336,14.191678,10.142118, 8.332132,13.592705, 5.144773,12.357824,10.078947,11.222689
 6.419690,12.573723, 9.292657,12.806682, 9.587446, 9.716180, 9.958693,11.250818,12.712591, 6.803196
14.021333, 9.362352, 7.644401,14.391696, 5.835505, 6.659068, 9.630598, 5.174289, 7.905467, 8.860284
 9.813331,10.248745,10.159169, 7.322057,12.121792, 3.766762,11.247501, 5.201551, 5.988042, 6.210175
 8.322812, 7.696694,10.363504, 8.072082, 5.397671, 5.866265, 9.332264, 7.475697,14.294034, 6.805202
 9.453476,15.831491, 8.655704, 4.689888, 9.372872, 7.553411, 9.579090, 9.198290, 7.478954, 6.101409
 8.413007, 8.826848,10.752093,11.233052,10.562903,14.081802, 8.710508,10.968340, 5.715456,12.746946
 9.998833, 5.929069,16.775677,14.986420, 5.229274, 9.915922,15.474274, 6.178286,14.655465,13.186962
 7.688851, 9.470303, 6.978575, 8.838062, 9.759636, 9.402369,13.639998, 9.176182,12.140270, 8.218802
 9.818748, 5.345001,12.012104,11.313872, 3.007357, 5.408486,13.588361,10.249075,12.118615,10.844152
 9.015984,15.878125,15.809769, 9.678101, 8.042194, 8.333126,16.003101,10.365773, 6.987898,13.455435
 6.836372,10.516977, 7.589914, 7.740249, 9.058897, 9.748461,15.020966,12.487160, 9.058651,11.448608
10.371394, 8.707765, 9.738960, 7.772430,11.620414, 8.177823, 8.958490,13.901555, 8.367520, 4.618762
 7.940699, 5.747222,10.008064, 7.890764,13.881261,14.098825, 8.285189,13.518924, 6.216543, 7.114249
17.709316,10.585779, 5.193028,10.012955,10.724988, 7.223426, 8.515765, 7.679423, 9.592042, 7.065484
13.914352,15.626276, 9.072093, 9.249449,14.079602,10.352475,10.724388, 8.293730, 7.873613, 6.722683
10.999074, 8.041991, 7.607917,15.677217, 5.569294, 7.611705, 8.149562,11.097327,10.227759, 7.938186
 9.335285, 9.841799, 5.800772, 8.659976, 7.342185,10.230980, 7.423489, 7.680668,13.273307, 6.156106
12.817910,11.996234, 9.955616, 4.862320, 7.695790, 7.585674,13.194286, 6.216336,18.559269, 6.986655
 7.706501,10.201179,10.504549, 7.890723, 8.749816, 7.978560,12.179891,10.970877,10.145367, 6.232566
17.080206, 6.244870,17.563676,19.812495,12.754233,10.487453, 8.695393, 8.600563, 5.838382,14.400910
10.572806, 8.788287,13.355541, 2.727206,13.019020,10.132340, 6.540844,10.691277,13.814960,15.466414
12.375172,14.589639, 7.311240, 9.238598, 7.973178, 9.968703,14.823912, 5.800328, 6.311450, 6.852864
12.258549,12.140880,17.082777, 9.651142, 9.915418, 7.984748,19.604166, 8.362434,10.044925,16.254974
 8.097518, 7.389882,17.037085, 6.440082, 8.309062, 9.640682,10.416772,10.428025, 6.660513, 7.473543
 8.418080, 7.165057,10.607130,11.787865, 5.111318, 9.703006, 8.735183, 5.926581,10.141511,10.064998
10.364585,10.496955, 6.913302, 7.710974,10.682161, 6.131396,11.597099, 9.306584,12.625558,10.538922
 5.034971, 5.906591,17.007715, 9.445170, 9.526235, 8.388386, 8.512879, 7.854442, 8.326198, 7.569596
12.847285, 9.083069,10.892404,13.012169,15.835503, 9.630092,17.963243,17.203774,12.283317,17.349610
10.759044,10.739299,12.936124, 7.478735,16.442502,10.943881, 5.509915, 5.151182,14.804390,16.060525
 5.146513, 8.897542,13.109780,10.216951,15.719032,14.282369, 5.589968,14.892423,12.984520, 9.838954
12.959117,13.168094, 5.826349, 7.773378,10.781103, 8.616605, 8.393775,12.346610, 5.472178, 6.148404
 3.872282, 9.762078,12.263382,16.623714, 7.245379, 9.158787,13.949909, 8.394070,10.340367,15.791141
 8.015685, 5.204157,10.583485, 5.003976,11.817315, 8.611302, 7.749805,13.821430,11.874030,10.610970
12.821420,17.322292,12.590712, 9.535666, 6.280304,16.769242,12.008805, 7.520305,18.274309,14.043993
 8.593951, 8.063036, 7.016568, 9.520537, 7.903115,13.349889,10.608624,13.827923, 9.874557, 9.987165
12.069887, 8.751752, 7.443158, 8.192837,10.944041, 8.480483, 6.247526, 7.514151, 9.788622, 8.977957
 9.598470, 8.002842,10.050411,15.030106,13.032018,11.931993, 8.657129, 7.646742, 8.544025, 5.872288
12.823440,10.385227,18.517862,15.537514,11.030377, 7.952267,12.503036,15.505759, 4.533920,11.043155
 9.655235,11.588598,12.419504,16.408494,11.305831,14.537391,11.388268, 7.199347, 7.587711, 6.684580
10.437760, 9.704930,13.687706,11.937821, 6.345164, 9.429023, 7.689088,10.354235, 9.872250,11.669968
 8.293482, 7.038844, 3.091242,10.248463, 8.189210, 8.544115, 9.311425, 5.131453, 8.552863,10.298731
12.573246,11.671117,10.600441,12.625293, 9.521569,13.956295, 4.992138, 9.418851,11.053413, 8.159330
 6.984006,12.661396, 9.674176,13.583735, 6.337985,10.783204, 8.797316, 8.411372,12.272139,12.661598
 8.047366, 9.104468, 8.158108,14.037706, 9.343480, 6.272596, 6.267692, 5.930227,16.413003, 5.070805
10.753411,11.439184, 7.915753,14.370329, 7.155635,12.308898,11.715754,14.615167,10.463024, 8.548487
 8.274944,12.136132,14.997487,12.917723, 8.156569, 8.196510,13.421978, 4.775770, 9.904042, 9.762304
 7.740864,13.893280, 9.280947,14.064310, 6.077032,11.844758,10.476310,12.986748, 6.417067, 6.936384
15.612778,16.038051, 7.294810,10.287736, 8.410454,15.101616,16.218740, 6.327057,10.543566,12.485313
10.265861,11.885224, 5.229666,10.444496, 4.317138,15.091286,12.994368, 6.516764,11.235653,10.891304
 8.101842, 8.528092, 7.096913,10.042133,12.863649, 8.058528,11.476444, 4.902982, 8.402783,12.132696
10.253518,12.087514, 8.509637, 7.786406,15.531556,13.538357,12.264691,15.700118, 7.544021,16.609754
 8.718089,12.885284,12.728534,11.072947, 5.993811, 8.317236, 9.374693, 9.018142,15.822278, 8.764181
 5.924905, 5.928073, 7.824350,14.381155, 8.869724,15.463227,13.011423, 8.188066,12.568845,11.265319
 4.511663, 7.662859,15.332600, 5.842584,17.216380, 8.648724,13.342950,19.893101,14.007731,11.894211
 9.098953,16.850192, 9.781275, 8.367918, 8.381358, 6.287420, 9.619737,15.886743, 9.806297, 8.579157
 9.316649,13.292704,12.481348,12.189504,13.744383,14.930683,12.026762, 4.786080,10.585190,14.434501
 8.396999,12.401458, 5.900251, 9.708932,14.502094, 9.450532,11.567836, 6.755525, 7.528497,12.143068
11.717846,15.667991, 7.307092,13.010721, 7.684226,12.937739, 8.187052,11.250521,13.556940,14.877857
12.088268, 6.879250,14.242660,11.085742,10.156661,10.023368,11.915406, 8.886723,11.189850,11.016608
10.904908, 4.362126,14.066158, 5.835531, 9.297334, 4.036910,10.697052, 8.533948,19.317562, 5.642479
 9.415551,11.422119, 8.418674, 4.573239,10.861683, 7.395778, 8.524178,11.240789,11.903899, 6.833212
11.124233, 8.121949, 6.315001,10.349731,15.567642, 8.602575, 7.995177, 5.991194, 4.475118, 9.400734
 8.186979,11.957394,10.509434, 6.669389,13.173335,19.883565,12.447800, 9.288331,14.524994, 6.191141
12.146379,13.630993,15.850804, 9.484761, 9.946704, 7.126975,10.466195,14.437935,11.424275, 7.922503
10.144717,13.539961,11.038501, 8.584779, 9.736727, 8.460833,13.917508, 7.984628,10.387404, 8.160372
 9.752514, 8.764911,15.892719, 9.091503,11.982426, 6.523346, 9.322009,11.008428, 9.430712,12.455931
17.917025, 6.487001,11.521164, 7.076162,11.877698, 6.682054,18.034347, 7.829833,10.248197,11.592443
 5.343159, 5.683871,11.166071, 6.510743,10.299826, 8.064490,10.259526, 6.466991, 7.485771,15.938303
12.957830,12.704994,12.383258,10.267522,11.699386, 7.322513, 5.826695, 9.767219,15.143454, 9.577628
 7.272179,11.995916, 8.157644,13.022573,11.100033,13.041637, 6.752201, 6.838595,13.182039, 5.158566
12.268027, 4.728223, 7.774434,14.565299, 8.667945, 8.643297,10.081505,10.226262, 8.147288, 2.772271
11.408026, 5.915503, 9.766998,10.878599,10.563217,11.919958,15.146513, 8.317984,10.168844, 6.320410
 7.645503,14.982944,10.942277,11.895132, 9.415195,12.578825,18.184818, 8.816134, 9.698142,13.863870
 9.418075, 7.772479,10.162392,12.010368,10.907969,10.131585,10.662201,12.804469,15.416477,10.374258
12.580049,14.286051, 7.312085, 8.350482,13.213716, 7.545237,10.705464,13.660881,10.014021, 8.324123
16.768344,12.918064, 6.092051,10.398244, 4.855832,10.832605,13.809421, 8.539767, 9.136678,10.762368
11.466161, 9.915848, 8.363942, 5.836330,13.968786,11.361577,14.646434, 9.254442, 9.242589, 8.068977
14.189294,12.851355,15.373164, 8.489719, 8.886020,11.920474,11.561060, 5.546412, 7.773738,12.429367
 9.660539, 6.356899,11.148828, 9.152912,12.363330,13.582042,11.072855, 3.815729, 8.983419, 4.994166
 5.146259,13.572686, 8.504139,14.864529, 9.989175,14.331200,13.379499,10.159502,14.811158,13.328704
 6.453403, 9.129201, 6.546669, 7.163670, 6.291552, 5.870385,10.882067,11.211189,15.381794, 8.583376
 6.982516,15.218331, 7.155668, 6.088125, 7.435993,14.128948, 8.680507, 6.657322,19.541957, 9.765619
12.879199, 7.679400,11.095005, 8.133093,12.219899,12.218582,12.026138,19.923397,11.810696, 4.500992
17.297599, 5.136298, 9.602136, 4.631604,10.837679, 9.917454,12.596054, 9.498034, 5.339331, 7.233723
 6.200006,13.716083, 9.261151, 7.682919,16.415961,18.595851,12.165161, 8.102394,13.820614,10.264040
 6.016388,10.598709,13.029136,10.106524,10.721436, 6.727667, 6.250548, 7.709370, 9.674610, 8.471736
11.827688, 9.670075, 8.367280, 9.209930,16.456059,10.689920, 7.029800, 7.150925, 5.344433, 7.504427
10.884196,11.037288,11.662476,10.834516,15.412581, 4.574076, 9.987721, 6.793271, 9.255053, 7.750742
 5.707271,11.274126,10.485184,13.130180,11.760167,11.286879,17.339905, 5.495098, 5.706065, 8.300906
 7.345358, 5.300064,13.098639, 6.276657,10.484415,10.476123, 5.685669,14.386764,10.842537,11.802771
 6.837086, 8.642009, 6.011331,19.716217, 6.907905, 6.061183,12.092127, 9.903740,12.007934,12.501650
10.358493, 9.907392, 6.948331,10.472338,13.474568,13.660900, 5.405117, 8.944251,13.274590, 9.400188
12.622681,10.086038,15.776952,10.110782, 8.945363, 7.033539,15.379593, 6.551126, 8.516551,14.132935
 7.769976,12.817555,10.124060, 7.199487, 7.793337, 7.697288,10.721458,11.087120,10.349935, 7.743162
12.996692, 9.555567,10.686412,12.670020,10.770769,10.821839, 7.459004,10.845435, 6.858954, 9.050729
 8.895928, 5.404959, 7.532959,16.617220,11.771884, 9.745204, 9.345581,11.236501,10.523960, 6.603953
 8.151972, 8.579401, 9.248251, 7.517169, 6.860315,10.023439,16.540215, 6.565234, 9.188577, 9.266757
 4.875297, 8.066983, 9.129985, 8.724493,11.911618,10.797427,11.031577, 9.524448,10.850367, 6.786756
12.780891,15.840399,10.687891, 9.404402, 8.675936, 7.993993, 7.063664, 9.056342,10.318937, 6.555550
12.379773, 8.674482, 7.556370,11.969331, 7.919187, 6.977922,18.059186, 6.771348,12.676654,15.241488
 9.136417, 8.265280, 7.636548,14.875152,14.653152, 8.539633, 6.873472, 9.781975, 7.971782, 5.568542
13.042858,10.328623, 7.183771, 8.999482,13.372976, 5.681847, 8.029868, 6.726954, 6.580387, 8.944663
 4.633611, 8.167359,10.120023, 6.436472, 6.936251,12.551103,10.550290,13.173566, 9.162319, 7.577375
 3.767507, 9.033640,11.367028,11.664646, 9.079364, 4.424752, 7.464979,11.898773, 5.769796, 9.990702
 8.294599, 8.769399,11.603530,17.457186, 9.421123,13.208477, 8.684945,10.139188, 7.074115,10.441794
10.624250,18.446759, 7.883334,10.366739, 7.748363,19.691826, 9.691920, 8.088160, 8.054029, 8.084457
 7.669379, 5.665952,13.479631,11.708842,11.757809, 8.214641, 8.683554,13.384976, 7.742293, 9.275566
11.649005, 5.335178, 4.062459, 9.363263,12.998375,16.030872,12.277739,10.923399, 7.050395,10.676527
 9.206468,13.614743, 5.953499,19.035927, 5.952027, 7.745378,10.314576, 8.425647, 6.425709, 9.992328
 5.178920, 5.894697, 9.609333, 5.482079,13.908257, 8.249754,15.462576,10.599853, 9.937099,11.447046
 6.792526,12.011050, 8.302897, 9.333760, 9.230291,11.831005,10.369658, 9.511406, 8.473967, 8.641826
11.977489, 8.436528, 8.809912, 6.975934,16.261996, 9.659565, 8.321860,11.514186, 8.125580, 8.064285
11.254315,15.298773,14.329469,12.787727, 8.761668, 5.432209,10.738404,11.904321,13.473724, 8.861765
 8.817403, 8.784609, 6.427700,10.208113, 7.823246,10.222177, 4.378813, 7.280236,16.360685, 7.061407
10.182889,10.226080,16.936855, 9.810202,10.775591,11.378181, 5.720768, 8.406677, 3.962485,15.591424
 9.378225,10.479735, 7.691426,10.009881,13.309069, 7.554159,13.826760, 7.404862,15.426128,19.447845
 8.813957,14.113034, 8.139332,17.191920,14.433792, 7.696631,10.669102, 5.617248, 7.490581,10.461962
 8.675388, 7.223670,12.115868, 9.293531, 8.538379, 6.985299,12.213052, 9.450164, 8.838175,18.269539
11.682618,11.493551,14.764828,10.069143,11.934551, 8.977542, 7.019444,11.125326, 9.557705,11.788765
12.901019,11.688262, 5.604440, 9.633929, 6.701185,10.101295,10.965444, 9.741021, 6.989388, 7.219102
14.974602, 8.349048,13.992972,16.852794, 5.700939, 9.029402, 9.268012,16.721383, 7.555010, 6.894372
 6.514943, 7.302496, 9.000190, 9.852376,12.305978, 8.147037, 8.457207,10.947174, 8.074894, 6.705993
17.642919, 9.681110, 7.953493, 6.675781,10.411000, 5.381155, 3.340911, 6.314379,11.308824,15.487849
 8.857430,13.134084,10.500787,12.667546,10.192253,12.168149, 5.412453, 7.893471, 6.118316, 7.532580
 8.497838, 8.928773, 5.825489, 9.683036,14.277027, 6.626849,10.039146,12.003180, 6.233812,10.278445
 6.596726, 7.008349, 9.966607, 7.478949, 8.465187, 8.070688,11.674286,10.192965, 8.017928,10.477285
11.348752, 9.711889, 9.267502, 5.064323, 8.711948, 9.946638, 7.275023, 7.912763, 8.182601, 7.924217
10.721166,17.715807, 5.655989,11.061715, 9.158567, 9.252880,11.501284, 7.768640, 8.560526,11.147514
10.367604,16.954944,14.435334, 8.664654,19.758803, 6.789843,10.281228, 7.922788, 5.429971,10.586064
10.925302, 7.654458, 9.715702, 9.236779, 5.788689,11.329379, 3.743683,10.407663,16.149368, 8.915718
 7.901757,17.942618, 7.381731, 5.736647,16.934216,13.438669, 9.144216,14.923885,11.961291,13.747287
14.084394, 7.753195,12.717740,10.128488, 7.820263, 6.549603, 6.335849, 8.060023, 9.662962, 8.216748
14.137810,10.172015, 8.505877,10.567501, 9.526431, 7.616896, 7.163086, 7.228563,10.783179, 8.247429
 8.062602, 8.132408,15.829731, 5.326573, 6.477017, 8.480653, 7.981918, 9.048085, 7.389041, 9.311748
 8.957052, 8.295005, 7.346983, 6.402258, 9.166436,12.228621,15.297521,13.305832, 7.462229,12.929987
 9.117298, 9.914069,16.038144,10.410129, 8.187957, 9.865480, 5.776002,10.762363,17.637132, 8.724409
 9.934523,14.517577,11.651112, 7.115493,12.248365, 8.704060,10.477444, 7.896081, 8.015505,13.295969
 8.221255, 8.626784, 9.354118, 9.081460,12.192869, 8.738443,10.202379, 9.950897, 7.200829, 7.419313
12.324817, 7.420694,10.825625,13.080015, 8.100398, 7.381231,12.069194,10.136306, 8.609766,10.241279
 7.801674, 7.826275,10.707288,11.435487,13.079386, 9.960780, 9.840612, 3.866452,11.020028,10.574528
 6.352253, 9.010535,17.473389,11.670962,11.567192,12.860934, 6.092936, 7.302129,10.833829, 7.830148
13.721418, 6.926527, 9.561262,14.208475, 4.438132,12.212649,15.111381, 6.492879, 6.609335,14.373639
10.642192, 9.633342, 7.676169,10.994029, 5.855260,13.364896, 7.635768, 9.348238,10.969601, 6.285529
10.940020, 3.945944,10.548824, 8.622073, 6.590940,11.032804, 7.745174,13.486085,10.722244,12.078894
10.005599,16.148851, 7.234391, 7.615618,16.472419,12.945915,11.435960,11.346073, 8.725488,15.971928
 9.664523,14.518398, 3.099035,12.717066, 7.679627, 7.760347,14.950992, 6.729423, 8.992018,12.278550
 7.217504, 4.755382,12.967676, 7.591368, 6.761603, 8.415279,14.579191,11.341523,11.946592,17.504817
 8.667047, 7.123098, 5.342459, 6.883721, 7.868357,10.485950,14.785022, 8.523972, 8.486325, 6.342597
 9.994772, 7.676405, 4.291789,11.364504, 9.586134,12.350635, 4.562980, 7.656523,13.125893,14.018723
11.262882, 8.206423, 6.560008,11.050014,14.013825, 9.190908,11.419564,16.580523,10.140982, 6.511334
11.196559, 6.511454, 9.984165,10.668017,10.089537, 8.826015, 8.408708,15.022000,10.058780,13.903393
 9.148629,12.634673,14.986305, 5.883762, 8.687212, 6.733184,14.099374, 8.063038,13.479625,11.655488
12.198968,10.456377,15.201133,11.248843,15.858330, 5.709336,12.345227, 8.626740, 6.134572,12.584352
 9.887117, 9.965304, 5.746930,13.549687,15.618784, 9.112461,10.768345, 8.024666,13.783339, 7.304020
 8.412949,12.375655, 9.764259,10.586834,13.489176,11.351461,13.579083, 9.305060,17.032243, 6.031409
14.981708, 8.808262, 9.707612, 7.117171,11.366080, 8.492789,13.370915,15.195455,10.558617,10.799510
 8.584630,12.719213,10.025780, 9.895614,10.829789,13.853790,10.810940,10.876952,10.714905,10.056670
 7.033492, 3.305892,14.662503,12.810707,10.238859, 5.624652,13.497578, 6.685183, 6.830586,10.538736
 5.148372, 9.538755,14.973297, 6.106229,11.829958, 8.473597, 8.176339,10.973417, 6.289343, 5.222907
 9.512747, 4.566538, 7.337382, 6.043301, 5.825688, 8.608113,11.865054,14.746555, 5.876547, 8.884298
 9.823262,10.372743,10.328727,14.171733,15.650025, 7.974737, 4.636934, 9.139940,13.880753, 7.195123
 5.654974, 7.944813,13.896134, 7.270963, 8.594347,12.245987, 6.841569,10.892882, 4.960968,14.941750
10.874890, 9.359867, 9.350847,13.033218, 6.954073, 6.903192, 8.668650,18.724022,11.446429,10.350360
10.029479, 7.537570,12.763103, 9.228738, 6.954066, 8.459238, 7.799098, 7.682278,10.002599,12.676946
 4.907971, 9.090930,10.135814, 7.866465,14.100186, 6.790741, 8.851096, 9.948698, 6.437740,11.989315
 4.079674,15.910430,15.240212, 7.923459,17.729885,12.611901, 8.505266, 8.343205,11.104509,12.063338
 7.034983,13.075722, 5.881370, 8.197835,14.065299, 7.595347, 6.097304, 5.032094, 8.740140,11.750773
 9.402105,12.189934, 9.270719, 7.553353, 4.436815,11.650252, 7.996818, 7.685734,12.376113, 9.423884
 6.159925,10.241152, 9.303060,14.984690, 8.890104,11.433156, 6.612063,10.503108, 5.918693, 6.328038
 8.704820,14.766135,12.474948, 9.165356,12.565641,11.646545, 8.656521,14.202300,15.108101,15.080765
 4.986514,16.310315,15.756570, 4.962256,10.808979, 7.932146,11.629029,12.642055,10.735772, 7.896668
11.336335,11.179672,10.027782, 8.013061, 9.634292,13.382307, 8.630950, 8.388341,15.273743,10.574550
12.850332, 6.079859, 7.667691,13.464536,12.709806, 5.880288, 7.114454, 6.493259, 8.738902,10.714944
12.757465, 9.956415, 6.660566,15.251985,13.189959, 6.249017,13.054601, 7.758550,12.122027,12.823468
 6.382181,11.218295, 6.614529,11.377871, 8.635055,13.395682, 5.557585,13.664794,11.668272, 8.329146
 5.589085,14.935539, 4.605146,10.452467,15.750815,12.271351,12.633313,10.190875, 7.749253, 6.551629
14.813830, 9.526422, 6.532991, 6.159839, 6.975124, 9.855285, 7.596222, 9.219310, 9.100111, 9.774066
14.028689,11.765546,10.853477, 5.479179, 5.599524,11.718103, 9.229310,10.117072,10.532199,10.818357
13.101744,11.236686, 8.368820, 6.893167,12.710191, 6.380185,13.445563, 9.336128, 9.425914,12.714792
10.390687,13.032785,13.538832,13.326376,13.738872, 7.907738,14.349349, 9.910173, 5.769110,10.692317
 6.952134,12.122158, 8.887586,15.573464, 8.615054, 6.271862,15.438661, 7.510874, 7.836697,10.230185
10.778942, 7.835098,14.804601,16.847827, 6.657278,12.527946, 6.397756, 6.292625,13.134308, 9.341862
13.851577, 7.662722, 7.370928,10.079526,11.075875, 3.062553, 9.530444, 6.007415,10.943733, 7.081842
18.320031, 4.314282,10.293676, 7.450118,13.223579, 8.343850,13.281060,17.869608, 6.042767, 6.858488
12.565823,11.383920,11.454462, 6.964734,11.575828, 7.278439, 9.473696, 7.892185, 7.128592,14.866023
11.921958, 7.733402,10.039290, 5.219855, 6.614906, 7.002821, 7.349006, 6.682590,11.899758, 5.793543
11.890324, 5.088205, 6.873880, 8.396289,10.277948, 7.621816,16.631593,10.004989, 5.388336, 8.053240
12.115868, 8.474816, 3.925376, 9.074645,10.987405, 8.964431,11.116191, 7.594867, 6.888451,11.738725
10.373152, 6.961993,14.263203,12.064392,11.978315, 7.574621,10.008760,17.453361,13.428775,11.028106
10.171918,10.640391,10.517924,17.949762, 6.713465,11.400223,13.684881,12.821364,13.888657, 6.726928
10.721766,10.583674, 8.638789,10.348982,10.223385, 9.797311,11.644147,16.197993, 6.805156, 9.430556
 8.133831, 6.219180, 9.776192,14.762704, 7.947309,11.157269,11.199543, 8.680396, 6.315894, 6.848359
 9.728724, 9.281632,11.136441, 5.934601, 6.359057, 8.334713, 8.170968, 8.814090, 5.496816,10.097563
 7.989229, 5.783153, 9.637559, 4.706039, 3.959403,10.494906, 8.689719,11.369768,13.030427,10.162972
11.537158, 6.765912,10.837988, 7.390644, 5.147085, 8.827807, 9.888732, 7.792368, 9.250428,12.762643
 8.358728,10.898560, 4.969306,11.811303,11.432197, 6.612579,10.817935,15.060421, 7.272160, 8.117482
 8.514202,11.411996, 7.742258, 7.592628, 9.932405, 8.033706,10.449129, 4.698527, 5.148401,12.105002
15.740145, 8.079086,16.180359, 7.649346, 9.825562,17.444634, 9.912475,13.968542, 7.668586, 9.614093
 7.332248, 7.984243,12.372956,15.687262,12.851339, 9.904327,11.983003, 8.456349,10.001292,14.407824
11.932391,10.279815, 6.684396,13.183726, 6.682864, 6.071538,12.116813, 6.265586, 8.365329, 8.384869
 7.834129,13.375310, 5.922582, 7.097030,15.875429, 7.421190, 5.735924, 5.549675, 8.151505,10.826487
19.191872, 9.489212, 7.801269, 7.177707, 8.868874,10.316916, 5.125857, 5.282072,12.050961, 8.910359
 8.271881,12.335244, 7.725191,10.799035,10.364817, 5.722890, 7.252162,13.716062, 8.672555,10.171849
 8.682956,11.797416, 9.248325, 7.041937,13.547337, 8.845191, 6.094794, 8.591396,13.266346, 7.019088
 8.254246,13.128420, 6.137216, 8.714263, 9.347708, 8.056547, 7.786237, 6.918902,11.616887,11.312727
 7.726241, 6.239469,10.459288,10.969177, 5.869962,10.612076, 9.539961, 9.883188,13.900544, 9.679501
15.256551,10.947288, 8.728630,10.977424, 7.884423, 8.080901,12.048491, 9.441499, 4.322184,13.022165
 7.185682,11.572749, 7.513589, 9.162106,11.186742,17.753827,12.128519,10.289830,13.783168, 9.284458
14.630547,10.975960,12.178367, 5.871050,13.220062,16.166646, 8.381323,13.035790,11.813885, 9.362992
 5.333031,14.991258,10.647594, 8.868322, 7.896130,10.085515,14.093943,10.473083,11.681512, 9.540200
13.583672, 7.654375, 9.788939,11.595523,12.053937,12.200670, 7.449680, 9.028828, 6.043542,11.296966
 5.455073, 7.989643,10.912956, 9.686686,11.757106,11.600486,11.945660,19.753435, 4.462792,11.067729
12.707443, 8.445312, 3.474245,11.794277, 7.788512, 9.207794,11.823416, 8.618437,10.836117, 9.458540
 7.780571, 5.493702, 4.959043, 8.569906,11.801245, 8.287001,12.604909,10.733844, 8.324242, 9.640410
 7.201797,15.074935, 5.580820, 9.236119,11.545269, 9.330364,10.479216,10.868191,13.461120, 9.476501
19.276909, 7.410600, 8.022455, 7.779951, 7.239492, 7.853515, 9.187700,10.644786, 9.140710,13.508298
 7.955655, 9.265250,12.946960, 8.765548,15.028515, 9.650765, 7.626882, 6.113300, 8.661793, 8.519670
13.722892,12.312451, 6.897622,17.217496, 6.294636,12.393459, 4.963550, 8.942116, 7.084307,11.243819
14.849512, 6.422377,11.369278, 7.319162,10.624224, 9.367281, 8.929740,10.522500, 3.489899, 4.812744
 8.169333, 7.312252,11.897879, 6.118556,11.397659,14.421007,12.024462,11.153512, 6.555693,10.744493
 5.101479,10.392547, 9.616701,12.701748, 8.467503, 8.615987, 7.421759, 9.591794,12.267181,13.542124
14.193556, 8.236486, 9.863217,11.803901, 5.795841, 6.682855,12.795354,10.118194, 9.271674, 6.422145
14.045627, 6.727061,11.570264, 4.346067, 5.969473,12.865315,11.738178,11.847762, 6.512404,10.873571
 9.620411,15.619733,10.346101, 7.996345,10.286776,14.719868,13.871167,16.109319, 4.911918, 9.789689
 5.956122, 9.172974, 9.819597,10.488930,10.730848,10.611524, 7.235916, 8.931379,15.815244, 5.747169
 3.616701,13.404651, 9.808990, 9.293102,11.097443, 9.913072, 9.547679, 9.082189, 6.302382,11.240017
 7.187291, 9.191765,15.222901, 9.036967, 7.350617,11.113631, 9.776552, 7.839375,10.491803,11.981777
 7.133975,19.241752, 8.408930,11.126077, 9.157408,11.779567, 7.392426, 9.465733,12.057781, 6.880910
 8.253560, 6.689520,10.850314,10.332286, 8.640481, 6.777699, 8.264813, 9.975979, 9.759891,10.337662
12.142440,12.515454, 7.860965, 9.203587,12.628968,11.268553,11.536911, 8.343475,19.022641, 9.492334
 9.087917, 7.078604,11.444880,15.660717, 8.000774, 9.571571, 6.376018, 8.860005,13.165741,15.817761
10.142982, 9.544791, 8.803151,14.366246, 9.915237, 5.518900,11.619031,14.133405, 6.662301,10.812928
11.143036, 8.658776, 9.815701, 8.787677,15.789166, 6.538098,16.323256, 7.908806,13.846522,13.476124
14.122864,10.484090, 8.093380,12.804139, 8.897951, 6.003126, 5.685296, 9.104039,11.359378, 9.114111
11.745433, 6.110017, 8.724441,10.515273, 9.988739, 9.919823, 8.010821, 7.077724, 8.965944, 7.589857
12.427904,10.583866, 8.065831, 7.653617, 6.324636, 9.118454,16.059994,16.265955,16.422198, 9.400401
 6.533199,11.355783, 8.065505, 9.686224,13.493819,14.210089,11.340503, 7.646275,10.089989, 7.790488
 5.262599, 7.845923,13.419708, 8.443164, 6.409206, 7.361988, 6.506918, 8.248151,16.097515,10.128762
10.752020, 9.328094,14.820200, 7.664809,16.928111,12.142617,16.442545,13.307945,10.109383, 9.170763
11.773461, 7.064333, 7.084365, 9.998531, 7.640760, 7.075459,17.480816, 6.911496,15.467632,13.641889
11.814931,10.649547, 8.722889, 7.278942,11.599318,11.177845,12.658009, 7.153442, 9.267421, 9.178185
 6.128652,15.621780, 8.326799, 9.394840, 8.283299,13.536667,12.614564, 5.045864,12.091020, 8.983873
 7.078397,12.617993,10.868540, 7.370263, 9.765998,11.620372,15.263473,10.853713,13.253400,12.965151
 9.001986, 8.035722,13.492502, 8.081578,13.431092,12.074468, 9.145618, 5.798833, 7.181438,11.754721
 7.308243, 5.791652,13.032534, 7.543236, 4.323965,10.810552,10.619162, 6.223806, 7.934388,11.443365
 6.286652, 8.203642,12.919817, 7.410391, 9.293223, 8.013803, 9.531761,14.915795,13.417106,11.419741
14.708855, 7.809823, 7.309423, 8.907471,15.942774, 7.609191, 9.382477, 9.355239, 6.782297, 7.797720
 8.467651,14.158390,11.255723,15.089620,12.666681, 9.270016,12.385661, 6.721302, 9.205563, 8.760388
 7.112707, 8.645523, 7.370356, 5.696890,16.795618,11.162591,10.541813, 9.830202, 7.794447, 4.797029
11.020947,11.888791, 8.348388,12.142701,12.024267, 9.366390, 8.530995, 8.973181, 9.353127, 8.749117
 9.967660,11.690975,11.137490, 9.688157,12.465436,11.858536,14.687154,11.458415,10.473635, 6.978504
11.132264,17.911799,13.365001, 8.777938, 7.426339, 9.954804,10.505515, 8.708326, 5.922952,11.395171
 7.413691,10.086428, 6.226963, 7.575581, 9.709777, 6.488640,17.379631,10.517751, 7.797441,11.289651
10.008422, 8.156185,16.631509,12.448348, 4.940030, 6.582179, 7.017452, 4.128825, 9.607551,11.972693
12.554844, 8.631376,13.067790,16.555728,11.861193,10.231028,12.946798,10.128537, 4.224158,11.712456
 7.379156, 7.174891, 9.136229,13.213539, 9.345335, 6.859902,10.889311, 7.684727,17.382975,16.175961
 9.606607,12.176981, 7.949704, 7.188754,16.029516, 6.032958,13.388835, 4.071133, 6.418106, 6.526443
13.847645, 6.672181, 5.858446, 7.876448,10.686313,13.173581, 9.479987,10.220956, 8.027656, 4.671516
13.023436, 9.451316,12.096387, 9.576843, 5.096748,13.219837,14.964106,18.878331, 8.237926,13.509905
 6.492238,11.431840,16.144889,10.014722, 9.056608,11.306850,11.436103, 9.382833, 6.703489, 9.662935
13.210067, 4.112607,13.128314,10.982809, 8.465956,12.419365, 8.612788, 9.244540, 8.023889, 6.082014
 6.867439, 8.168447, 9.427696,10.979064, 9.782210, 9.703137,16.486736,14.582250,11.568080,11.370047
 9.214375, 6.228677, 8.433543, 9.626351, 9.054849, 5.472213,14.515435,11.076117, 9.715361, 5.810421
 8.944595, 8.418539, 7.110869,15.386920, 7.030618, 5.835083, 8.704825,10.167295,18.162742, 4.436442
10.207158, 9.834183,10.449593, 7.441154,12.057988,11.628314, 8.588569,11.974623, 4.557547,10.014197
 7.900030,14.130573,10.906412, 7.562274, 9.546291,10.462828,14.420385, 8.390410, 7.442391, 6.993374
 4.540231,17.261505,12.448160,10.975950, 8.964021,14.007129, 9.266168, 7.861696, 9.735052,10.205085
 9.814042,13.400144,11.950251, 9.149726,12.065868,11.023670,10.048529,13.291595,11.634767,11.019105
12.851332,10.935671, 7.010665, 8.795739, 6.449877,17.537677,12.025052, 7.518300,18.235417, 5.792251
 6.973429,10.162190,16.464761,11.838417, 4.995670, 7.762182, 6.753653,11.875695, 6.706038,10.626574
17.955872,15.067605,15.402167, 9.439210,10.730034, 9.733321,11.398587, 6.449220,12.814651,10.299410
 7.816075, 8.252791,14.990297, 4.214878,12.037860, 8.525686,13.182494,10.127021, 8.561264, 8.103630
13.985679, 5.278584,14.824362, 9.270584, 4.730667,13.608626, 9.629804, 9.153459, 9.713017,11.258582
 9.355621, 5.949610,12.770377, 7.629495,10.912782,10.461938, 7.826214,16.888555, 9.895129, 9.636464
10.194788,12.312683,12.947084, 8.350948, 5.536088, 8.060589,11.186777, 9.480129, 9.886873, 7.249164
 7.130262, 7.909328,12.225399,10.408939,12.208430,10.245097, 6.204968, 9.339624,15.363759,13.495204
13.310666, 9.858365,13.456183, 6.241941, 7.244508, 8.755484, 6.098448, 7.317922, 8.821860, 7.800822
 5.189161,11.613144, 8.154566, 8.578297,11.065823, 9.188345, 7.467626, 9.017537, 7.809087, 9.269211
 6.322359, 9.691845, 8.021875, 8.804169, 7.516214,10.673190,13.883645, 7.084274,12.097807, 7.388523
 6.227391,16.686838,15.002928,10.318495,12.239357, 8.972886, 9.945900,12.955212,14.189480, 5.291314
10.401466,12.419036,13.967593,12.133043,12.682412, 5.747658,12.148771,10.925965,10.311187,12.800555
 6.910007, 6.998601, 9.810404,13.454271, 9.124509, 4.094741,14.964958, 9.138684, 5.327783,13.110289
 8.128783,10.186290, 8.439346,13.420509, 8.794015,16.857715,10.203865,12.479928,12.934961, 9.529255
 9.710221, 6.465872,10.654997, 8.157838,11.310434, 6.541912, 9.183020,15.568653,12.633769,11.857114
10.171703, 5.717378, 6.621886, 6.891493, 7.259100,15.932754, 8.737046, 7.908974, 6.473024, 7.444431
11.928825, 8.058868,12.902505, 9.488164,10.424364, 7.405276, 9.599002,17.865272, 8.378988,10.091783
 6.753201,12.668258,11.648156,11.913788,13.305095, 6.260724, 9.938871, 5.196582, 7.911064, 9.092016
10.746839,13.199117,11.503654, 4.229203,10.609596,12.318137,10.311797,15.383099,12.600430, 9.683314
 8.789413,14.656516, 7.822225,12.690388,16.021791, 5.031373, 9.318417, 6.143737,12.345022, 6.477808
 4.293365,13.492225, 7.048979, 7.821185,18.164005,12.787943,12.312935,11.704204,12.811167,13.264158
 9.952416,11.690626,14.138694, 5.502234,15.159979,12.903308, 8.930897,13.267472, 8.884796, 8.743530
 9.190543, 9.685268, 8.692134, 9.652691, 7.218544,11.314646, 7.245498,13.291952,15.183692, 6.374994
11.000611,10.829670, 8.503547,11.430495, 5.187144, 9.331508,12.461173, 9.050945, 5.203069, 7.609878
10.167263,14.228465, 7.608602,10.696377, 8.249816, 9.132183,13.802212,12.695018,12.601351, 7.095697
 8.829068,14.644582, 9.489546, 7.114089, 6.104309,11.280590, 9.876534,10.537742, 7.030641, 7.697455
 8.983098, 7.194408,10.697754, 4.940100,12.870687, 7.248960, 4.782077, 8.515686, 9.994448, 9.408071
12.520654, 7.258503, 6.281925, 7.538334, 7.294595, 7.063237, 8.587749, 9.705819, 8.649255, 8.778038
 9.103600, 8.870243,12.541563, 6.923071,11.051496, 6.335927, 6.977056,17.759490,10.798321, 8.656186
12.076974, 8.760751,11.790957, 9.137195, 8.573715,14.695922,10.254719,11.308569, 7.072967,11.947995
 9.924997,13.398457,12.156267, 7.420710,13.495310,13.294217, 9.213434, 7.067165,11.957339,13.629612
 4.828407, 6.830213, 9.939600, 7.418750,10.472897, 9.477030, 8.141488, 6.492242, 9.534206,12.502149
11.206886,13.021552, 8.727201, 9.404244,13.187274, 8.965941, 6.766060, 6.938246, 8.995257,13.982323
 6.530283,11.311830, 7.032992,14.570280, 8.241442,16.521314,11.582919,12.368827, 9.049383, 3.842316
 6.202554,13.253229, 7.484952,11.568367, 7.803747,11.526771,14.991674,11.223072, 6.916845, 9.180724
11.094778,13.829749,12.704490,14.224656,16.978090, 7.375180, 5.269897,16.066904,11.025485, 6.527976
 6.553537,11.562876, 7.377591,14.406960, 4.107895,11.519457, 7.195833, 8.340122, 8.849184,12.943512
 8.629968,10.177507, 9.836177, 9.686142, 8.883959,10.002960,10.756555, 9.072170, 9.934900, 7.039063
11.890436, 6.950821, 7.918054, 9.471216,17.632818, 5.499172, 4.235938,11.150123,13.048077,13.686052
 7.071737,10.290877, 5.024255,12.769449, 8.220114, 6.943303, 9.683740,14.433535, 9.107537, 9.352537
10.110030,12.120878, 8.855586, 9.155841,10.888899, 7.543902,10.153248,11.820526,10.794728, 5.486859
13.634059, 8.243348,15.449548, 7.878586,11.140099,11.045506, 7.723337, 9.737629,11.940237, 7.483780
12.560918, 9.717391, 4.953161, 8.884372, 9.276918,11.440614, 6.869888,11.906409, 8.519837,11.175580
 7.607538, 4.747540,13.507699,15.160110, 8.453594, 8.444003,11.044844, 6.981109, 3.616255, 6.224724
11.048918,16.116471, 9.448403,10.226921,10.721936, 8.200851, 9.919532,13.126078,11.327076,11.504202
 7.278121, 2.785822, 8.668473, 8.185116, 9.506166,10.131229,11.533671, 8.527942,13.340884, 7.303777
10.161848, 9.387957, 6.981130, 7.572907,10.965935,15.833775, 4.512383,11.592775, 5.436701, 9.398775
 7.365411, 6.839545,14.968381, 9.717372, 9.847574, 8.270637,15.302243,14.820781, 8.511300,15.036400
 9.864830, 8.876714, 5.491383,19.774866,11.182022, 6.953987, 6.290869, 7.588573, 7.985570,16.175239
14.320753, 9.178303, 7.728679,12.163253,14.688300, 8.047998, 9.416719,10.639563, 5.877440, 8.390174
 7.194681,14.481558, 7.694861,13.718605,10.595065,17.512620,11.607826, 8.545033, 9.026331,12.238579
10.550244, 8.191188,11.550875, 8.074902, 9.732996, 9.451157, 8.397220,14.504721, 6.816464, 9.432650
 9.291400,12.770709, 9.630897,10.620269,11.921899,14.791684, 5.861766,12.462269,16.721139, 9.846303
11.827035, 7.620519, 8.885811,10.039104, 8.087376, 6.976875, 8.956622,11.546035,10.100657, 8.961651
 9.687138,10.236856,12.085170,10.101119, 8.314031, 9.708139, 9.588355,10.110368, 5.522273, 9.266510
 9.843238, 8.935666,11.905879, 8.505559, 8.817071, 8.900834, 8.532318,11.744919,10.887010,10.852583
11.908743, 5.475764,11.885467, 9.300926, 6.873802,13.790776, 8.022075,14.072722, 9.306537, 9.171083
 9.642912,11.380080,11.250012, 8.542822, 9.250594, 8.777308, 6.110205,12.212987,10.423976, 8.804362
 8.370580,12.003873,15.325803, 9.320262,10.806175, 7.964732, 8.224297, 5.188624, 4.219583, 5.701778
16.266884, 6.611140, 9.861956,10.940962,13.714854, 7.187460, 7.741571,13.103872,14.445553,15.109113
 6.295450,12.689394,11.482692,11.113514,13.206132, 6.351338, 4.846418,15.184042,11.113330, 7.926152
 4.219291,10.174374,16.968690, 6.193863,10.351904,11.337188,10.668856,10.859226,15.859178, 6.292559
11.220856, 5.602608, 9.313123, 8.551957, 8.603970,17.690460, 9.039932, 8.335653, 5.031337, 8.635335
10.772147, 6.341460,11.201218,11.593578, 5.896538,13.713694,12.692248,11.752474, 6.364511,13.439536
13.855982,12.256958,10.844441,10.267519,10.851852, 6.270619,10.359818,10.398937,13.918351,11.223380
10.405110, 6.680188, 8.533296,11.484314,11.766983,15.727812,14.441818,12.197896, 7.570027, 8.783601
 9.782827,15.908061, 6.063264,10.451967, 4.835892,10.610113,10.524773, 8.789086,11.702589, 6.505252
14.318573, 7.489399,12.329983,11.701875,10.777251, 5.524433, 5.797857,19.524379, 6.650604,12.143424
 6.554457, 8.352906,10.647841, 8.765824, 9.286128, 6.254084, 7.414286, 9.775544, 7.432280,12.947852
14.073959,16.373768,12.725078, 6.647102, 9.951880,10.514742, 8.153744,10.684153, 6.158660, 9.128547
 9.540106,10.720396, 5.611383,14.555828, 8.900460, 6.448018,10.845879, 7.266737,10.997614, 8.073553
 6.215659,16.701644,11.353507,12.281647,15.224037, 4.152806,13.503945, 8.145252, 4.520946, 6.385741
 7.634830, 9.541014,11.483064, 7.292413, 9.918283, 9.883358, 7.873904,13.257970,10.757401, 8.172773
13.728580, 8.985507,11.798456, 6.135922,10.917628, 7.969462, 7.638754,10.788586,16.082585,10.579275
 5.762751, 7.706865,10.357679, 6.225330, 6.209038, 5.548283,11.293990, 8.573520, 6.956845,11.098659
 7.902618, 9.958429,15.630639,11.531102,13.605987,12.958141, 5.606384, 9.558932,10.379332, 6.628250
 9.078271,13.981345, 9.373698, 8.109570,10.094456, 8.978858,10.995762, 7.944697,17.013624, 6.056734
 8.674133, 9.784334,13.123669,10.713163, 9.950221,16.553763,11.279406,11.208327, 9.771943, 7.091582
11.600820,16.704560,10.046456, 9.114743, 4.180222, 7.827625, 8.256337, 5.031859,12.622022, 7.450001
17.385112, 5.878665,10.488610, 4.594522, 8.217289,11.802454, 4.933835, 9.964709, 4.325319, 4.948851
 8.109165,14.085387,14.444054, 7.002420, 9.479756, 8.984815,12.096190,11.844153,13.116522,13.681658
 9.631523,12.138076,14.344551, 8.094745, 9.695629,10.699906,16.653174, 8.979903,12.082006,12.737928
 8.287802, 8.891958,10.058721, 6.905007,11.013281,14.982416,12.029416, 9.414284,12.491332, 7.387841
16.342622, 9.657416, 8.805203,10.642199,11.255808,10.757183, 6.602960,12.850209,15.424396,15.549395
11.841351, 5.803551, 7.467803,13.566141,12.661866, 4.369774, 6.574502, 6.227251,11.479801, 7.707992
10.330009, 7.976928, 7.697138, 8.454340, 9.448667,10.645509,10.038179,10.908945, 9.549217, 5.969194
12.805554,11.404652, 9.815194, 9.907328, 8.250744, 5.611725,12.267012,13.197421, 8.394480, 8.375274
 9.800471,12.268107,11.167099, 8.182534,11.981333,13.448573, 6.610206, 6.506085, 9.641724, 9.496128
11.530430, 7.937824,13.136297, 8.228606,12.566263, 7.619511, 8.514291,10.458609,10.180606, 6.886727
11.749391, 6.564994,18.620361,16.637853,11.009531, 7.443314, 5.750002, 9.471236,17.654718, 6.085873
13.529113,10.520418,13.139376,11.170187, 9.607651, 9.069551,12.868440,15.626239, 6.224591, 7.894023
 6.585387,11.888320,10.929799, 9.400730,11.258429,11.687518,11.055489,14.185088,12.522566,10.387646
18.455326, 4.905007,10.778665, 9.952178, 7.305889,12.103279,10.186817,11.942138, 7.584784,11.296484
 7.818062,11.614195, 7.524527, 8.871046, 5.937418, 7.978070,11.374282,14.216777, 8.141326,10.001365
10.430648, 4.372020, 6.190807,11.817011, 8.540253,15.174230, 8.951360,11.017112, 6.317237, 7.700885
 8.124527, 7.483908, 5.868098, 6.813477, 7.638489, 7.661930,11.086440, 7.227215,11.728601, 7.266901
 9.856985, 9.204268,10.112774,15.044833,13.261692, 9.580269, 8.240652, 8.983116,13.160394, 9.737429
12.276756,11.990368, 6.109191, 8.393759,10.087792,10.191111,11.837456, 8.877770,14.851220, 9.387931
 8.974572,11.254513,13.661338,12.111127, 7.003061, 9.034087,11.644102,11.095285,12.961539,10.283663
11.597967,10.404794, 8.498084, 6.898991, 4.482108,10.751868, 7.577325,10.697210,14.980940, 7.434534
13.869364,14.813010,15.669336, 7.722128,10.107971,13.290705, 7.611334,11.696702,11.856689,12.073540
 6.436034,12.094875, 9.036601, 7.815924, 8.461369,10.116965,11.953973, 8.205569,10.544238, 8.101917
 8.009867, 9.738821, 6.376741,18.938172,10.498686,10.354521, 8.878936,13.355951,13.894931,11.173197
11.717309, 7.709928, 8.376771,10.166436,13.692320, 7.323157,10.707234,11.283005, 6.951806,10.599184
13.590284,12.093539, 6.571257,13.292261,11.962955, 6.681033,12.155733,12.107776,10.679695,11.373492
 6.825404,15.166279, 8.413662, 8.069921,10.918570,11.233280, 8.627131,15.461114, 9.629313, 6.052578
 9.124498, 7.557106, 6.957265,14.680170,15.215461, 8.987887,12.845639, 6.034144,15.236043, 9.922567
11.731941,10.771001, 7.909824, 4.432032,12.614025,13.107474,10.995160,14.761345, 8.891865,16.059805
 9.185759, 7.949438, 8.912478,11.585937,13.736310,12.061682,13.990736,15.152101,14.529897, 9.453041
 8.130409, 7.668062, 7.250315,10.845014,11.360793, 7.801041,12.230018,10.420633,10.814258, 9.955604
 8.492929, 6.575194, 9.368477,14.081870, 9.734866, 8.379557,13.352234,11.144965,12.849487, 4.352743
 7.024368, 6.068913, 3.628755,11.851517,14.846403,13.703711,14.218834, 8.086681,13.801017, 8.483849
 8.943485,11.027639, 7.554274,11.302838, 7.730000,15.068728,11.162621, 6.030658, 9.311687, 6.229200
 8.095924,12.993658,13.299599, 5.131687,16.304118, 7.870084,11.143791,13.400008, 8.322948, 9.591996
 9.574712,14.902389, 8.180816, 7.636533,12.558097, 7.804377, 7.929189,13.774851, 5.451985, 7.899947
 8.411404,10.628317,11.583341,14.391911,12.522018, 5.621488, 5.407008,16.032657,10.065425,14.469899
 9.750890, 8.652686,10.841107,11.784396, 9.358188, 7.243748,10.754846,10.197535, 6.322918, 7.165134
17.929279,13.880811, 6.612975, 7.334324, 4.869715, 7.896909, 9.923349,12.165474,16.985233, 8.768537
 9.980464, 4.903677,10.822955, 6.617372,10.633149,12.962449,12.438311, 8.829701, 3.908152, 6.270464
 9.810581,13.793929, 9.702499,15.040342, 7.462932, 5.586725,12.702080,12.182165, 6.979671, 7.506790
 7.033513, 8.264003, 7.431182,14.750172, 8.121605,13.435377,12.722586, 6.800191, 9.100435, 7.489302
14.295693, 7.550432, 9.951262,15.009303, 3.953590,10.558982, 9.691826, 9.849377, 5.400413,10.611135
 3.798763,11.957642, 6.432162,13.655132,12.012679,10.806630,13.994113, 8.898457,10.965614,12.055188
 8.696914, 6.398467, 6.514792, 8.392116, 5.891451, 9.571988,15.044033,11.995779, 9.778610, 6.533509
10.254712,13.230010, 4.183488, 9.891925,10.146496, 8.575136, 5.654063, 6.887742,14.735582,10.939983
10.070444, 7.265247,12.433688,12.728358,15.985290, 5.180546, 9.063585, 5.841369, 8.599799, 5.242977
16.057463, 7.565839,15.471956, 9.459566,10.441089,14.718513, 8.798447, 8.559257,10.779286,11.799683
 5.203249,16.217532, 7.780450,11.712482, 6.498592, 9.466929,14.053438, 9.283465, 6.457137,11.195249
10.295304, 7.231375, 7.824055, 7.693435,10.307913, 8.313166,10.791443, 6.548694, 9.518096, 9.452423
 6.612430, 9.439163, 9.515198, 9.462745,13.033880, 4.610192,13.236499, 4.136232, 5.686629, 6.897270
 9.698944, 8.927597, 7.130462, 8.534858,11.437020,12.480616, 8.843477,10.105699, 8.033549,10.764282
 6.724330,15.249036, 6.764478, 9.412102,12.073030, 9.227337,15.628638, 8.676725, 5.720909,12.005823
12.241973,13.649788, 6.588325,11.207590,10.657784, 7.976174, 9.072894, 6.257193, 5.302693,12.286343
 6.153828, 7.226663,10.933338,11.633200, 9.564938,12.674650,14.212233,13.674622, 9.430336, 7.086362
 5.446784, 5.888431, 5.580817,19.357983, 9.077792,12.279643, 7.405922,12.950715,11.475897, 7.710766
12.228473,15.011212,10.360133, 7.114649,12.341850,12.055937, 8.865661,10.441267,10.716694, 9.926180
 7.838553, 5.027461, 5.988359,14.106530, 6.213369,10.890261,14.188887,12.639780,11.374459,12.152213
 9.609966, 7.575792, 5.925723, 5.124739, 8.172065, 5.718557, 8.583182, 8.402208, 9.135112, 9.967310
 6.824932,13.888344,10.208399,12.229642, 3.389095, 6.641796, 8.563121, 6.914834, 6.498434,10.036457
 5.855561, 7.267059, 6.121711, 7.612189,12.954489,12.165090, 3.146225, 4.845248, 8.246738, 6.727553
 5.965811,10.215403, 5.275728, 9.202887, 5.087650, 9.668571, 8.737058, 6.576461, 8.510309, 8.484653
11.209247,10.705166, 8.375696, 9.734982, 9.894257, 9.930949, 7.575767, 7.768738,12.521034,16.099071
14.311019, 6.509244,11.111376,14.313873, 5.173319, 8.661366, 8.543699, 4.797641,11.112977, 7.517150
 5.602991, 9.943391, 7.164116,11.886209, 9.077701, 8.331316, 6.286401,10.947344, 9.181915, 9.496085
 6.362272,13.386177,12.178994, 8.373962, 8.675845, 8.875238,17.201781, 7.622872,10.869466, 6.940850
 7.812503,14.469850, 7.627602,11.401990, 7.445276, 5.750895,14.855176, 9.611124,10.921505, 5.365257
 8.194896,11.183845, 5.498691, 6.384613,10.767671,13.199506,18.216759, 7.355429, 6.093738,11.418977
13.704933,10.962617,14.418892, 9.698677, 9.166734, 8.363646, 9.068492,10.341701, 8.809745,13.691280
 8.091843,13.156865, 8.620388, 9.381527, 7.964288, 8.760998,12.833612, 5.380471,11.641701,11.277291
 7.712066,10.512673, 8.391492, 8.565030, 7.174081, 9.602064,13.652340,11.409220, 8.780784,10.728578
 8.480026, 6.709642, 8.788881, 8.387558, 9.563076, 8.657023, 5.491240,12.307397,16.151905, 8.202896
 8.957130, 9.878163,10.451120, 8.981521, 6.956562,13.576115,11.690636, 7.622910,19.299733, 5.259281
10.051649, 8.434659, 9.448614,16.185856, 4.140540,14.144676, 6.934031,11.888438,11.547131,11.208597
 6.715217, 9.196146, 8.550460, 8.495919, 8.919260,12.315829,13.913697,11.985692, 8.148849, 8.698368
 6.784961, 4.469308,11.772159,11.412314,10.487499,10.532542, 9.912452, 5.738237,10.858622, 9.031690
 9.680270,17.272658,11.381370,14.771148, 7.753656,15.690969, 9.385231,11.291259, 6.687232, 7.703249
15.323809,11.331735, 5.627867,11.741992,12.249353, 7.007154, 8.474841,11.329240,12.183692, 7.332242
 7.458106,16.943997,10.313488, 6.766997,14.892487, 9.206635, 9.232449,13.009820,12.709370,10.050022
 9.717423,11.691998,11.913024, 9.753411,11.105153, 9.080040, 5.629175, 6.330262,10.106517, 5.801074
 4.836045,10.174687,12.454911, 7.838911, 7.036215,14.932754, 5.395458,13.651728, 6.414245,11.375338
12.004866, 7.509610, 4.923184,15.826660, 7.320854, 7.990550,10.557245,14.763521, 8.807785,10.473696
15.317048, 6.191863,11.888694,10.388224,12.210092,10.331206, 8.468852,10.563526, 7.155397, 9.245425
 5.704872,10.226528, 6.396010,13.419923, 7.303220, 6.664134, 6.676365, 7.972313,13.966804, 6.811023
 7.796868, 9.502198,13.026390,10.489305,17.814413, 7.998837,11.201685,15.102523, 9.164988, 8.845027
16.031537,13.472641, 6.413398,11.046087, 8.835903, 9.251333,12.576224,16.749206, 7.198359, 8.232789
10.404784, 7.210173, 9.783697,13.300652, 8.904236, 9.236832, 8.461095, 4.490603, 8.006771, 6.367289
 9.160469,10.137843, 9.694315, 6.743099,12.010576, 7.644152,10.342131,12.698816, 7.944037, 8.984100
10.734769,14.018212, 8.135627, 7.832292,12.518957, 6.847081,10.069016,10.973672, 5.205911, 8.331909
 6.500090, 7.168140,10.003935,12.908398, 8.011912,12.605194, 9.391804, 8.754437, 9.633527,12.168026
10.563131, 8.464270, 6.854475, 7.910277,13.296800,18.274250, 9.413227, 7.514636,10.337017,12.965305
10.004453, 8.096248, 8.130220,15.225641, 6.529260, 7.048461, 8.658794,14.310915,12.211425, 8.965142
 7.874492, 9.427071, 9.049115, 5.541414,11.702510,11.738240,11.497854, 9.383150, 9.024382,11.515080
10.615716,11.675026, 6.583504,13.242409,10.879452, 6.083596, 7.192093, 9.981199, 8.014254, 5.761896
 6.461949, 7.491334,15.445571,13.909576,16.464834,10.336934, 4.706129, 9.482005,13.383241,12.475112
 9.178740, 8.099354, 4.657487,13.571853, 8.048974, 6.400708,14.419467, 9.440055, 7.774784, 8.932478
 7.604571,12.530836,11.785227, 5.649933, 5.885588,15.991846, 9.187981, 9.291837, 8.171510, 8.914745
14.345622,11.673711, 8.463163,13.032847, 7.545273, 5.206905, 8.848920,12.985215, 9.054588, 5.633386
10.539638, 8.526033,10.204038, 7.603151, 6.393449, 9.161199,11.318676, 9.380800,12.980575, 9.303749
12.318500,11.942393, 8.487233,13.143970, 7.197704,10.322590, 4.285733,10.206636,15.491316, 8.840237
 8.305247,11.090896, 9.753278, 8.808833,17.341110, 9.850069, 6.316556, 8.907168,10.065018, 6.929793
 6.044017,10.168992,10.176161,10.971151,17.602743, 5.726590, 9.641434, 8.750349, 7.340918, 9.876626
 6.416460,12.088904,11.673401, 5.324511,14.635534,15.610179, 9.902457, 6.277749,11.525046,16.258345
 8.145942, 6.567640, 9.444925, 9.543312, 9.196584,14.501662,17.923356,10.391727,16.358637,10.901815
12.467298,10.282077, 9.895159,11.927204,11.054376, 7.471264,12.374333, 7.860242,11.585679,13.551566
12.094127, 7.814812, 9.900427, 6.480930, 8.435205, 8.103629, 7.825923, 5.625149, 4.984529, 7.015435
 6.892671, 6.257918, 8.656166, 9.363832,11.232521, 4.145398, 7.359253,11.333823,10.985403,11.910660
11.985583, 7.277404,13.599305,16.085631, 9.847081,10.877047,12.603251, 6.950354, 6.257809,10.337601
 9.009898,12.091366, 9.801755, 7.427160, 9.355406,13.015589, 6.764220,16.997804, 8.649012, 9.459437
14.416672,12.101582, 9.836839, 9.527210,11.903866, 7.967210,16.902417, 7.898341,15.511306, 8.574923
 8.872080, 9.999295, 8.602955, 3.996349,13.362694, 8.929749, 7.430240, 9.770139,13.178487,11.849067
11.051683, 8.714667,11.810392, 8.096177,10.964077,12.028391, 7.616521,12.125264, 9.443790, 6.076486
14.366680, 8.156700,11.183706,10.019273,13.800063, 9.159459, 5.628309,15.345882,12.434585, 9.822482
 8.415876, 9.234888, 7.783848,13.474310, 8.889567, 5.368704, 5.977954, 8.845267, 7.232510,11.926756
 6.310717,10.396156, 6.094733, 7.352172,13.127063, 9.915846, 9.911817,11.856421, 6.987853, 9.655324
 7.650939,15.934434, 8.023765, 8.273759,10.500559, 6.994778, 3.826820, 9.368866, 9.444215,17.131163
 9.883125,10.237079, 9.202010,10.216976, 5.381369, 9.714587, 6.574636, 7.671759,10.260588,11.937444
12.438271,12.284387, 6.511408, 7.581931, 8.945116, 8.422354,10.166159,11.024264,10.178058,11.038064
 7.128269,17.470965,10.151630, 8.955033,10.703964,12.212751,14.229298,12.133146, 7.932139, 9.280938
12.304442, 9.101935,15.777402, 7.806705, 5.501178,11.882083, 6.580168, 6.254299, 9.572095, 9.223529
16.780137, 6.153802, 5.958245,10.544334, 6.610345, 4.868566, 9.726862, 4.734853, 9.867998, 7.415989
11.766481, 9.263763,15.100618, 8.770397, 7.773340, 7.850296, 5.534673, 9.757982,11.248540, 7.469260
 4.465619, 7.139777,14.655596,11.417206, 7.040004,13.020248,12.787218, 8.279270, 8.734879, 6.002450
 9.788208,10.923792, 6.979128,16.074995,11.751591, 9.018447, 4.062600,13.934794,12.711544, 9.293042
10.463370,10.908851, 5.435300, 7.095331,10.749977,14.882707,12.648269, 5.829777,11.298231,10.462354
 9.633859, 8.999014, 9.984017, 6.395014, 5.332657, 4.379550, 8.888150,12.787809, 4.275538,12.531868
 9.658905,11.688071, 8.463822,10.807313, 4.629758,11.922420, 7.380131, 5.379576,13.747575,10.565803
 6.582502, 8.269080, 8.188788,11.153134, 8.164864, 7.702393, 6.910803, 9.836505, 7.652163, 6.118535
16.997697,10.017727,13.121967, 9.863741, 9.079107,18.325403,10.522872, 8.717112, 9.481147,14.061466
 8.867649,14.200937, 9.370948, 9.630244,16.586159,14.270659, 6.941230,14.714354, 4.892251,10.338358
 6.974020, 7.433945,15.086724, 7.922595, 4.479500, 8.919321, 7.620099,12.127378, 6.682499, 6.542905
 4.417431,13.186968, 9.416576, 9.687163, 8.247901, 5.080019, 5.270993, 7.979588,11.026389,11.972157
11.537269, 6.674936,18.232112, 6.434778, 8.462799, 9.704173,12.249698, 5.056303,16.032844,14.313957
 5.639725, 6.779472, 7.009588,12.607167, 9.471807,11.320343, 7.004707, 8.286814, 9.048046, 9.470714
 7.683350, 5.957469,13.988267, 7.761114,12.177576, 9.062643, 5.973297, 7.768481,13.076666,10.934912
10.395318, 7.726480, 6.529490, 8.490905, 8.293006, 8.806002,17.371459,14.952825, 9.127660, 6.057884
 9.258978, 8.912614,11.739214,11.180402,11.492302,10.276898, 7.561591,12.140924, 6.404205, 7.820103
 6.129886,11.611530, 4.680415, 4.864509, 9.918422,12.335514, 8.288924, 5.427531, 9.203701,13.112724
 7.796738, 5.773002, 7.947618, 9.065213, 7.998323,11.188022, 3.075460,10.836344,10.247210,13.246483
 8.400485, 8.049301,12.314073,14.712308,11.765534,12.641491,10.166869,12.031307,10.626057, 7.125580
10.910273,10.993187, 8.343487, 9.935732, 5.011964, 8.767164,10.253001,11.093952, 7.785538, 6.942979
 9.942403, 6.120420,13.426161, 5.780722,10.075488,10.558592,10.165537,10.449241,13.280719, 8.273422
 8.384345, 7.183566, 7.395588, 7.640369,14.548967, 6.735116, 6.323063, 9.433089,10.025565, 8.360504
13.413796, 8.244866,10.068827,12.896694,11.647439, 4.062498,16.273964,15.309219, 9.648821,10.845301
 7.429750, 4.666771,10.635272,15.395445, 9.015452,11.799380,15.474802,15.827354, 9.240127, 7.500903
 8.505455, 9.627540,10.614286,10.418068,12.796178, 4.883325, 9.337622, 6.830851, 7.528537,15.164301
10.869287,13.338971, 9.731319, 9.116790,13.842906,13.696337, 9.413793,10.248949, 6.590013,11.209876
 9.431599, 8.536250, 7.722555, 9.850716, 9.603589, 7.611589, 7.896365,13.555114, 6.553149, 8.931678
 7.865308,10.148272,10.139752, 7.295401,12.481743,11.093496,12.417724, 6.299990,14.878835,11.125339
 7.394392, 5.166041,11.116829,15.415348,11.763657,16.506104, 7.376504,11.929395, 5.763246, 7.814187
 6.949268, 6.198395,15.921094,10.404724, 7.592417, 8.428108, 7.915530,12.514083, 9.876386, 6.266473
 6.281372, 6.043565, 7.046789,10.980461,12.391769, 6.850099, 6.054350, 8.729813, 9.276281,14.387901
10.849804, 6.598220,11.444748,15.924239, 8.091736, 7.789684, 5.254988,12.749934, 7.818499, 8.667364
 7.740672,10.560762,11.964285, 9.650508,11.586515,13.026038, 9.950974,10.268663, 6.283860,10.611231
 9.094942,15.688363, 7.750455,17.917812, 9.451761, 7.552362, 4.915647, 9.148541, 6.310973,15.515796
11.406864, 7.954387, 7.046558, 6.491045,13.671849,10.879963, 7.400989, 6.313361,13.114551,11.249106
14.070044, 8.602483, 8.529882, 9.130292,11.759730, 7.273801,10.333581, 6.365706, 9.872683, 5.771854
 7.669233, 7.917323, 6.415919,11.620940,10.711505, 6.143530,13.480475,11.186108, 5.204310, 9.339692
12.673613, 9.039205, 7.528363, 5.857308,10.317264, 9.219588,17.503445, 6.861189, 6.973244,13.032597
11.597945,12.405703,10.814779, 7.369111, 9.808157, 7.885944, 5.953127,16.289643,10.165819, 4.713127
 9.619811, 8.420991,11.296740,13.652738, 9.558632, 9.273333,11.944536, 7.426551,14.017457, 6.515829
 9.756362, 8.310072, 8.923536,14.390586, 9.404727, 9.472461,15.031326, 6.387031, 6.534531, 8.997998
15.972885, 7.416010,10.239750,11.358266, 9.567469, 8.980722,11.730152,15.442572, 7.150323, 4.362649
 7.968852,10.478228, 6.806467,13.433368, 7.026764, 6.719254,12.256905, 7.728385, 8.452237,11.223655
 5.977469, 7.795981,10.190971, 6.936018,16.198270, 7.146072,10.887359,13.535805, 9.157158, 9.825129
 9.267719, 9.457496, 7.290154,13.594796, 6.773956, 7.329525, 8.428165, 5.994036, 8.329036, 8.320436
11.797709, 6.871874,10.010074, 9.291854, 7.182959,11.576112, 7.654380,11.111203, 6.987093, 8.537126
 7.595334, 5.491533,11.777588, 7.547437,11.731871,14.145623, 8.221011,13.872446, 8.445279, 9.266816
15.187092,15.613322,10.850880,10.541672, 8.720446, 9.109760, 9.462994,12.550449,10.413541,11.979718
 9.754595,14.065273,15.037850,16.467878, 8.504898, 7.276356, 9.014279,11.781374, 8.874222, 6.626218
 8.646173,11.631227, 5.943680, 5.144449,12.275738,13.852881,11.638124, 8.936602, 8.054244,12.321101
 8.929255,14.531204, 6.683252, 7.731022, 6.043239, 9.466935, 9.576345,13.484673, 9.666657,16.253456
 4.639413, 8.974125,11.678276, 9.754305,12.908111, 7.604030, 8.458290, 6.831424, 8.253691, 9.907603
 7.322635,10.310713, 4.198386,14.216532,10.082861,15.606975, 7.157853,10.281387,14.575968, 8.660370
13.018508, 5.592764,17.046480,17.379314, 9.726625, 7.329679,13.837565,12.686449, 5.017626, 8.694424
 6.458912, 6.895131, 5.094904, 9.378746, 8.299843, 9.261230,10.620172, 9.079344, 6.433788, 8.504025
11.231694, 5.410042, 9.089737,13.877722,11.008372, 8.904577, 7.284287, 8.393021, 5.904850, 6.802249
 6.299212,11.136200, 7.821602, 7.886820, 8.779765,13.280410,13.154925, 7.192834, 6.664094, 5.039118
10.274533,13.991782,10.952169, 9.185203, 7.136104, 9.149847, 6.657993, 7.819907, 8.934714, 8.144238
17.288792, 2.762258, 7.639154,11.482651,11.005032, 7.502053,11.179086,15.143887, 8.397046, 5.537047
 5.665479,16.670947,12.634300, 8.832414, 9.213282, 7.511265,10.440241, 6.262881,15.081933,14.586217
 6.105696,11.494752, 7.323889, 8.846207,12.060442,12.064391,15.692223,11.860475, 8.677587, 7.722116
11.995085,14.600991,15.211303,11.119426, 9.197222,16.800037,10.071538,11.826028, 5.658334, 8.379640
11.410900,11.692903,11.253730, 9.584264, 6.840588, 2.913620,13.229995, 7.572088, 8.644316,14.635728
 9.273271, 6.456479, 6.298344,11.489353, 5.787117, 6.718255,11.505310, 8.109605, 8.886853, 7.695976
 7.474090,11.152821, 6.819728,12.282464,15.903829,15.682826, 6.765709,13.707518,10.435816, 9.137879
 7.985461,13.664912, 7.208363, 5.118412, 7.750531, 8.719731, 7.403946,17.499224,14.008285,11.644773
 8.020066, 6.461815, 8.206462,11.659774,10.882449,11.979511,19.685034, 9.280398, 8.988306,10.969185
 7.253891, 8.400858, 6.644053, 9.322460,10.932982, 9.927838, 5.473053, 7.017971, 3.016043,11.091639
12.614243, 4.241284,16.751066, 8.714412, 5.074725, 9.939256, 6.253938, 5.946591,11.381839,12.403320
13.781532, 8.236941,10.782952,11.251372, 6.258176, 7.709089,13.556210,10.836261,11.502934,10.651585
13.793534, 9.794303, 6.975910, 9.531584,13.487680, 6.684928,10.548133, 7.301513, 8.399719,12.269523
11.388915, 9.494972, 8.831816, 9.673694, 6.388845, 6.562676, 5.560509,16.236872, 8.330918,12.899061
 9.559348, 8.067792,10.278271,11.565348, 6.498418,14.877416, 8.930489,10.165299, 6.998781, 6.659645
 8.522978,13.869784,10.738055, 8.722379, 8.199360, 5.527942, 8.440949,10.945634, 9.840820,11.671331
11.739440, 9.819588, 7.773367, 4.443307, 8.099903, 9.978273, 7.315214,12.401185, 7.917595, 8.629188
12.284214, 9.439150,17.417185, 7.980408,15.595226, 6.019655,11.586945,14.744244, 7.334198, 9.405003
 3.899795, 8.059054, 7.414127,14.114593,14.753823,13.325906,10.588191, 9.563089, 8.927507,16.256615
 7.299029, 8.499142, 8.064798,11.120653, 6.420302,12.679400,10.042031,11.867982,13.179255,13.772834
11.036600, 6.155362,19.021182,13.666496, 8.057398, 8.241969, 7.009349, 7.976216, 9.347928, 8.034000
 7.988833, 5.968878, 6.761433, 5.655836,11.331062,12.781348, 9.876327, 6.321583,12.174378, 7.762265
 8.721840, 4.679476, 8.196843, 6.316777, 8.581586, 6.409828,11.265984, 5.843171,11.567707, 7.243541
10.332391,12.906310,13.990648,10.864776,10.787918, 9.034000,12.128187, 7.950728, 6.360717, 9.920160
12.712027, 5.824658, 8.393009, 4.676785, 8.428961, 5.469306,16.009212,10.992246, 6.197044, 6.547399
10.502185, 6.765473,10.917390, 4.513160,13.293622, 8.623417, 5.104992,11.009525,15.083880, 9.696000
11.704094,11.933750,11.340983,11.699434, 7.369740, 6.643854, 6.796542,14.471866, 5.952527, 8.363313
 8.555653, 5.868883,11.525680,15.368213,14.319854, 8.370589, 4.023454, 6.670553,10.608194,10.781816
 9.210416,15.259715,12.321179,10.336296, 6.874001, 7.567634, 7.778038,10.438539,10.055214,15.044344
 6.426962, 8.708022,10.915673, 8.666393, 7.202176, 9.543322, 6.076536,10.554241, 9.563851, 9.836711
15.319251, 8.927671, 5.823671, 7.343931, 7.769887, 8.531310, 6.045204, 8.651759, 7.195918,13.463582
 7.979838, 9.218797, 7.993937, 9.941160,10.289765, 8.470956,13.220623,10.645901, 6.056067,15.466686
 7.697909, 7.487108,11.842237, 9.376299, 7.977913,11.151021, 4.009429, 7.328142,12.465129, 9.691894
10.479731, 9.962358, 4.359980,10.346218,10.896444, 8.409301, 9.541421,19.638228,10.834532,11.449184
 6.168553, 9.731328,10.699247, 6.152548, 6.525978,15.765492, 9.366681, 7.359683, 4.882085, 9.197055
12.595301,10.879684,14.485793, 5.051928, 6.450072,11.274357,10.987552, 8.857335, 9.388326,14.828719
 7.747669, 8.258742, 9.648167,14.663289,11.704104,12.120172,16.764595, 8.529095, 6.745159, 9.233275
12.412168,10.887194,11.454211,10.917514,13.724373, 7.905384, 8.338337,14.185616,12.440432, 7.850192
11.415658,10.302555,10.442692, 5.535342,11.371803, 9.973329, 5.820260,13.551854,11.686811, 8.570001
10.587201, 8.761987, 8.085889,18.011638,11.841802, 9.798801, 9.415577,10.620747,11.191595, 8.661777
 9.119621, 9.867448,10.220345,10.679557, 7.333075,14.973467, 8.359300, 9.776690, 8.424532,13.259805
 9.832951, 8.602844,14.674771, 6.911429, 9.306923,12.975953,13.237398,11.216839,11.220528, 6.144705
11.784558, 8.391806,11.270149, 5.234582, 8.189840, 8.028293, 9.603520,12.073157, 4.327087,12.497726
 9.747006, 8.912878, 7.802517,11.609804, 8.641981,12.451244, 8.314596,10.119744, 8.005806, 7.269324
10.106961, 6.000038,10.267327, 9.588714,16.240298, 3.894408, 5.164416,12.190138, 5.485419,13.155555
 9.712673, 9.436783,12.058328, 8.506637, 4.780200, 9.855280,15.244548, 9.351985, 7.730309, 8.019516
10.593043,14.830305, 7.565796, 6.692596, 7.147966,11.450605, 9.208915,18.667593,14.541053,10.340134
10.541370,11.524010,12.704308, 6.623384, 7.694774,13.960849, 6.954975, 7.778535,12.743217, 9.154840
 7.602156,10.732657, 9.117456, 8.545377,13.140515, 7.560369,12.420390,10.957838, 6.300636, 8.450941
11.879495, 4.726677,10.415052, 9.324523, 9.238218,16.510207,12.751240, 7.179456, 5.951964,14.171891
 7.523517,14.100126,13.929805, 7.955040,11.183292, 9.163214, 9.601246,12.735415,10.298191,10.691373
 5.717626, 8.488945,17.222708,15.481535,13.734716, 8.577173, 7.087984, 8.864861, 6.915443, 9.448883
10.785842, 5.391384, 6.601041, 8.759757, 8.928797,12.507684,13.114492, 4.835101,17.134718, 6.573622
 5.096121, 8.318601, 9.898225, 9.918613,11.900395, 5.988810, 8.546266, 8.995952,12.337954, 4.768277
 6.881344, 7.796177,10.710363,11.193919, 6.205552,15.898228, 8.441125, 9.459657,10.608381,12.223404
 7.700852,11.699546, 7.829101,13.624124,11.301128,10.833897, 4.189752,13.908000,13.590283,10.193645
 9.222783, 9.902776, 9.179685,11.058487, 8.908456, 4.192358, 9.164315,10.487510, 5.503955, 9.646143
14.368403, 6.006010,16.641317,11.612965,14.909287,10.594959, 7.089276,12.674842, 8.739447, 7.398515
 7.442473, 7.393802, 9.165288, 8.956609,10.626591, 6.892384,10.320852,10.148608,11.796804, 6.352759
12.437457,15.851168,15.421461,11.071072, 7.309862, 8.121118,11.935455, 7.735616,14.073959,12.738523
 6.589892, 6.891919,14.618355, 7.193385, 6.275729, 6.091203,13.046002, 6.583065, 8.935620,12.012487
13.330796,10.398451, 9.749490, 8.440933, 6.105600, 5.336038,17.651336,11.306852,10.387948, 8.130554
10.775618, 2.797245,11.656226,10.275643, 5.223141, 9.332941, 8.360357, 9.067963, 8.220800,10.056805
14.678788,10.630422,11.922380,11.120959,12.407081, 8.371305, 9.771018,11.075338, 8.066418,12.831426
11.023429, 5.866826, 8.243424,10.925618, 5.572345,12.980874,12.113089, 7.007546,11.460742,13.865106
 8.785778,14.194634, 9.212840, 8.054965, 4.087485, 9.350304, 8.127637,11.970019, 6.481823, 7.695652
11.232381,10.150888,10.628222, 7.396814,10.131089,16.022409,12.727854,11.988072,10.130202, 8.270891
10.625157, 3.670462,17.492113,12.583546,10.119414, 8.314999,13.196778, 5.385267, 9.613736, 8.641097
 5.971403,10.759760, 7.644845, 9.828027,10.641076,10.999912,13.399043,16.009404,12.179187,15.457750
 7.063622, 9.985061, 8.475720,15.084718,11.674804, 8.869614,11.993961,15.567975, 7.460075, 6.979343
 5.730351,10.722669, 9.098905, 7.814738, 9.531509, 9.698047, 7.565721,12.175642, 8.382679, 8.173370
 4.575630, 8.085838, 4.521038,10.118772, 7.443758, 9.878019, 9.084434, 7.121030,12.464175, 4.706509
 8.089566,12.207070, 8.951380, 7.290121,13.243942,11.381876,15.036484, 5.950287, 7.657124, 9.605233
 8.718217, 9.534689,10.036717, 7.499417,12.939587, 7.499830,11.122398, 8.560218,10.046247, 8.019857
 6.746370,11.767064, 4.630552, 9.704823,13.753803, 6.431310, 9.899060,16.319580, 7.917019, 5.537611
11.352614, 3.976644,10.576141,11.971769, 6.095489, 6.408345, 9.898135, 6.009737, 5.350025, 9.865741
10.126499, 7.477507, 8.109829, 8.150534, 6.641706, 9.590975,16.007046, 5.772057, 9.429434, 9.261042
10.666242, 6.397847,11.568276,10.031792,13.190714,12.544705, 8.437167, 2.277993,10.177981, 4.821871
10.451408,10.227953, 8.086285, 8.202411, 5.954660, 9.937644, 6.852293,12.503319, 7.425899, 8.699948
 8.270646,13.504622,10.476119, 9.836033, 7.007139, 6.906089, 8.917319, 6.384414,13.573690,14.050359
12.353395, 6.216435, 4.756684,11.487105, 5.239916, 7.857509, 6.417392, 5.245618, 4.842459,13.384339
12.363898,13.938272,19.305120, 9.715432,15.255956, 8.804796, 9.864922,14.291521,13.274300, 4.547178
 4.378705,12.433297, 8.227329,11.670371,13.418765, 7.112494, 6.270172, 6.887561, 8.454886,17.005385
 9.663420,17.049209, 7.988785,10.960662, 5.054083,11.418767,15.386902, 8.719645, 6.691256,11.532860
 9.022510,11.499486, 7.167602, 7.347708,14.358539, 7.342370, 9.194948,10.439983, 5.025748,10.764894
 9.693836, 7.549608,10.101265,12.597022, 5.893412, 9.465679,11.956881,10.160082, 6.284825,12.682626
 9.648956,11.568990,12.906343, 8.108235, 5.668555, 5.420222,12.746767,10.679229,12.396693, 6.653233
14.676577, 7.048103,11.196409,14.333217,14.986025,11.964093,16.974947,10.364091,12.772505, 7.676807
13.429309,10.203134,10.151582, 8.229193,12.826898, 6.952021,12.355653, 8.387144,12.345495, 8.431969
 8.922496,14.888816,11.701417,10.714630, 8.622232, 7.519884,12.171418,10.661323,10.190899, 7.706193
 8.835873, 6.495643, 5.973165,10.582195, 8.777985,11.606769,11.481972,11.689177,11.716829, 6.437468
17.402242, 8.802118, 7.795084, 9.886658,10.412922,15.268001, 8.155122, 3.234918, 8.768126,13.178404
11.208720, 5.689830,14.052796, 8.709005, 7.612183, 9.700808, 8.138453,12.268544, 9.593897, 8.216657
11.255576,17.306361, 8.294557,11.089040,14.424673, 6.954402, 5.660833,16.502772, 9.269188, 8.526062
 5.105045,12.188668, 6.337486, 9.790270, 7.683013, 6.801151,16.020638, 7.733492,16.505048, 9.842628
11.096118, 8.639049,15.564208, 9.812675,11.469890, 5.345350,13.399639,12.953408,10.445146, 2.823597
 9.610505, 4.959441, 9.446578,13.461973, 9.753663,10.359094, 8.870261, 6.485488, 9.972870,12.766403
 9.974684, 8.977083,13.245020,12.342215, 9.144860, 6.100038,10.764402,12.515551,14.346129, 6.469609
10.327393, 8.060457,15.383368, 5.720821, 8.763278, 7.489204, 9.278452, 9.323489,13.311184,11.475854
 8.474155, 7.376515, 7.820710, 9.374499,10.900318,14.453677, 7.389479, 7.180716,11.181378, 8.622010
 4.961199,16.697114, 9.247447, 5.645230,12.259540, 4.837295,14.258493,13.251216,12.857496,12.202472
11.003744, 5.871685, 6.683451, 5.426830,12.088216, 5.896328,11.586968,16.606026,10.891710, 9.313022
 7.680795, 7.434204, 8.666902, 8.579598,10.477134, 7.947875, 8.305082, 7.124282, 9.749826, 6.894887
13.151344,10.140622,10.868137, 8.722132,14.748038,10.581008, 7.168661,16.318400,13.688519,14.628707
10.132170,11.754088, 7.480026,12.471046, 7.269834,12.163936, 8.803353, 9.379728, 6.551070, 8.622770
10.761688, 7.688982,12.046846,10.620795,10.535501, 6.607510,10.701613, 9.187471,12.381280, 9.578742
10.596417,10.869943, 7.407028,10.857787, 7.262551, 6.192131, 8.657816, 5.284655, 8.708616, 7.114737
10.350149, 4.483874,16.034629,12.375171,10.919800,11.855404,10.085250,11.433979, 6.723997,10.500553
12.139646, 9.797186, 8.210011,10.314548, 9.075030, 7.835214, 8.034774, 8.454860,16.829990, 7.605482
 6.497629,11.584947,11.125490, 9.902452, 9.468944,17.379756,11.937500,13.760783, 5.092318,13.384927
 9.138378,10.718196, 8.230354,12.504077,11.902916,10.200486, 3.627337, 8.562931, 9.427791, 8.314770
14.378940, 8.277971,12.902309, 9.497797, 7.222399, 4.845364, 9.215815,15.558405, 9.811434,11.221289
 5.567197, 6.025162, 9.330164, 8.408488,10.446334,12.640617, 7.433588,18.817570,12.717150, 5.294806
 7.053441, 5.982186,13.294842,13.267330,10.611964, 8.907974, 6.766117, 7.243209, 5.795183,13.805256
 8.878702, 8.852104, 9.221425, 7.844910, 6.242996, 8.612938,13.264040, 7.719245,11.441519,10.149314
 6.514287,10.227327, 6.207079, 5.376843,13.761838, 6.444921, 7.006890, 7.485213,12.050769, 9.627034
 7.253733,13.441178,12.625581, 8.650157,18.011754, 9.384996, 3.791284,11.629492, 6.505419,13.997634
11.404263, 6.626436, 3.921038,11.121045,12.443767, 7.055744, 9.969437,11.896490,11.074238, 8.648537
11.873626,10.205137, 9.260917,10.936687, 4.590640,11.664125,14.054975, 8.074618, 8.122380, 9.891555
 5.178834,13.477081, 7.612776, 9.499452,11.379013, 5.253005, 7.791931,11.012946, 8.860056,16.595883
13.382010,11.146093,12.542015, 7.171721, 7.798260,13.996869, 5.971326, 9.090413,16.603460,14.514807
 6.665596, 8.292447,15.076947,15.456665,11.706946,11.905344,10.943437, 8.528960,16.122191,14.018266
 8.507951, 5.522423,12.845996, 5.963865, 9.850313, 9.792856, 9.226978,12.217798,12.745158,10.344777
10.307765,11.322848,13.591791, 4.381435, 8.454711,13.284742, 6.295793,10.219198,10.381058, 4.535853
 9.932951, 9.081198,10.657595,14.712821,13.137144,12.639499,11.687280,15.406464,12.536146, 6.997089
 8.937936, 4.627699,10.998443, 8.951059, 6.742535, 8.384798, 8.089947, 9.372517, 8.658265, 6.426025
10.764613,17.782808,15.623264,10.593211, 8.249918,10.319875,11.043102, 8.700846,13.459942, 6.956445
15.789477,16.539256, 5.169249, 9.211055,12.014782,16.888182,11.783447,13.036420, 3.726267,11.981475
13.952587, 7.827383,14.888535, 7.132855,14.115001,10.604828, 5.460319,10.596848,13.053984, 9.075105
 9.031079,13.777445, 9.009084, 7.193579, 6.341585,12.352007, 3.757432,11.056085,14.610707,10.700704
 8.531640,15.430703,13.761696, 9.594067, 7.890444, 8.711449,15.259632, 6.038508,13.542322,12.875047
11.062860,11.237382, 9.297044, 6.782110,12.291462, 6.990360,11.895003, 5.076978, 5.013392,16.598744
 8.751958, 8.620191,11.050564,11.562040, 7.569785,13.135519,16.481849, 8.702702,12.686486,14.822755
12.797751,10.554988,14.243533,11.685501,10.715360, 8.003229, 7.674097,13.385200,12.842032,11.170938
 6.998874, 9.506623, 8.980019, 9.352771, 8.893076, 7.535808,12.612895,10.130295, 7.111220,12.587707
 6.311476,13.404598, 7.905499,12.629970, 8.829566,10.245152, 8.217446,15.908537,14.426495, 6.547485
13.960910,14.107599,13.745742, 8.193262, 8.316930,10.012510, 8.351485, 8.140878, 6.904737, 4.129674
 5.509784, 9.282636, 6.845855, 9.404532, 8.608746, 7.249871, 9.944072,11.626601,11.582396,11.476393
 4.462840, 6.182452, 5.865025, 9.393847, 9.366928, 3.780724, 9.022027, 9.861301,10.641355, 9.827038
 8.888686, 6.125276, 4.160584, 9.109819,12.171038,11.587624, 8.047091, 5.140363, 8.691632, 7.271126
 7.676077, 7.201731,12.343380, 8.043946,14.202407, 9.011063,10.738997, 6.915930,14.360922,11.840023
13.377718,15.639949, 7.948208,10.455053, 8.925900, 8.076810, 8.804697,12.685456, 8.910193,10.236959
11.924945,14.124282, 5.075854, 7.233276,14.681121, 7.098983,17.154563,11.761263,11.761547,17.397803
 5.763879,13.297229,10.454218, 7.299681,16.744865,17.553861, 9.682858, 8.826351, 7.226096,12.862249
11.530658,11.829306,17.121042, 9.277888, 9.006328, 6.046450, 7.564342,11.077174, 9.402713, 2.946373
 5.550861,14.631539, 5.831952, 5.550204, 8.437680,14.743779,17.041374,11.654561,10.147987, 6.410382
12.949578, 9.466061,10.467344, 8.991309, 4.311656, 6.703158, 7.991950,10.560549, 4.260131, 8.260617
 7.956988, 7.483990, 6.584822, 7.656165,10.796179,11.227564, 7.213243,13.165059,10.996512, 8.528217
10.804646,12.600821, 8.259091,16.348573, 9.519544, 9.130202, 9.534880, 8.026891, 9.584414,10.238306
 6.185341, 7.361550, 8.713417, 7.577282, 8.977756,11.521378,16.141373,13.105676,15.073793, 5.209825
 6.564271, 6.008256, 6.674819,12.488702,12.468697, 6.456857,14.720860,13.052649, 9.128834, 9.501271
11.726244, 5.787801,11.149514, 7.382788, 6.983282,15.981247, 6.782162,11.037630,11.825125,11.298883
17.193079,18.012742, 5.232432, 6.662460, 6.881929, 4.949053,11.786665, 5.946580,13.581721, 6.250280
10.752436, 9.402880, 3.333368, 6.088623, 5.005686,11.205284, 7.676801,11.391755,10.447237,14.579583
12.429646, 5.152917,10.397203, 9.127731, 9.199071, 7.498654,12.133343,10.399468,10.352140, 7.930773
16.355337, 5.851253,10.125894, 7.673262,10.745193, 9.977572, 7.051390, 7.535531, 7.215166, 8.966041
 8.316979, 9.454611, 3.906675,13.710985,14.049077, 8.204326,12.229923,11.337301, 7.401394,12.233022
 8.630935,16.290332, 4.985891, 9.359497, 7.121517,16.442173,16.760867, 8.124362,12.485432,10.826448
 7.663630, 4.708936,11.881745,10.766220, 7.179877,11.188722, 9.993368,11.364708, 7.812362, 6.853066
10.859210, 9.919796, 7.322240,17.049859,14.708772, 8.424174,14.317682, 7.815647, 7.032188,15.635198
13.792288,14.220654,14.220955,15.860403, 9.764677, 8.331101, 7.830896, 8.918975, 8.004320,14.094137
10.351522, 9.967827, 6.446570, 6.922250, 8.687644,14.626332,15.861744,16.732998, 5.531030, 6.455789
 7.543321, 9.356055, 8.092379,12.771133,18.796334, 7.062610,11.227807, 6.836967,15.400749,12.108849
11.443555, 7.915741,10.967181, 7.436311,10.799695, 8.255241,16.657458, 8.487419, 8.836407, 6.201022
 9.681373,11.769129, 6.295658, 5.383675, 7.628365,12.042336,12.897355,10.827132,11.695407,13.038001
 7.639457, 8.147304, 9.706397,10.226165, 9.331052,12.805724, 8.881633,11.187446,12.055236,10.033816
 4.000612, 9.614058,11.875955,10.610154, 7.399704,11.966579, 6.407619, 6.031027,10.168564, 7.088498
15.538153,16.357881,12.355276, 6.672223,16.142009, 6.005224, 6.400031, 7.786633,14.798718, 4.638106
10.637888, 8.300714,11.047665,10.185329,10.565596,16.396481, 8.457169, 9.923246, 8.273763,12.860427
10.265134,12.719942,15.310610,14.080005,10.055183, 9.755469, 6.330653, 7.932471, 4.488004,10.574809
 9.015856,10.645179, 6.640831, 9.802729, 7.610809, 8.994699, 8.451336, 7.535880,11.536265, 8.906125
13.060427, 6.020088, 6.509691,12.284489,12.288384,10.539132,10.493906,10.158242,13.883013, 8.010306
15.451168,10.607623,10.366483, 7.761254, 9.232947, 9.763231,10.397446, 9.536388, 5.941248, 5.400345
 9.276098,10.931250,13.722504, 9.177471, 6.493490,10.147548,11.041684,16.083433, 7.965833, 8.621658
 7.968884, 4.463089, 6.553487, 8.985750, 8.551105, 7.182082,11.229459, 7.562088,11.681825,12.841081
12.215255,10.268372, 7.934754, 8.806890, 8.514004, 7.020891,11.184737, 7.234663, 5.176378,12.191185
 5.682089,10.655905,10.886202,11.789275,11.603097,15.932260, 9.705774, 5.206104, 9.232161,10.717644
 7.196466, 8.507945,11.101892, 8.734124,12.140182,12.709586,10.707303,11.656634, 8.666929, 9.813483
 8.231267, 6.204681, 7.677016,13.003054, 9.261820, 8.443074, 7.742730, 6.548771, 3.395784, 4.017337
10.106795, 5.407691, 6.773910, 6.078210, 8.106270, 7.267913, 8.879519, 3.800879, 9.433259, 4.458303
 5.778214, 6.823035, 7.781866,12.183102, 7.148513,14.243398,18.006270, 8.122849, 7.181425,15.037018
10.977029,11.483003,16.505781,19.149629,11.935776,10.090826,12.673497,14.458218, 5.885475,18.910931
 5.144304, 9.781996,14.268227, 9.647279, 5.257547, 9.325754, 9.487898,15.441523, 9.463905, 7.351164
10.075911, 9.071102, 8.562058,10.244362, 7.146670,12.938850,10.638250, 4.395139,12.937497, 9.294179
15.070984, 9.744635, 9.248763,11.614385,11.909230,14.553059, 9.247437, 6.723264,11.457819,12.060801
12.043691, 8.092103,10.558228, 6.074994, 6.027781,19.125925,11.945907, 6.487196,11.948056,13.637817
 9.173194, 8.768171,10.532454,12.202980, 7.510095, 8.941819, 9.669014,11.877585, 8.949959, 4.833738
 8.344603, 8.335975, 6.738510, 5.770540,10.472272, 8.071027,11.637767,10.057299, 8.855951, 5.651353
11.556162, 9.269425, 6.613323,13.857905,11.683113,10.208905, 9.507428,12.023223, 9.292959,11.540331
 9.159282, 7.218253, 5.628225,13.119418, 8.652230, 7.995575,11.576361, 6.889503,10.940886, 8.910030
 8.684712, 9.131716,15.648662, 9.121980,14.914772,13.129684, 7.135393, 9.059387, 8.665316, 7.049437
 8.245432,13.786423, 7.751733, 8.243031,14.381423,12.784659, 6.653963, 9.328243,11.036857,16.557074
12.474954,12.407730,14.785949,10.174145, 7.050141, 7.696462,13.029765,17.965209,10.684526, 9.613682
11.644645,10.176972, 9.702973, 8.021864, 9.975565, 9.408705, 8.686220, 9.724990, 9.185579,12.127913
 3.713892, 8.063950, 7.750763,13.115293,10.406865, 8.206210,10.217631,10.782736, 6.837259,11.182511
10.692886, 6.909898,13.519831,13.610460,11.132001, 6.155197,14.055441,11.979550,12.921363, 8.140248
10.687334,10.628793, 9.773380,17.563931,11.907027, 4.928666, 7.334861, 7.675744, 6.158201,15.969875
10.668513,10.771537, 8.328549,10.622783,10.638653, 9.924309,10.529531,12.748498, 8.287501,13.555557
11.088447, 6.168807,15.569000,12.905153,10.087742, 8.058905, 9.227372,13.053196, 6.455032, 6.523073
10.555489, 6.366854,11.125101,12.263081, 8.447460, 8.038154, 6.512764,10.108234,11.603076, 8.662354
14.549205, 8.123978,11.397807,11.708943, 7.051697, 8.907693, 7.461606,15.505747,15.114091,13.037257
10.332765, 7.682959,11.883680, 5.687081,13.237073, 8.326683, 7.846485,10.227129,13.930476,11.913255
13.193549,15.495609, 9.844721, 9.397704,12.724908, 8.136780,15.486616, 6.871606,10.876558, 5.979276
13.716315, 8.649032,10.070345,10.715956, 9.567633,10.811036, 9.239485, 7.017685,10.976940,10.357613
15.587842,14.969182, 9.380403,15.188592, 8.603053, 8.244795,10.308716,13.794619,13.714712, 8.504196
11.220714,13.974850,15.391855,13.607570,15.194579,10.004783,15.034175,13.727587, 6.700961, 9.712861
 9.845042, 7.506901,10.457530, 8.501023,11.406590,14.350507,13.510756,11.024047, 5.998588, 7.894852
10.881163, 6.429647,13.351064, 3.107705,10.904254, 6.061683, 6.055870, 9.897308, 8.040536,12.990352
 8.750659, 8.564631, 7.287113,14.545341,11.181035,10.240833,11.059596,17.162676, 8.830799, 5.523170
10.828959,10.707089, 9.085522, 7.735083,13.026184, 8.619631, 6.928178, 9.383408, 6.887708, 8.251935
 5.064571, 9.809214, 7.761603, 8.276987, 8.300541,10.300614, 9.346592,16.735369, 6.700344,19.965339
 7.190821,14.068219,16.682616,11.105655,11.354475,11.331646,12.900068, 7.371862,10.150394, 8.407642
 9.352872, 8.740791, 8.468061, 8.449669, 9.010901, 4.892738, 7.802703, 6.377819, 8.349401, 8.666206
12.671994,12.181029, 8.768068,13.033060, 9.868543, 8.449949,11.348128, 5.592435, 5.352897, 5.346041
11.341610, 5.638112,10.475568,11.193629, 9.950752, 6.823024, 6.361594,12.813351,10.033075, 7.576356
 9.894951, 6.332108, 7.100430,11.069327,12.195846, 5.891825, 6.651034, 9.789112,12.424864,11.902402
 6.994529, 6.500145, 5.762762,13.506566,10.425280, 7.850791, 4.151987,10.149336,11.508287, 9.675691
 6.538448, 7.110376,14.835969, 7.712375, 9.082998,11.545586, 7.858343,11.932824, 5.948619,10.085594
 8.838187,10.221501,13.571651, 9.710195, 6.354281, 9.253359,12.047331,12.508733,14.557797, 4.219523
 6.117442,15.830076, 8.196579, 9.147693,15.754938,11.945045, 7.259575,18.571539, 8.117350,13.138803
 9.832297, 7.610622, 7.927207, 7.828998,12.938034, 6.964024, 9.598220, 7.640281, 7.310712, 4.719994
10.481814,13.291879,12.417118,14.220581, 7.047662,12.479622,11.000827,14.046764,12.322882, 6.286892
 6.340834,12.233112, 9.853583, 9.248922,10.917570,15.780160,10.167577,10.508449,13.550787,15.074541
10.602629,12.717562, 8.180913, 6.792182, 8.178209,11.779785,14.902402, 5.459011, 8.651428, 5.238343
 9.973015, 7.518245,12.815470,15.639100, 7.459737,13.010366, 9.945013,11.843248,10.419344, 6.753942
10.546943, 8.872987,11.760455,11.386424, 7.229810, 5.958521,14.121351, 9.642619,17.093986,12.034003
 9.624166, 9.907457,14.873686,15.704088,11.933589,10.404945,11.075123,14.350157, 8.474060, 4.967902
 8.517987,11.605433, 7.822359,17.358021, 7.697395, 5.210485,10.714457,10.415531, 5.735561, 6.099455
10.332989,11.119669, 6.888137, 5.034827, 7.524845,11.794945, 4.932263,12.677989, 9.203012, 8.956006
 6.176680,13.930756, 6.561895,10.002850,16.927503,11.229744,14.489439, 5.227924, 7.752114,12.865215
 8.961503, 8.546857,13.834435, 9.735915, 6.610555, 6.692265,12.643334, 7.419488,14.202957,12.122616
12.515882, 9.099428, 5.848294,10.791838, 7.327966,10.294981, 7.926395,14.318110, 4.678522, 8.748164
