10.073257,12.626116,13.848879, 8.916733, 6.479139,11.552986,13.809510,14.199960,12.232275, 4.323242
16.553215, 8.117057, 7.962183, 6.716830,11.011924, 6.776150, 6.976136, 9.426874, 9.384999, 7.129740
12.025708, 7.207941,17.545467, 5.060525,11.317644,10.266625,12.848335,11.904935, 4.046089, 6.082259
13.277010, 7.992785,12.809991,14.230373,13.661651,10.489281,10.959769, 4.952986, 5.071522,12.323540
 9.563358, 6.019493,16.080988, 7.624921, 6.363322, 7.025554,13.081050, 7.307242,10.110690, 4.825932
 9.903279, 9.053186, 7.580807, 3.854357, 5.552967, 6.592365, 3.696972, 9.174259, 8.947447, 8.197069
 7.199400, 9.759052, 7.623173,15.073239, 7.630854,13.888398,10.284203, 8.789086,13.935910, 9.016970
 6.269450,11.197126,16.917153, 9.506904,11.766133, 9.612326,14.448793, 9.453412, 7.565262, 6.498819
10.768860, 4.835520,12.668820, 7.963794,10.169688,15.607559,12.842551,10.055401, 7.620444, 9.382053
10.717125,11.638329, 6.448036,10.298918, 8.080725,12.753819,17.469714,10.952883, 6.978958, 9.258175
10.636082, 9.150390,13.544808,12.887797,16.980651, 6.926202, 9.158232,10.169549,13.763445, 7.528944
 5.661822,13.608299,15.334225, 9.705886, 7.242668, 9.667140, 9.600407,14.582876,12.622984,13.429527
 9.654667, 9.910823,12.957918, 7.280524,15.558210,10.619410, 8.846385, 7.443549, 8.016779,10.946088
12.328733, 9.985824,11.596007, 7.458904,13.866211,17.882231,11.467096, 9.113139,11.880610, 8.598368
12.004421,12.537593, 7.774346, 9.876036, 6.445057,11.743784, 6.589712, 6.168141, 8.266527,11.052322
 8.185872,10.641410, 9.504052,11.278505, 5.277704,13.432170, 9.281671, 9.468504, 9.684902, 6.459014
 8.293073, 5.559994,12.241594, 7.315417,12.869445, 9.836287,17.781697,10.272924,10.360486, 7.879290
11.376997,15.103186,13.101526,13.431360,10.918253,15.019132, 9.024029, 8.783571, 7.669788,10.287180
 9.988930,14.114353, 8.061855, 7.298576,14.796268, 9.679869, 6.999649, 9.819569, 8.693870,12.849965
10.843372,11.928506,13.570930, 4.509281,10.572465,10.813737,11.349617,10.730776, 9.010272, 9.477378
 8.433426, 5.225845, 8.563846, 7.779107,11.996016,12.242721, 8.912471, 9.766027, 7.685411,12.054738
11.192706,10.810305,11.991219, 9.546547, 8.298192,10.911288,13.638829, 7.656955,13.611783,14.403909
 5.267012,10.104855,12.193459, 7.909177,10.819513,10.162600, 7.961464,14.549772, 9.461572, 9.888765
 4.752233,16.905336,18.082308, 5.988281, 9.780053,10.489737,13.164087, 8.669443, 8.285640,11.642315
 6.029198,13.829291, 8.625290,13.018279,11.504248,15.028959,16.677192,11.498133, 7.962307, 8.674805
 8.937287,14.012324,11.308118, 9.690580,12.198449, 8.886698,10.506467, 5.126001,12.909712,10.407157
13.536098,10.916438, 3.978677,17.113670, 8.507254,14.978862, 9.465561,12.417153, 5.876044, 5.636222
10.262592, 7.040216,10.153431,13.659170, 7.417514,17.812745, 5.962230,10.770131, 9.065452, 9.573610
 9.697209, 8.217425, 8.833109,13.168782, 4.148763,18.044662, 8.844613,10.404003,15.167633,15.619599
10.065782,12.496847, 8.631512,10.320548, 9.086608, 8.905974, 9.503207,13.459104,10.402380, 8.639879
13.241590,11.504195, 8.119648, 6.317942, 7.489896, 9.417616,11.900428, 2.622179,13.097338,15.288967
 7.878142, 9.271990, 6.415191,11.160789, 8.909596, 6.850977, 3.466076, 8.166868, 8.347288, 4.742893
 8.981046,10.298860, 4.271230, 4.735714, 3.853173, 6.841362,12.094866,11.962738, 4.816272,12.555079
 5.704826, 9.209092, 7.801946,10.044627,11.492229, 8.777260,10.949860,12.276067,13.908659, 7.258190
 8.409973,12.538037,10.572344,11.325729,10.514670,14.063554,13.551028, 7.413044,13.268963, 8.443575
11.070424, 6.613154,10.021182,13.760057, 7.662693,11.685032, 5.956927,12.434418, 8.184847,11.625022
12.857384,12.121080,16.096525, 7.597869, 8.285071, 8.816432,12.729034, 6.060768, 9.289492, 6.316151
 7.946641, 9.799327, 7.885803,13.657322, 9.198426,10.976407,15.539456, 6.026221, 5.483612,11.055455
15.346130,12.272067,11.691277,11.867333, 9.702082, 7.277100, 6.909875, 9.797247, 7.576280,11.020711
 8.173333, 9.008075, 8.976697, 6.864200,13.051578, 8.317549, 9.214567,12.390257, 6.735070, 5.134793
 9.179521, 6.907454,11.478233, 5.707337,11.564153,10.468925, 8.945446, 9.824960, 4.560618,10.185828
12.794110, 9.659504,11.944014, 9.037874, 8.605700, 8.103017, 7.427761, 6.623342,14.245813, 8.995541
11.789585,10.857935, 6.318596, 8.911460, 2.890875, 9.244739, 6.220014,14.527127, 5.445635, 8.928236
 5.535854,17.539676,14.123107, 7.895317, 8.134275, 7.409902, 9.377318, 6.755061, 8.897818,18.023214
 9.571119,10.340064,10.411083,13.089877, 5.682220,12.483521, 4.919589,11.731698, 9.783557, 9.195624
12.386240,10.441577, 6.000422, 8.271343, 7.694802,11.247571, 7.120903, 8.378123, 7.769141, 6.858195
11.322874,14.509480, 5.210093, 8.516127,12.141907,15.749781,10.008487,10.186954, 7.730473,11.771158
12.765074, 4.667951,10.035018,19.519686, 9.098233,11.313995,11.068794, 4.973586, 7.787280,11.954850
 5.844224,13.108055, 6.881349, 7.589983, 8.880461, 8.411655,11.080641, 8.101272,11.419786, 9.054722
 3.471970, 7.522609,16.231709, 9.245297, 4.801754, 9.090371,11.996388, 9.941209, 8.201692,10.660273
11.203522, 6.567601, 5.560682, 9.143103, 9.206793, 7.536791, 8.024363, 5.784261, 8.615345,10.592480
10.171323,17.919075, 8.914129, 8.754908, 9.452977,14.258757, 9.563779,10.115832, 7.347871, 9.729118
 9.071376, 9.751876,11.501029, 7.289596,10.556847,10.546373,13.002838, 9.114699, 3.849770, 6.275371
 7.229693, 9.954303, 7.361052, 7.100342, 5.063653,17.818568,14.021582,12.613494, 7.500786, 5.622044
13.740295, 6.457763, 7.765629, 6.755190,14.963873, 9.132350,17.340852,14.354491,14.544602,15.775964
 9.729637, 8.245568,13.369516,11.132749,11.867041, 9.144069, 6.049822, 4.072875,12.425818,12.927814
10.331611,10.303973, 9.637411, 8.713225, 8.523713,14.883140, 8.703189, 8.225619, 8.927125,11.753770
10.776935,10.807133, 8.651469, 9.213592,11.983244, 9.448606, 5.835307, 5.684327,16.461439, 9.921144
13.722199,14.196585,13.839137, 6.894981, 4.287815, 8.620684,10.095994,11.421307, 8.219862,10.899142
11.098927, 7.062656,14.335233,12.854940, 9.339783, 9.459360,15.160403, 8.305425, 9.389541, 6.951159
 7.760196, 5.484265,16.358416,11.200423, 9.688778, 9.549921,12.207718, 5.543508, 8.700953, 5.743871
10.465049,17.422546, 8.841898, 6.913803, 9.441977, 9.563361, 8.975556,15.752984,10.865453,10.429322
 9.202165, 6.697603,11.465585, 8.982068, 9.978133, 9.494685,12.026648,10.083157, 9.880243, 9.219767
 5.669373, 7.358882, 6.054568, 5.279454, 8.693225, 5.616255, 7.903281, 3.453352,12.606710, 7.934936
 6.052826, 9.207908, 8.283530, 9.952960, 4.757775, 5.077752, 7.743568, 8.144515,11.255211,14.007202
14.480555,12.312058, 7.753071,14.224736, 6.573125,15.788227, 9.396572,10.561012, 5.536617, 7.261981
 6.108174,12.761965, 6.097321,12.232305, 5.779702,19.968982,12.652610, 7.479432, 6.170373,15.684567
13.680709, 9.173241,11.712667,14.810959,11.050613, 6.572443, 8.921692, 8.122010,13.200569, 9.110224
 8.995471, 7.514088,14.350985, 8.035626, 8.542102,11.547937, 8.665117, 6.724449,13.813192,11.555659
10.650214, 8.402705,14.350245, 7.281557, 7.137561, 5.274845, 8.022822,13.041649,11.341007, 9.229203
13.314318, 6.235078,11.369174,13.433179,14.178525,11.464328, 7.273518,12.403353, 7.444427,13.762875
12.337660, 8.706909,10.738862, 4.117720,13.780603, 8.548734, 8.821086, 4.983396,16.901788,15.446133
 7.661731, 7.934129,14.218784,11.366260, 6.493431, 8.195464,10.126889, 6.508281, 9.190277, 9.356023
 8.466803, 7.940819,10.802984, 6.582531,12.524799, 9.405156,12.078482,11.367909, 6.711603,19.799840
13.542998, 8.626590,11.945159,14.124976, 6.985277, 9.159435,10.937519, 6.025863,13.339747, 5.085146
 6.364565, 9.266413, 7.915944, 4.895033, 7.456338,10.411460, 5.910781,10.111109, 7.731634,11.193736
 6.876014,11.935572, 6.319078, 9.189313, 7.386214,10.604808,13.671323,14.675572,12.878148, 5.284553
 6.424047,10.289079, 6.640434,12.494067, 6.491201,15.861593, 8.933365, 8.267170,13.263032, 7.872563
11.389988, 6.979492, 8.728993,11.282673, 7.820994, 6.012211,11.384472,11.461508,12.338855, 7.766225
14.004255,13.656014,11.523383,12.201419,15.930025,11.794801,12.114557,13.990817, 8.899222, 8.231890
 6.499881,11.158861, 6.136496,10.189494,10.497280, 6.557460,10.718734, 6.243410, 5.443043, 8.880037
 6.139172, 9.768883, 8.765470,12.326027, 7.968223, 5.565667,12.761399,12.907798,10.129576, 6.145357
13.416464, 7.900786, 6.902668,10.768690, 7.915445,12.536631,17.303764, 7.728268,14.083830,10.483965
 5.730012,11.787733, 8.218030, 7.271476, 6.250645, 9.033405,12.148617, 6.265904,11.911056,14.273567
10.177433, 9.662224,10.101815,13.530961, 9.918726,11.085722, 7.276308, 5.857239, 9.449731, 9.458942
13.018503, 7.977736, 9.140768,11.732182,15.693032, 9.394204,10.414165, 7.124998, 8.211591,10.160117
 6.685839,11.546551, 7.968126, 5.349201,13.791548,10.020411,10.707574, 8.976043, 9.955611,11.766474
 6.151129, 9.826011, 7.084590, 8.233476, 7.771549,10.191445,10.152617,13.147815,11.364641, 9.350079
 8.495874,10.469069, 6.062670, 6.534924, 8.158668,10.148344,14.275526, 8.027658,10.113298, 7.928469
13.290555, 7.471602, 7.304029, 7.127799, 8.489975,10.462244, 4.700592, 7.001017,10.305216, 9.888111
12.572816, 6.559402, 7.120047, 5.925192, 7.468158, 7.962329, 8.795075,13.467228, 7.835492, 9.158761
 7.909056,11.569508, 6.048773,14.343420, 6.573067, 9.746647, 7.881934,14.189662,10.397600, 8.921611
 8.161709, 9.852558, 6.741912, 8.624185, 6.152420,16.049068, 6.898745, 5.876624,11.191611,13.824796
 9.451619,10.991968, 5.735500,12.973818, 8.061060,11.766809,11.402648, 8.107528, 8.078169, 9.999857
10.969173,12.562061, 9.483273, 6.712170, 7.564678, 7.115906,11.002398, 5.056098, 6.614742, 7.281698
 6.187767,16.701033, 8.850860,12.833396,10.983892,13.285389,15.161510,11.209701,10.022298, 4.494878
 8.862294,16.572363, 6.975819, 7.528831, 9.484786,10.756039,10.257726, 7.357185, 8.079634,12.423129
16.121075,11.670122,10.488677,16.476160,15.439152, 9.180045, 9.436760, 8.103443, 8.617428,10.359761
10.407651, 6.768836,17.540971,11.060904,15.026030,13.804208,10.436460,13.315168, 8.827280,10.086145
 8.739191,15.382285, 6.374976,14.311139,12.586199,14.861659, 8.228056, 6.266439, 9.592688, 9.304642
 6.885510, 6.132671,14.529090, 8.090370, 5.309074,14.719547,14.936778, 6.048946, 6.333468, 8.916005
10.308361, 9.723991, 6.882488,10.604723,10.829179, 4.200561, 8.374911,13.038364, 7.073559,14.247639
 9.470703,11.852356, 8.655299, 6.288236,16.051132, 7.352720,14.228457,15.534644, 9.191974, 6.615603
 8.255547, 6.128748, 7.349121, 8.097233,14.151322, 9.632468,14.050504,10.097477,13.892089, 6.718416
 8.220666, 7.314481,15.432276,12.541719, 7.120445,10.768513, 5.159088,13.033470, 8.101700, 8.635446
17.218348,10.904868,10.249474, 5.300442,10.663191, 8.014897, 9.734558,11.989373, 9.973541, 8.668220
 9.643130,12.673951,10.601097, 6.021536,10.120761,15.500298,10.669927, 4.066593,12.178107, 9.805781
 5.336716,10.633588,12.180025, 8.220091,11.451133, 7.042572,10.476961,10.972512, 9.100760, 5.995627
 6.447300, 7.915313, 7.455696,12.321950,10.801352,13.258263, 9.499504, 6.212208,13.263193, 8.029487
 9.678293, 8.877726, 9.944414, 8.972178, 9.280661, 9.226033, 9.520040, 6.620519,14.688991, 6.653775
 9.654597, 5.447282, 9.183957, 6.471997, 6.142457, 7.197520,15.122005, 9.329782,14.784580,15.152081
 9.014990, 5.583482,11.433430,13.376680, 9.845492,10.702555, 9.125886,12.320653,12.013643, 3.841744
 9.094353,12.442473, 7.719158, 7.405185, 6.589473, 7.481425,12.753002, 9.513781, 7.848281,12.296650
11.107198, 5.602925, 6.107111, 8.416058, 7.327714,17.243236,13.179505,13.355995,12.025288, 4.741478
 9.838163, 6.658016,14.530958,16.206315, 9.139867,12.394252, 8.357888,10.729407,12.571365, 6.718961
 7.506451,10.523781,10.878669, 8.771413, 6.425944, 8.746645, 8.679869, 6.897810, 7.344939,11.856086
 6.416479,10.701370, 6.533445, 6.226604,10.911620, 6.806208, 9.852058,12.057741, 8.122870,13.245895
14.283627, 5.624509, 6.704994, 9.599462,13.628354,10.201207, 5.987311, 9.659848,10.510425,11.306236
 9.043059,10.396334,12.893728, 5.870633, 6.303939, 6.883581, 5.852822,12.933554,11.570777,11.625203
12.797565,13.744285,11.090926, 8.008211, 7.238265, 9.011634,10.466593,11.496611, 8.974616,13.965396
 3.836558,16.907057, 4.381252, 6.435685,10.058202,10.401237, 4.941575,12.651596,14.736392, 8.070378
10.549208, 7.043183, 8.705037, 6.074470,11.121153, 9.575677, 9.771259, 8.558349, 5.128580,13.491654
 5.137013,12.911716, 7.809820, 8.952137, 7.635422, 5.871427,13.205571,16.137901, 8.406079, 8.351077
17.856469,11.728137,12.419217, 6.351981,11.760705,11.621958, 9.077788, 7.443680,13.735088, 8.927498
13.189942, 9.988852, 7.573139, 6.755039,12.206621,10.357847, 6.289872,10.391781,13.109442, 3.921493
12.153020,10.959074, 8.752469,10.412498,13.057039,12.177266,13.664520,11.663411,10.597568, 9.685104
10.588597, 9.868914, 9.777807, 9.691970,10.035891, 8.969058,10.706884, 9.780095,12.724019, 6.531585
12.240640, 7.577728, 6.506370, 5.405572,13.660448, 8.704969, 4.306022, 4.075426, 6.473374, 6.645975
 9.641462, 6.645909, 8.229003,14.033091,11.557738, 9.812438,13.984195, 8.782956,10.675280,10.567268
 8.377509, 5.930769,10.574507,13.332117, 6.675884,10.844711, 8.457770, 8.194111, 8.923262, 9.129627
 5.660233, 9.579129,12.106014,11.503595,10.520884,14.259041,12.326527, 6.338164, 8.650755,11.832662
13.587091,13.424992,11.806718, 9.673917,15.405474, 8.440669,10.621027,12.226533,13.126145,10.934331
11.246450, 8.882692, 6.876775,19.858186,13.979565,12.349008,16.415360, 5.201208,16.077225, 9.768768
11.592820,13.490092,10.237285, 5.853845, 6.782356, 8.761964,13.476170,13.822004,10.955661,12.226846
16.518565,14.244705,13.273117,11.285164,12.762598, 7.721084,13.758251, 9.084531,11.360708, 6.794354
11.740317,11.502508,11.229509,10.328594, 8.754176, 6.633381,12.260421, 7.292750, 7.536538, 4.809773
 7.994456, 8.615907,15.834062,15.521413,10.879799, 9.936665, 5.038827, 6.168445,12.686175, 4.648357
 4.127295, 8.368862,10.261865, 9.650786,12.954642,11.123562, 6.799678,13.582887, 8.601806, 8.703503
 6.459883,11.358077,11.789169, 8.554898, 7.042931, 9.450602,12.854829,12.744024,15.146453, 5.099909
10.464061, 8.605205, 5.240317,12.438228,15.748179, 8.540433,10.713577,10.184684, 7.468962,16.877164
 9.953675, 4.665978, 9.531500,19.687938,10.515897,10.112153, 8.748325,13.470241, 9.192430, 2.604700
17.859344,11.423066,12.347193,15.806103, 5.635509, 4.949592, 7.644114,10.248466, 7.684740, 6.839889
13.086414,10.360361, 9.845655, 8.115781, 9.264183, 7.727288, 9.514035, 7.522162, 9.634608,11.182326
 7.366591, 9.761505,11.945854, 7.329788, 8.952329, 7.662576, 5.338929,13.039209,14.456769,12.021334
15.819173, 7.728976,17.640971, 9.690438,12.574124, 8.617982,11.264188, 9.482754,12.402417,13.643841
12.167663,14.388564,11.097735, 6.731369,10.759766,11.385022,10.442642, 9.004806,18.561927, 6.431519
11.029605,10.455083,10.147489, 9.846272,10.315976,11.575308, 9.886555, 5.346423,13.110792, 6.686293
 8.519749,11.634499, 7.999504, 7.792985,13.856876, 9.173142,14.230180, 9.624907, 6.478009,15.461790
 7.559246,10.342515, 7.958073,10.340172,12.205269, 8.960858,12.808943,11.696749, 5.618899,12.307579
10.179078,14.096339,11.669895,10.596523,13.608612,12.038142, 9.863093,11.862227,10.077419, 7.254763
10.188369, 7.162963, 6.360700,12.173378, 7.631213, 6.993267, 7.811391, 7.451879,14.705005,10.063450
10.117412,17.184613, 8.830779,10.590690,17.126555, 4.727060, 8.827672, 5.762763,11.574285, 6.697173
 7.190933, 5.095580, 7.416280,10.465548, 8.475354, 7.816129,10.722154,11.266246, 5.088646, 4.307176
 6.563220, 4.507103,11.189394, 8.012498,11.338583,10.289994,10.516399, 7.218327, 7.071633,12.646811
 7.917813,10.235561, 6.813709, 9.934506,10.795720, 8.769920, 7.620456,15.390347,10.380275, 7.891922
 7.210073, 8.721431,15.428290,14.050710, 9.380181,12.396675,16.110381,10.329539,10.761039, 5.520934
 9.503929, 8.706428, 6.618316, 3.333436,13.793932, 8.402849, 6.615282,10.423824,13.143467, 8.876033
12.151449,10.822769, 5.183825,12.876151, 6.614332, 9.797660, 8.488484, 8.679161, 5.064594, 9.783957
14.228880,10.727810,12.288955, 7.867796,11.916714, 5.024792, 6.953998,12.461625, 5.903083, 7.222278
10.610879,10.924794,12.560335, 7.679750,12.433217, 6.473632, 5.177976, 9.759767, 9.910094,12.553669
 4.764240, 5.319674, 7.756845,10.812501,12.703280,11.763546, 7.111100, 5.287926, 4.355943, 7.714943
 9.740167,12.042254, 8.274569,11.527487, 5.216150, 5.860032, 5.613451,18.609559,10.495129,11.874953
 8.430623, 5.167927, 8.182806, 9.380192,11.948571, 8.095330,13.480787,11.141970, 8.004929,16.711440
15.944313,11.727472,12.272791,10.339775, 7.214859,14.809525,11.747387, 8.839964, 6.573326, 8.952726
14.739159, 9.254647,13.290953, 5.808170, 8.036462,12.176854, 9.817046,10.392486,16.614769, 7.833099
 8.566809, 8.060983,13.394087, 7.227596,13.195656, 8.583499, 5.684207, 7.855907,11.433639,14.114629
 8.784706, 7.495513, 8.683409,11.160374, 6.394709, 6.031688, 8.728252, 7.063956, 9.082014,16.725680
10.916398, 8.891940,16.425205, 9.710803,16.992050,11.972813,12.022439, 6.165138, 8.116079,13.100308
 9.878840, 9.674470,12.502437, 6.454124,12.741557, 8.579224,11.518192, 7.510175, 9.632467,10.409325
13.526852, 5.843736, 5.995322, 7.761826, 7.181683,12.578509, 8.348395, 5.999092,17.345649,10.511453
 8.476879,10.981087, 7.135761, 7.974254,14.556293,11.500971, 9.947730,16.114163,12.293351, 6.249270
 7.794762, 7.004131,12.450789,13.290370, 8.101666,14.045862,10.673077, 6.477530, 7.914449, 7.069883
12.038731,10.363320, 6.396323, 7.284517,16.475182,14.368769, 9.492472, 9.265027, 9.352871, 7.849202
17.118741, 9.174515, 7.371849,10.910470, 8.884811,10.509675, 8.109127,10.475542, 7.607029, 7.614189
 9.283120, 9.584862, 4.985676, 4.545550,14.233480, 5.232350,16.138259, 9.914405, 9.176356,12.431417
10.824366, 9.025630,13.453604, 4.688376,10.975507,10.114834, 8.983768, 7.727034,19.358421, 9.591278
17.460655, 9.537745,11.950941,12.019921,11.948278,11.834679, 6.802955,11.591552,13.689021, 5.601390
11.653719, 7.627137,11.059010, 7.582890,13.195306,10.310148,11.051315, 4.824641, 7.493229, 8.547561
12.277877,10.859282,10.751974, 5.883487,10.917367,11.654897,16.564445,14.208598, 7.236929, 9.949882
11.264970, 6.267856,10.971122, 8.787298, 9.155733,10.030995, 7.683023,12.367577,13.862469,14.963843
 8.094303,11.733786, 8.320862,10.194838,10.452945, 6.117273, 9.555314, 9.972967,15.389812, 8.860296
10.261423, 6.529128,18.820200,10.873104, 9.988302, 6.990121, 6.374839,13.182330, 9.426858, 8.047363
10.380817,11.638049,14.180918, 7.912041, 7.556829,17.212374, 8.992644,13.162244, 9.822976, 9.054778
13.904168, 7.611218,10.994856,13.614853, 5.317986, 7.237061, 3.878964, 5.984668,10.882911,16.798627
 9.984103, 6.253093,10.017632, 9.139000,13.502831,12.909267, 6.105116, 5.425650, 6.331438,12.990730
 7.409800, 6.951596, 8.967276, 6.905934, 8.492901, 6.814003, 9.281642, 8.249489, 9.601664,13.066314
10.673233,16.158935, 7.872203,11.444181,13.274083, 6.078208,10.264606, 7.883822, 9.229931, 7.827460
12.444939,10.841032, 7.180013,12.960119, 8.877022,12.060671, 5.911985,14.259893,12.186036, 7.123341
11.193559, 8.164608, 8.638093, 7.057087, 8.151150, 9.173709, 7.223382, 8.951083, 5.920485,10.706093
 8.148316, 7.173939, 7.796730, 6.268685,11.234176, 7.954102, 5.817752, 7.891935, 5.913253, 6.270829
 7.134853,10.553882, 7.210184, 5.121485,12.366200, 8.735776, 8.719071, 9.290812, 9.418093,13.279225
 8.974563, 5.544766, 7.674123,14.378129,11.263386, 8.393787, 5.303836,15.440630,10.632160, 5.010047
 3.571918,11.422278, 5.867086,14.779601,12.523107,12.127433,13.232181,14.528943, 9.557827,10.395499
14.031470,11.496242,13.473471, 8.474104,10.680023,11.260704, 7.198871,12.141046,18.459148,11.311556
 6.591052,13.490400, 9.400533,12.735627,10.360656,12.766568, 4.495923, 8.075712, 8.937810, 7.324390
 8.850097, 5.581485, 6.179263, 6.090679,11.463505, 5.590849, 9.924353,14.012273, 5.422700, 3.224571
 9.871682,10.324512, 8.218844,11.546838, 8.531602, 7.694642,10.061154, 9.505543, 3.943294, 8.631317
 6.090770, 3.836236,12.900539,10.896134,15.335057, 4.907044,11.158756, 4.748852,10.184581, 9.102992
 9.174645, 7.177702,10.615032,13.909116, 9.935567,12.903988, 5.261591, 7.904308,11.121806,14.778408
 8.811292, 9.311323, 3.694989,11.883564,10.666248,10.135990,11.115091, 8.414883,11.928414,11.413205
11.254912, 8.242581, 9.287479,14.834517, 8.603009, 5.308540, 2.940971, 6.088443, 9.865489,17.632848
15.579305,12.372484,13.505854,11.575888,14.114442,13.567875,12.393949,10.840871,11.320260, 6.877401
 7.493231, 6.425143, 8.656577, 7.818440, 6.716638,12.431293,13.246445,11.701433,15.707758, 9.635003
12.955593,11.032130, 9.146388, 7.401008,10.077750,11.714690,16.171773,12.224437,10.313924, 9.187130
10.216817, 8.573417,10.106085,11.949439, 5.649779,10.837578, 4.433787, 8.095729,11.535942, 8.400330
11.831053, 8.813750,11.009156, 5.904202, 6.496437, 8.482841, 8.168431,10.925513,12.054106, 5.541509
 9.023057, 9.922518,12.186233, 6.596901,11.957331, 4.646491,13.585869, 5.348914, 9.050136,19.218376
 7.651023, 8.684199, 8.033925, 6.222634, 5.782240, 6.193433,13.333323, 6.999734,13.286397,12.426228
 7.464655, 7.018274, 8.241760,10.222992, 7.044384,12.815933, 8.756596, 8.152577, 6.697587,12.838949
 9.394611, 8.982253, 7.765956, 4.114596, 9.256189,10.248418,11.772508, 9.051690,14.008822,15.009397
12.243237, 9.486404, 7.984550,16.699030, 7.518400,10.551819,10.689506, 6.900238, 8.955170, 6.720734
12.417870, 7.592908, 6.364256,11.367322,10.099552, 9.393053,11.052786, 8.882564,10.391894,10.120463
 7.465790, 9.605786,13.182036,11.376308,11.400872,12.437327,11.791849, 7.702556, 9.255167, 9.986780
 7.477109, 4.678590,11.330280,13.987506,11.654686, 6.668421,12.660223, 7.230004,11.211342,12.001364
10.078667, 6.582354, 9.435727,12.257123, 9.505309, 9.909394,12.314044, 6.298753, 6.820126, 9.060997
11.041942,10.288046,10.749757, 8.073540,11.947435, 9.064440, 7.995744, 8.437197,12.608303, 6.976758
 9.179622,11.886168,14.325723, 8.303172, 5.844126,12.529626,14.108169,12.178238,10.925668, 9.294734
13.474968,15.577216,10.633250,13.264884,12.183859,13.931483, 7.817533, 7.329882, 8.868293,12.100199
12.365774, 5.498215,16.898686,10.961524, 7.395851, 9.034161,11.037350, 6.505705, 7.274838, 9.120738
 7.797329, 8.386872,17.437781, 8.434027, 7.426769,13.041983,13.588085, 6.017490,16.089982,17.172189
 7.111257, 8.695830, 7.221693, 8.222057, 6.922983,10.599102, 9.045543,12.566095,15.784812, 7.970831
16.448708, 9.811017,13.958223,10.756902,10.001617, 7.560801, 4.971239,11.751417,11.250322, 8.828922
 5.835206,11.865763,15.219549,13.226985,13.557310, 9.815986,15.085009,11.225694,12.183845,10.026990
14.220500, 7.805395,18.087241,10.559740, 6.762313, 7.114908, 7.907561,14.375187, 5.750381, 6.868206
19.726985, 5.415518, 9.819162,10.293512,12.393575, 4.248228, 5.536393, 7.606896, 7.350852,13.362087
 7.007684, 9.932713, 8.910503, 9.696713,16.498972, 6.941222, 7.575814,15.743469,13.237862,11.047221
12.817767, 7.693339, 9.614211, 7.190489, 6.451112, 8.543756, 8.246714,10.595973, 7.772944, 9.235312
 5.303919, 7.921424,11.494683, 5.203256,11.196873, 9.525299,14.257966,10.175285,12.537454, 6.609685
 8.633643,15.019531, 7.924765, 9.902294, 6.852696, 7.389157,11.339387, 8.165076,10.804176, 9.466357
 8.465663, 5.686965, 7.660384, 8.088164, 8.211112, 7.799878,10.825543,10.098745,10.893132, 9.603186
13.031907,10.525120, 6.726641, 6.836022, 9.550839, 5.720404,16.559009, 6.005840, 5.861428, 7.323322
 6.834097, 8.561648,12.935527,18.742091, 8.139621,10.544662, 7.220327, 6.127517,14.196761,10.887883
 8.678132, 8.489061, 8.104844, 7.914343,11.193968,10.276895, 7.806824, 8.787077, 6.886597, 7.539853
10.103433,10.277451,11.798677,10.055394, 7.659907,12.015416,17.177895, 9.316653, 7.717274, 7.012932
 5.832533,10.238128,11.807936, 3.893806, 7.532837,12.890032,10.893230,14.691747, 8.545759,11.188992
 5.700291, 8.427529, 8.675618,10.002937,11.857825,10.607308, 6.130277,10.955787, 9.336493,10.513267
 8.022378, 9.382860, 9.105604,12.421825,10.135915, 5.113368, 6.678229, 9.378894, 6.091521, 9.317973
11.474355, 8.318658,12.010661, 9.772569,10.219504, 9.037261,11.748873,12.814064,12.963680,17.792936
10.887511, 8.330725, 8.908911, 9.687623,11.789836, 9.566092,11.705048,10.666386,11.175457,10.769618
15.361743,10.744020, 6.235115, 9.717626,11.759642,15.060906, 8.427411,19.307285,14.585147,10.565831
10.230617, 4.642431, 7.908681,10.307809,10.751512,12.642088, 5.838173, 9.659630, 8.216746, 8.298128
10.475231, 8.972434, 7.530791, 7.973318,11.931926,10.305985, 9.902611,10.660030,11.381739, 9.265237
11.745377,10.883531,13.516757, 6.001876, 6.256363, 8.590847, 9.444838, 9.343261,12.867789, 8.853676
11.761594,13.659988,11.384915, 7.772242,12.867594,11.273313,12.384807, 6.528508,11.516385, 8.614529
 6.667423, 9.620889, 8.241001,12.094679,12.761259,14.919592,13.704239, 4.880979,17.769904, 5.183969
14.012241,15.710945,14.253222,11.260213, 8.246790, 8.417669,12.181018, 7.248291,11.154721,10.120962
 6.263057,14.752379, 6.261770,14.417132, 9.645033,14.326331, 9.051269, 7.022858,12.413872, 6.258916
13.394857,11.357504,14.462505, 8.479199,10.191612,12.150194, 9.379531, 6.695327, 9.501552, 7.496231
 9.499263,16.366759, 9.150646, 5.540282,17.193836, 9.180079, 7.952043, 8.172369, 7.933237, 4.521522
 7.705686,12.243223,12.110953,12.931859, 5.533777,15.926513, 8.417688, 9.747085, 7.343645,15.007877
 5.183816, 9.363039, 8.559442, 7.184163,12.346078, 7.644363, 9.053771,10.976263, 8.138031, 8.292180
 6.835577, 9.870805,13.040884,11.243039, 8.373476,10.791620,12.644961,13.293525, 5.658566,16.810813
 6.328397, 7.703922, 6.470927, 7.944031, 9.187335,17.389627, 8.584080,14.139383, 7.989703, 7.388966
 7.998160, 9.991502, 8.650010, 7.200912, 8.088335, 3.523665, 6.481591, 7.799422,11.565388, 9.884474
 8.766048,19.233955,10.276918, 6.691889,13.438993, 7.350466, 7.016855, 7.943932,11.308929,14.832321
 6.984590,10.017129,17.218110, 6.744103, 8.229826,12.656144, 6.494240,12.813759,11.413322,18.892659
10.435662,10.110475, 8.513725,11.755310, 8.609983,14.206443,13.257909,13.120955, 7.064818, 9.416590
 9.000236,11.884817,17.555785,10.771488,10.874757, 3.970416, 8.289941, 6.299605,13.759088,13.346455
 8.163215,10.883418,10.970111,11.982317, 6.311873,11.642749, 9.545054, 7.023110, 9.683353,11.473970
12.579596, 3.773422, 7.256778,10.443023, 4.429730,11.909205,17.057919,11.127036,13.899652,10.212728
 9.351260, 8.537935, 6.868654,15.598496,11.947929, 7.974337, 8.699672,16.898898, 7.132956, 6.929617
13.227317,12.835834, 7.322454, 9.707253,11.978441, 6.070186, 4.793783, 7.118959,10.340659, 5.943623
 7.557201,11.362340,13.632369,18.344687, 7.797216, 7.986083,12.076535, 6.093405,11.506141,11.542979
 9.592234, 9.281082,14.510743,10.975954,14.174788,12.352703,12.087430,17.077613,10.486174,12.478638
 7.928710,14.050526,10.510003,10.746172, 7.051538,11.670910,12.163525,11.717958,13.642939, 7.619146
10.738180,10.221830,12.017786, 6.381405,14.243878, 6.637760, 8.631288,12.659477, 9.246509,10.046327
 9.255060, 5.739355, 5.038274, 7.275086, 7.586676, 7.762021, 8.565997, 5.331289,10.392974, 8.176636
12.645362,12.488717,12.299081, 8.685860,11.576775, 9.697330,18.021476, 7.362702,12.661524,10.859304
 5.985621,19.384286,13.277708, 9.696002,12.744680,10.232139, 8.401396, 6.896251, 6.336328, 7.333478
14.771913, 9.892783,11.243011,12.295244, 5.263153,14.578706, 9.457614,13.963152, 7.781339,12.599013
18.644969,13.150031,10.261543, 9.010629, 6.256814,11.794371,10.796644, 5.371889,11.223434,13.084576
10.876595,12.626679, 8.541687, 9.556873, 9.402163, 9.303329, 5.383906, 8.699389, 3.400488, 8.788320
 9.247410, 8.767068,10.474033, 9.669876, 4.595537, 4.726297,13.082474, 9.367285, 5.239488,10.938232
 5.032287, 8.450658,14.816907, 7.758058,14.656566, 8.314407,11.950321, 7.162221,12.570905,11.117843
10.141057, 5.181645,11.219672, 8.699024,12.301277,11.331649, 6.404341,10.446747, 8.459459, 8.343216
11.170423, 5.959320, 7.546215, 4.625072, 9.183471,13.338821, 6.619072, 7.862722, 6.859904,10.438294
 9.313437,17.025797, 8.812355,16.365734,10.948219,11.355235, 8.916823, 8.508469,10.268319, 8.685448
 6.979393,10.819893,11.293182,13.470950,13.414930, 9.309789,17.101069, 6.372304, 6.700860, 8.173995
 8.971989, 6.854219,13.611329,10.931641, 5.349829, 5.530628, 8.438350,12.129285,11.776354,10.986729
13.166538,19.259182,12.656382,10.914939,14.166032,12.165309,11.165847,10.097633, 8.596244, 8.549697
 8.643486, 7.632698,11.597223,12.458158,15.064386, 7.866444, 9.531538,13.334331, 8.320550,13.903284
 7.143882, 7.397047,12.236449,12.562641,10.997691,13.654337, 7.359304,14.799038, 4.311322, 6.649199
 8.566185, 8.722666, 8.650407,10.368409,11.478463, 6.633866,11.741789, 7.877450, 7.267828,11.951278
 7.311822, 7.848782, 7.002518,14.172227, 9.620198, 8.158662,14.360685, 9.986763,19.294679,10.136968
11.262034, 7.902172,13.326708,14.639936, 9.430052,13.687809, 9.443251,11.862369, 8.579116,10.461405
 5.447454, 8.550670, 9.543449, 9.635519,14.409267,12.941383, 7.773530, 8.750409, 9.300215,13.136011
 7.419363, 7.499759, 9.825329, 7.498796,16.371127, 7.998025, 4.492032,13.649095, 9.584761, 9.350362
13.019910,11.177670, 8.600513,11.664922, 7.796171,11.726055,16.600785, 7.269123, 3.855803, 8.130946
10.102945, 4.947098,13.329440, 6.145732, 8.903966,16.983549,10.441677, 6.876061, 6.569050, 8.456276
 6.874044, 8.473314,11.248280,11.644295,11.249458, 6.092056, 9.365087,12.327152, 6.056350, 7.114658
13.649136,11.654408, 9.641404, 6.714693, 5.705952, 8.064073,10.767761, 7.628652,19.278187, 7.735966
 6.929044,11.597888, 9.134609, 7.945942,13.230658,11.615983,12.527050,10.556563,10.970310, 5.057895
 6.578198,10.549391, 5.457625, 7.045156, 6.830080, 9.109102, 8.810290, 5.568639,16.643649,12.475225
13.796048, 5.281909, 7.603020,15.216286, 7.485666, 7.795226, 8.279830, 9.923974, 7.743243, 9.591769
 9.865409, 6.766582,12.488244, 7.801537, 8.644912,17.609014,11.208661,11.694100,11.627099, 9.353625
 8.923997, 9.682255,10.061452, 7.612145,11.654352,10.174513, 7.901409, 7.126110, 7.071153,15.992772
11.244086, 9.337739, 7.003920, 7.046340, 8.218454,10.302419, 6.054946, 6.354007,10.102680,10.240601
 7.798853, 5.072885,11.518919,11.294883, 7.131055, 9.342827, 6.029861,12.656095, 9.005492, 8.342366
11.949906, 9.446089,18.701308, 7.901070,16.550675,11.234876,13.417165, 7.926173, 9.130115, 6.669380
 5.036924, 6.135615, 6.487981,10.207208, 9.167593,16.697843,10.264544, 9.681871,10.008643, 5.392112
17.515581,10.040235, 4.899030,10.147532, 8.994613, 6.305824, 8.583820,10.252308,17.223247,13.981654
11.008958,10.202762, 8.379006, 9.395523, 6.084737,11.330143,10.139602,11.634773,15.695048,10.851619
13.422493,10.539633, 7.995393,10.687411,10.451994,13.100413,12.123307, 5.952256, 7.504157,11.636942
18.489593, 8.892250, 9.575442, 8.271112,14.116375,16.347019, 6.719827, 4.751644, 6.643595,13.498641
 8.257453, 6.274932,12.665434, 8.053021,10.345141, 6.545009, 6.703188, 8.252259, 7.452894,11.629841
10.058552,12.136929, 9.338231,11.493672, 8.182590, 4.753674, 9.638247, 7.484231, 8.011864,13.391092
11.855025,10.112523, 5.560577,10.238826,18.229933, 7.498280,12.125548, 9.672917,11.522763,11.085347
 6.127088, 8.857718,16.096907,11.136595,10.554404,10.665313, 8.981923,11.334273,13.745648, 7.356187
14.129995,14.367703, 5.989774, 5.814017,11.975238, 6.830575, 6.957069, 6.928277, 7.056778, 7.328076
 8.607126, 9.352132,16.300453, 5.160212,10.898088, 7.947929,12.372451, 9.725282, 7.666374,13.734945
 9.007691, 5.014767,10.341773, 9.036756, 4.622203, 8.025029, 8.327359, 6.774470, 9.910051, 7.416295
 7.361968, 7.613342, 8.174457, 5.222876, 9.004940, 5.084953,10.500057,12.100402,16.404612, 6.672719
14.032106, 5.509854, 9.879236,12.152271, 8.418898, 9.446801,11.995809, 9.118717,10.094761, 9.857230
14.451232,13.880188, 9.154396,10.310446,14.176671,10.459370,14.001225, 8.180460, 9.875004, 9.412540
10.846970,12.604336,15.390973, 9.798046, 8.435443, 6.188305,12.352026,11.910026,14.992904, 6.876290
10.853581, 7.420825,12.231648, 7.868329, 7.999804, 6.486181,12.356832,14.174521,11.696401, 8.442183
 9.219025, 7.657408, 7.699253, 4.668850, 7.628577, 8.714364, 9.004883, 6.357647, 6.163521, 7.721894
13.736785,12.223746, 8.120115,16.143010, 7.801782,13.930944,12.743350, 7.665618,12.659522, 8.653846
 7.394404,12.271622,15.695793, 6.645354,13.309655, 5.168102, 8.906809, 6.798296, 7.609292, 5.474256
14.180158, 7.746131,16.287798,18.157451, 6.985992, 6.623960,10.929324,12.176263, 9.967002, 5.995709
 5.311947, 8.690692, 4.141732, 5.705377, 4.163243,15.149149,10.429097,10.378813,13.007943, 9.818771
 9.208700,13.759746,13.409722,13.100126, 8.603938, 4.063804,16.904245, 8.849312, 8.041682,10.196758
 9.104763, 6.034271, 9.209867,12.169207,14.153099,10.489248, 7.817791,13.918598,19.271573,13.918993
11.865586, 8.484526,13.023783, 6.577450, 6.290231, 7.347641,11.038113, 8.133945, 5.177199, 6.982503
 8.342896,10.508114,12.384449, 8.463498, 6.854976, 8.748230, 2.491457,10.752531,12.212943, 9.341121
 9.847710,10.635401, 9.046583,10.140071, 5.590507,10.426192,14.280070, 9.689163, 6.856354, 7.931926
 6.561583,18.424600, 9.742362,10.191987,10.946154, 6.588347, 9.793040, 7.581978, 7.199911, 6.716075
11.413364,13.912170, 7.647379, 9.187816,16.073814, 8.969212,17.024622, 9.284221, 7.187682, 6.446174
 8.809771,11.456364,11.581005,11.203609,15.908977, 8.403339,10.296392,12.933379,12.193674,11.297878
 8.820105, 9.458422, 4.961217,14.729613, 9.425976,13.780682, 8.504595, 4.747301, 7.221274,14.149338
 8.760309,11.691715, 5.550721, 6.473180, 9.999252,13.060957,11.813899, 8.985437, 6.864435,15.714637
13.064616,11.685624, 7.426002,10.811673, 8.499571,11.568303,14.241071,16.502642, 7.746450, 8.635797
 8.128120,13.447555,10.485476, 5.837247,10.327122,10.620669,14.039211, 8.600705, 8.692766, 7.823779
 5.516275, 5.688122,11.242444, 5.603449,10.766854,14.618295, 7.905827,15.015435,13.941698,10.356558
11.491761, 9.731036, 6.057782,11.128005,11.953025, 5.457811,15.931481,14.718326, 5.389177,16.183344
16.382746, 8.600345,15.802691,13.797690, 7.963325,11.670585,11.008981,10.431577,11.888377,12.887591
 6.495544, 5.792730, 7.508163,10.291817,10.844436,14.882867, 9.314436,15.162271, 8.554182, 8.769466
 7.607764,11.269997, 7.009484,11.668170, 9.031181,11.078354, 9.831747,12.438909,10.886572,17.548555
 7.596944,11.569983,12.735046,10.915132, 4.199878,14.676707,13.437223, 7.548010, 9.054875, 9.366450
11.949675, 7.179556, 9.582702, 7.888954, 9.426019,11.622154, 7.618722, 5.040366, 9.996984,10.210860
 3.858397, 8.131432,16.814669, 6.152178,10.843225, 7.538449, 9.888806,14.237131, 8.300330,10.448944
 5.688359,10.102147, 5.935916, 7.111063, 5.058436, 8.469610,14.596162, 9.791273,10.969168, 7.968789
 7.775498,11.298876, 9.303759,12.459747, 8.973479, 8.486521,11.589535, 9.481530, 6.287063, 8.776580
 6.732234,15.245424, 8.408268, 8.437593,12.705586, 9.998443,10.977854, 7.800465,10.251212, 6.966342
 5.968206,10.671429, 9.199116,10.524984, 8.005117,12.339790, 5.177223, 6.261136, 9.686529,11.513450
15.522212,19.065052, 9.459295, 6.880612, 9.491097, 3.744691,12.253185,16.184159,13.526025, 8.102248
 8.209163, 6.680235,10.506504, 8.654064,11.054904, 7.087808, 9.407387, 8.049763,11.542450,17.199899
 7.514385, 7.097056, 9.278793,12.375216,12.085725,12.808957,14.284089, 9.937815, 5.476968,11.381579
11.758263,10.773351,12.946532, 8.190083, 8.997256, 7.049377,13.855330, 8.829724, 9.918169, 8.186766
 6.774484,16.510340, 5.775602,10.734221,17.116109,12.539482, 6.235517,12.714955,13.251918, 5.997574
13.260671,10.917958, 7.215978, 9.101228, 8.265034, 9.019372, 8.363165, 9.183403, 7.138910, 3.429659
11.193682,12.969820, 9.114966, 6.301915, 6.984205,10.411647, 8.561617,10.114477,11.098300, 9.221114
 8.791954,18.832526, 8.538405,12.369977,11.323149,11.365905, 9.625774, 4.878946, 5.576796, 5.450701
 4.716886,14.393936, 8.652847,13.614007, 6.099139, 9.919231, 5.673152,12.819722, 9.611982, 8.682429
10.606369, 6.991356, 7.081530,13.326491, 9.468088,12.720267, 9.790601, 5.922591,14.811798,14.201339
 5.581796, 6.609707, 8.500793, 9.180616, 7.852238, 9.837467,13.526220, 8.425357, 8.579983, 7.634684
 7.175695, 8.400075,12.802281, 7.567500,11.116083,11.313091,10.047658,11.194259,17.458790, 6.436190
10.500220, 5.798969, 7.049101, 9.199347,12.038612,10.904340, 7.848401, 8.668289,17.303823,10.347185
 6.169637,13.730217, 4.423770, 8.032457, 8.936155,10.128061, 8.748228, 9.753717,16.614726,16.158574
 8.575625, 9.572944,10.589728, 4.614422,17.031997, 6.416100,11.641043, 8.896078, 5.005543, 9.957609
 3.973787,10.921783,10.000078, 9.389615,13.590755, 5.955111, 8.314273, 7.596684,12.966257, 6.036466
10.169060, 9.707697,15.844712,10.169993, 9.279597, 9.818208, 9.022356,10.167337, 4.690006,12.349737
10.115424,12.023971, 6.175884, 8.830651,15.783631, 8.453107,15.832602,10.169337,12.899659,13.312876
 7.550653, 8.593876, 8.365555,14.167644,16.975451, 9.055079, 9.808338, 7.785665,14.216553, 6.577059
 5.579606,11.808567,10.996048, 8.339850,12.211147, 9.437933,10.986862,11.537915,14.846398, 8.900423
 4.522640,10.496031,17.331377, 5.449847, 8.312101,13.910645,11.476841,13.394984, 8.088347, 6.282749
11.775686, 5.663184,11.206497,12.197774, 7.973461, 9.557733, 9.407557, 7.445277, 6.325486,10.387822
 5.326598, 7.030279,13.629031, 9.546070, 5.221178, 6.866582,11.798102, 4.587721,15.276481, 9.702250
 9.086200, 6.244109, 9.401190, 4.645760,16.061953,13.119285,14.842334, 8.631947, 5.066729, 7.048943
 7.844835, 9.012326,11.510308,12.000291, 8.269203,13.240223, 8.720501, 9.191828, 9.167781, 9.752144
 5.808048, 8.839689,11.136607, 6.292649, 6.323359, 6.941517,12.660954, 8.155697, 7.765611,13.338161
15.174327,13.798392, 5.730013,11.355847, 5.641852, 6.054194, 6.182901,11.377226,11.161507,13.272320
 9.843491,14.427565, 7.265971,14.474393, 8.523420,10.878809, 7.306521, 8.725143, 7.297109, 7.858964
11.762150,10.914562, 8.112547,14.703802, 6.725831, 9.101971, 7.900574,10.617444, 9.781922,13.606935
 7.384084, 9.183810, 5.271589, 9.962089,12.960125, 5.967814,10.655686,10.513069, 8.398446, 9.880906
 8.604117,14.011588, 6.635289,12.016518,10.642331,14.872093,11.848674, 8.886278,12.093110,10.074233
 7.535025, 9.472573, 9.075599, 8.649762, 7.840173, 7.158936, 8.949504, 8.694069,13.028505,14.038558
 5.255959,11.250432, 6.056774,11.570746,11.386217,15.991064,11.058348,16.830087, 8.571870, 9.942290
 7.080170,10.089440, 7.231887,12.211099, 7.446875,11.166766,10.497613, 8.721474, 8.584467,13.024900
18.625253,11.692599,12.038605,10.384901, 8.698335,13.203263, 8.507678, 9.519295, 7.652328,11.132121
12.976283, 7.591311,15.019108, 7.666945,12.297718, 4.431859,18.027199,10.923892, 5.041304,12.322925
 8.858191,12.429386, 9.103569,11.877580, 4.131936, 7.437502,13.973054, 6.045055, 9.700335,12.125186
 7.206021, 9.478397, 9.138286, 7.493643,17.938189, 5.590945, 7.466129, 7.882085,10.174527,16.043598
 7.153919,12.527441, 8.878543, 9.956057,15.744268, 7.840792, 9.038455, 7.525160,12.703181,15.735762
 9.462665, 7.924712,17.342641,14.522523,10.751882, 8.677719, 7.299881, 6.449307,14.809526,10.496799
11.132991, 9.505280,12.334496, 7.442195,14.237830, 9.340755, 5.293096, 5.846796,14.414173,12.158600
 3.796206,12.566769, 9.682580,11.765326, 6.270668, 5.639963, 4.051778, 7.330367,18.458389, 7.847378
 9.748069, 8.693933,12.527703, 9.489950,10.736562, 6.912683, 9.305457,11.827087, 7.787616, 9.028413
 6.120228,15.023232, 6.293953, 7.387674, 8.250081, 8.738857, 9.225763, 5.635278, 6.169090, 6.635506
14.046393, 8.994617,13.467392,13.263518,13.794160,12.386552,12.051410,11.227306,12.170062, 4.105949
 4.876238,15.551543,12.153653,15.911580, 9.566017,10.614567,12.130004,10.110340,16.750703, 9.908949
 6.627715,13.859615, 9.688592, 8.275941, 8.000600,11.411582,10.076079,12.478088, 7.245413, 5.249593
 5.733660,14.195419, 7.434106, 7.147246,13.717951,12.649774,12.780456, 8.274395,11.789029, 7.189159
 9.251091,13.030250,14.577901, 9.532395, 9.527045, 6.869651, 8.136793, 9.024428,11.335884, 8.270468
 5.930547,10.268005, 8.330387,10.494038,17.026615,14.397978, 6.717951,10.976083, 8.330490,10.399655
13.307624,11.474381, 7.803669, 9.800012,11.520267, 8.989699, 9.901221, 8.670645,17.323890, 7.757108
 8.772047,13.521174,12.269746, 9.502621, 7.332849, 8.007770, 5.914793, 8.358394,11.115338,13.673963
17.071663,12.304435, 7.108851,16.918023, 8.720153,10.600278, 7.289950,10.544250,10.142846, 8.203118
12.392448,10.313427,17.487031, 8.787534,11.109463, 7.852334, 9.964384, 8.771682, 9.305790, 7.494548
 9.512898,10.934409, 7.679519, 3.625580, 5.603480, 7.079938,14.597437, 7.985070,11.986198, 9.309715
 6.771219, 7.650282, 4.418578,17.583551,12.083005, 9.359940, 8.566356,11.474598,15.499476,14.323049
 8.041565,15.311353,10.226143, 7.687062, 9.262828,11.579271, 9.062012, 8.797449,10.672453, 8.394193
 5.681387, 8.951571, 5.329145, 7.470403,17.545815,10.075872, 6.788647, 4.584323, 6.598757, 4.987370
 9.715266, 8.198006, 7.565707,14.396448, 9.629505,11.080216,12.214883,13.076922, 9.170455, 5.045857
 8.396988, 5.221237,13.531807,16.209945, 6.348715, 5.200430,13.752893,13.610213,10.568783,10.429794
 8.521961, 8.744112, 7.428037,16.963324, 7.600752, 5.929160, 8.017371, 8.267093,11.093971, 9.929380
 9.979535,11.014844,10.977122, 6.483526, 8.576268, 9.872655, 9.504643,15.174602,10.401432, 6.530993
10.285273,13.846225, 4.858351,10.216475,10.489363, 4.462872, 6.906559, 7.209728, 5.700611,14.443964
11.055315, 9.719759,17.272803, 8.994467,11.757545, 7.138212, 9.378672, 8.187960, 7.059055, 9.908141
 9.904827, 7.758943,11.621274, 8.229130, 7.829362,14.697097, 8.424470, 9.741034,12.274220,11.427426
 8.191849,16.077139,11.057826,10.675351, 7.469053, 6.799335, 6.256984, 9.638082,12.965541, 7.081627
 9.937452, 7.110958,13.451459, 8.777840, 5.548050,10.085679,10.279273, 4.418765,16.058121,11.732839
10.548960, 8.863040, 6.703847, 4.131280,16.682705,17.638387,13.401478,11.394201, 5.015382,11.148960
 5.763061,10.844885,10.457700,11.125541, 8.396771, 5.556093, 9.823558,10.742382, 8.991001,11.473566
10.143362, 6.917328, 8.620931, 6.077690, 5.421386,14.564815,11.425098,14.624162, 9.428327,10.334389
 9.303154,11.172205, 9.302072,12.743996, 7.641907,12.289902, 9.068435,11.185907, 5.572606, 7.511567
 7.264660, 8.895993,12.876632,15.839824, 9.007054, 5.140609, 6.580858, 5.969635, 8.915754, 9.928117
12.873634,10.921753, 6.518459,10.547722, 9.795885, 8.038498, 9.078375, 9.020097, 8.807987, 8.305612
11.322154, 7.120361, 8.873953,12.747961, 8.558694, 9.480426,13.639774,12.808334, 9.852430,10.253302
 9.483226, 8.024579,16.561112, 6.543749, 5.395760, 7.792352,17.616158,14.071394,10.891479, 5.012053
 7.536955,11.029832, 8.273781, 7.479119,10.679717,13.689295,10.954149, 8.259879,10.379231, 9.465093
 4.538032, 5.806012,10.604408,14.806201,11.745609, 9.022919,11.532064, 9.392489, 5.900413,11.553881
 3.384381,14.602442, 8.795537,14.174022, 5.728576, 6.848246,12.946019, 7.207318,13.078293, 6.316911
 9.221612,11.479404, 9.992667,11.853151, 5.075983, 6.932613,10.358431, 8.700642, 9.974447,11.820576
 7.444300,12.123387, 8.051441,11.759407, 8.290639, 8.231075, 9.198451,10.171433,10.820312,10.993469
11.772574,10.924369,10.961888, 8.879465,11.824738,14.928700,11.630817, 8.539373, 9.101046,10.221864
 6.285527,10.123958, 6.426020, 4.081942, 7.580896, 8.512017, 9.272168,11.488647,16.834025,13.243379
10.584338,10.026815,17.666815,15.546789, 4.224806,10.125084,13.817473, 9.463036, 8.953836,14.479025
 9.657308,10.631812, 5.554052,12.441180, 6.599593,13.063320, 8.984441, 7.607316, 6.517149, 8.464600
12.326729, 9.534770,10.211125, 8.232004,13.190441,14.268307,15.293902, 8.119405,13.060054, 9.447147
13.236919,12.039299, 5.153660,11.188966, 5.287050, 7.456535, 8.983128, 8.063726,11.884858, 9.722054
 9.214451, 7.947173,11.075232,10.723763, 7.496679, 6.946977, 8.773215, 7.138744,13.254205,12.811717
 9.048384, 4.749530, 4.940392,10.044845,14.067284,10.775348, 3.869624, 8.674987,10.891251,11.853404
12.720550,12.815986, 4.190632, 8.191862,15.360083, 9.425567, 8.412260,12.587021, 7.987242, 9.128594
 4.742738,10.742222, 9.991441, 9.119388, 7.988151, 8.915280, 9.025058, 9.219476,11.394959, 5.326007
11.924897, 6.558520, 4.489502, 9.150423, 9.405879, 5.860251, 7.588417,10.909291,14.830790, 7.401194
 8.083749, 6.709373, 5.685418, 7.432633,10.753220,14.307796,12.229500, 9.732323, 6.525255,12.820974
12.331247,15.778547,13.851216, 3.691970, 7.141867, 8.840127, 5.908266,11.584100, 7.122257, 9.820480
12.882306, 7.906558,11.466732,10.991716, 9.695652,15.028639, 8.672935, 7.946885, 7.690796,10.431085
10.194648,11.568663,14.671301,12.372512, 6.212886, 8.220937,13.373146,12.220607, 8.067821, 4.048927
10.084222,15.841878,12.343100, 5.912605,11.282594, 8.250162,10.460840, 9.539714,17.931091,10.183402
10.622428,10.750331,11.149552,10.346628, 9.833425,10.818140,12.849587, 9.088299, 6.997406, 7.660704
12.682516, 8.690157,11.270809, 8.836566, 5.830209, 5.930105,11.155256,13.556686, 9.298688,10.969656
10.844961, 8.980001, 7.484066, 9.055771,12.301236,11.074946, 4.979587,11.828949, 8.394651, 9.838371
 9.480596, 8.513263,12.750188, 7.925984, 7.920627,10.056614, 8.154133, 7.128676,14.593982,15.502308
 8.786578,15.280134, 9.730707, 9.793984, 6.706907,16.135632,13.712300,10.903285,11.305625,12.218358
13.875758,12.097836, 7.976527, 6.617675, 7.015034, 8.426062, 9.040091,16.564533, 7.297333, 7.521660
11.042145, 7.525409,10.741718, 6.600574,15.972394,12.224342,10.687702, 5.636490, 8.049244,11.864897
 8.038024, 8.639139,13.414385, 9.030582,10.555998, 9.603339, 7.827273,12.271114,12.223289,14.689856
16.966949, 7.930118,10.859489, 3.457586, 9.859846,14.601805, 8.839630, 7.840845, 6.370519, 8.111113
 7.904469, 8.168541, 9.260882,16.269603, 7.927417, 4.106237,15.179435, 7.384181,13.940138, 9.337827
13.440761, 9.209237, 9.651634,15.779378, 6.258723,13.766784,11.172140,10.279308,10.676841, 6.090598
 5.953682,11.873720,11.560167,12.190748,12.223919, 8.339321, 8.336216,11.854792,18.854417,14.026295
12.365874, 7.754821,10.184931,10.532969,13.220535, 2.871221,10.738504,13.013022,12.509904, 6.432248
 8.077180,11.936627,10.977386, 6.322977,12.895711,11.557461, 9.872937,11.281568,12.338690, 7.180848
15.462518,11.435265, 9.954155, 9.764945, 9.902541, 8.037208, 7.086386,15.847770,11.429806,15.441703
 7.445414, 8.296180,10.783983,14.267731,12.538831, 5.438692, 8.487049,12.291917, 8.736541,10.804020
 9.886929, 9.636384,17.521423,10.966192, 6.910631, 8.023946,12.076330,12.212498,11.194437,13.582627
 9.803870,11.355273,11.355325, 8.473666,13.515291, 9.245148,14.155896,12.081050, 9.711291, 9.994362
10.403172, 8.001850,11.918897, 9.120762,12.497962, 8.683188,12.712797, 6.695042, 7.188703,12.075928
11.308142,10.480166,10.198060, 6.981765, 5.974882, 7.555730,14.739632,17.251470, 7.745920, 6.843603
11.817619, 9.213910, 8.369246, 9.171801, 7.967417,13.367268, 8.520162, 4.781759, 8.920932,13.762182
 6.990182,11.375220, 5.063840, 8.529107, 7.239764,12.024534,15.128682, 6.607201,10.210083, 9.772722
14.355009,13.512753,12.026186, 5.289765,11.476010, 5.088545, 9.362554, 8.831945, 9.793645, 9.354674
10.443426,11.051329, 8.304683,12.227568,11.258308, 7.204763, 5.795821, 9.178317, 9.115481, 7.100183
15.646578,11.930001,14.722774, 9.323785,10.842535, 7.771528, 6.450496, 7.453153, 6.200943, 6.870880
 9.409405, 8.969384,14.235423, 7.550929, 7.669678,13.684411, 6.428205,10.465118,12.999658, 9.432482
11.759411, 8.342909,13.004072,14.444882, 7.671307, 7.482248,15.224356,13.061821,16.472855,11.290107
 9.087872, 9.427899,11.836140, 6.894426, 8.372570,13.336334,13.457445, 7.274766, 7.301337, 6.715433
11.039249,13.797593, 7.710116,12.282961,10.465115,14.810033,10.104407, 6.754223, 7.687870, 2.814850
 8.388000, 8.548544, 6.231939, 7.927796, 5.537714, 7.694500, 8.290094,13.195085,10.941321, 5.161342
10.659313,12.651149,11.383714, 6.941663, 8.489888, 7.344652,12.496735, 8.412649, 7.549710, 8.855516
 3.547196,15.659298,12.133133,12.381089, 8.609084,10.578607,12.633560,12.542583, 7.957484, 8.716018
 8.127358,10.214498,13.446577,14.505213, 5.940844,10.300812, 7.041425, 7.158339, 5.481004,10.163570
 8.315144, 8.938907,13.479473, 8.351928, 4.192982,16.155444,19.939626, 9.981302, 6.167233, 7.656422
 6.395840, 9.408458, 6.316151, 9.017931, 6.599274, 9.670404,11.671553, 8.022094, 4.408772, 9.831578
10.482127,10.066389, 8.366018, 9.736174,10.587539, 8.255608,12.920767, 9.674579, 9.757787,15.487455
 5.688961, 6.358447, 7.985114, 6.614192, 9.037440,15.926811,11.396459, 8.440170,10.972312, 9.616748
 5.899837, 9.486887, 8.279975, 8.590787,11.955337,12.336131,17.732763,11.217437,10.178831,10.606052
 7.178538,12.461251, 6.830154, 7.653861, 6.039392,13.529288,12.536153, 9.011702, 8.043115,12.599410
19.356514,11.942944, 8.115262,17.735832,11.734494, 8.357527,10.220075, 7.789961,13.849709,12.439975
 9.345139, 5.728695,11.243542,10.200004, 9.532557, 9.315981, 9.050329, 7.240920,10.759667, 9.734645
10.131117, 8.855252,13.534263, 7.644486, 7.502957, 9.162140, 8.261070,11.033359, 8.174611,11.332539
16.006160,13.213499,10.930792,11.623037,13.696919, 6.624513,10.374433,12.590701, 9.743680, 5.299604
11.114475, 9.813566,11.178693, 8.440312,14.717193, 5.455448, 9.006652,10.034933,14.746462,10.183491
11.754277,12.525648, 7.792886, 8.054008, 8.985984, 6.960138, 7.316029,12.549963,10.789081, 8.420845
15.881887, 8.310581, 4.538774,12.780346,12.578287, 9.583151,10.577632,14.919354,10.396801, 7.706627
 6.340369,13.402471,11.412291,13.230540,11.463880, 7.001743,13.777493, 6.372017,14.190512, 4.356882
 9.564184,10.346943, 6.188978, 9.585847,12.524087, 3.284503, 7.039973,10.934434,10.442218, 7.167650
 7.578096, 7.638526, 6.738067, 7.048544,15.701250, 7.496684, 7.163470, 8.231816, 5.334743,15.815439
11.587915, 8.918216, 9.220956, 8.462336, 8.430557, 9.471739, 8.101010,10.038046, 7.006965, 9.076602
12.137496, 7.354372, 7.774954,11.665247,12.785358,12.513336, 5.555277, 7.839038, 6.212794,12.395907
 9.057772, 7.155656, 9.026213, 5.234840, 8.717269,14.089561,11.153601,14.707192,12.325889, 9.803160
 6.081083, 7.030308, 9.969108,11.577052,18.243114, 7.529959, 7.680863, 9.613124, 9.230821, 8.545040
 6.878913, 6.531992, 7.290062,11.743393,13.047262,12.032316,16.284475, 5.893342,11.700794,11.773152
12.486457,13.631575,13.396526,10.088435, 8.552358, 5.475447,12.324146, 8.128933, 5.299551,11.384236
16.761940,14.463181, 7.921655,15.559916,12.058680, 7.697017,10.634388, 9.763524, 9.398637,10.850246
 5.269888,12.420496, 9.764825, 6.631140,15.181211, 9.498325,12.990139, 6.830453, 7.649095, 6.816501
 9.184486,16.878792,12.371307,13.081533, 8.666118, 4.102625,12.726852, 9.584794, 9.786500,10.418330
 8.301604, 9.209486,12.989239,10.237699, 5.227502, 7.071714, 8.825889, 7.263711, 7.469030, 8.335174
11.915770, 9.944861, 9.928488, 9.972871, 7.047786, 9.483629,13.947897, 8.864844, 9.286896,12.605169
11.098367,17.916562,13.390281,12.085263, 9.758052,12.790681, 7.637533,15.562449, 7.753449, 8.358414
12.512118, 9.809612, 6.570751,11.054340,11.831801, 3.842183, 7.938646, 6.557461,10.937785, 9.409619
12.200271,11.058706,13.374362,13.921930,13.886897,12.765793,17.774613,11.271978,11.541653, 5.995416
 7.673315,14.554952,11.685089,11.436663, 3.635762,11.477343, 9.380928, 8.553432,10.052096,15.950225
10.896505, 7.225294, 5.874934, 9.496829, 9.028664,18.479711, 8.647978,10.140439, 8.134397, 8.696460
 7.646740, 4.841504,12.402222, 9.674376, 5.540163, 8.957046, 8.678103, 7.862052,10.099296, 8.268885
 8.188561, 6.770819, 6.107745, 8.762829, 8.182260,11.462375, 7.546231, 7.365077, 8.654920,15.719042
 6.995194,11.481739,14.926452, 9.510966, 5.542269,13.402116, 8.919939, 7.952341,12.333384, 8.115050
 5.426765, 9.428138, 7.893535,13.096197, 6.499285, 8.106568, 7.089311,14.605795, 6.549585,11.852465
14.754338,11.836677,12.698282, 8.126410, 9.223503, 6.893336,17.074022,13.107047,14.631133, 8.786604
 9.693905,15.834803, 4.877907, 7.555281,14.489619, 5.821773,12.815652, 7.278061,12.382785, 5.674097
10.018531,12.442954,10.912695,11.412270, 7.010713, 9.705068, 9.488450, 4.462320, 3.922966, 8.454469
10.841733, 8.956053,10.207255,15.560726,14.556745,10.801156, 5.306205,14.074455, 6.809032, 7.055145
10.823073,12.283234,16.029667, 8.407662, 9.356641,10.642013, 9.666444,13.605685, 8.533179,10.568900
10.799350, 6.798431,11.774613,11.157008,11.706988, 8.054715,10.914481, 7.113205, 6.807811, 8.562564
10.100293, 9.452022, 9.055082, 8.631267, 6.685094,10.303595, 5.149131, 9.902312, 8.982125,12.313183
 8.311537,10.384398,10.405144, 4.233124, 8.780679,12.113457, 5.747606,14.398199, 9.279100,15.349215
 9.437341, 8.639088, 9.859185, 8.638180,12.286513, 6.569671, 8.212728, 9.201381, 8.302128, 6.975314
 9.744920, 5.048305,16.359984, 8.057855,10.993194,11.498424, 8.257505,12.962653,14.194788,11.533561
12.833194,15.083750,12.888380, 9.554161,14.225240, 7.535881, 5.769361, 7.940706, 9.192585, 5.641322
14.636312,13.620907,11.339906,11.257610,10.583162,15.304791,15.848850, 8.895181, 6.984925, 9.220830
 6.828257,11.301340, 7.570723,10.060335, 5.847086, 5.168911, 9.693107, 4.332625,14.048897,18.604205
 7.497847, 5.360911, 7.194814, 5.345439, 6.571552, 8.853949, 9.157678, 7.064086, 9.985243,11.808790
10.461531, 9.778868, 6.977268, 6.377279,10.994026, 7.600622, 9.699360,14.966861,11.324860, 6.017258
10.247364, 9.807809, 6.185877, 7.231403,11.434541, 9.879094,11.313203,13.912901, 8.676762,14.867395
 3.107125,14.847082, 7.368923, 7.986646,19.723112,10.470177, 7.200057,11.754981,10.601408, 8.007679
 9.021156, 7.900602, 7.053877,12.099266, 7.297719, 7.573151,11.158218,13.613263, 5.104592, 7.488415
 7.398953,11.047831,12.766959,10.803923, 9.471385,11.174722,10.900437, 5.600627,12.455694,10.661790
12.186946, 8.647580, 5.795375, 6.510174,11.072414,10.297874, 5.268068,11.771794, 8.482781, 7.286721
13.459737, 8.787938, 7.678652, 6.724904,14.125742,10.764476, 8.002704, 7.450039,11.016707, 9.265180
15.040214, 9.603010,14.792092, 9.721420, 6.999303, 4.856536,13.817068,11.826231,13.010395,12.528001
 7.620221,12.077270, 8.018879, 4.335897,13.984737,13.072609, 6.230513,10.710823, 6.156906,10.720868
 6.855389, 9.773396,12.902167, 8.587003,10.674354,12.596044,11.761771,12.292005,12.572865, 9.051210
 6.261586, 6.008984, 6.890697, 8.365282,10.577065, 7.617447,10.822730,11.601457,14.625798, 8.965259
17.369609, 6.415795, 9.689367, 7.480896, 7.248333,10.304870,10.963678,14.859091,13.091417, 7.498528
 6.986753,11.175667,10.047513, 7.285274, 5.425519,12.497671,10.262272, 9.305441,12.167405,11.882659
 7.721302, 3.858872, 8.229189,10.281632, 7.363590, 8.332140,12.704546, 7.953961,12.399031, 7.240170
14.948938, 6.085286,12.409804, 8.291010, 6.619958,13.026410, 4.540321, 5.194941,15.742172, 6.829775
10.616850,10.916668, 9.282834,14.392181,12.253884,14.905664,15.199645,11.278822, 7.319919,10.021670
 8.833973,15.034957,11.340547, 6.835884,14.800743, 9.966739, 7.309581, 6.205575,10.779504, 5.294858
 7.434319, 4.651173,11.338060, 5.774164, 7.307100, 6.436217, 9.587116, 5.792788,17.117142,12.433348
13.725949, 6.016470,13.047807,10.207834,16.473704,10.862778,12.047470, 7.643509, 7.301160, 5.811013
13.224104,13.862083,10.597945, 6.242211, 9.642290,11.990965,11.220447, 9.372303,13.596205,15.710477
 3.718357,12.986832, 5.693142, 7.255069, 3.082448, 6.725299,11.094112, 8.941802, 6.608177,11.210398
14.044943,15.154316,11.463072,10.291730,10.825682, 8.421126,15.540122,17.858091, 6.639411, 8.504467
 7.062101, 6.757979, 5.195078, 6.496700,12.490935,12.990030, 9.851994, 7.139697, 4.291747,10.544423
13.456311,11.333907, 9.336454,10.803057,14.210047, 8.881345, 6.640321, 7.741363, 8.632741,13.817109
 7.469293, 7.709511, 7.974674,11.456713, 7.487531,12.750613,11.609291, 7.749341, 7.588569, 9.047758
 4.723738,16.562436,11.501750, 8.602230, 9.131837,15.270036,12.114158, 5.577310, 7.828839, 9.000577
11.886440, 5.343453, 5.983080,11.998507, 9.932413, 9.049151,12.719762, 7.084231,11.697697, 6.647853
 5.723844, 7.015163, 7.095324, 5.542384, 9.114394, 6.795341, 8.507978,12.299325, 9.666357, 7.019381
15.068542, 9.377820,16.562210, 6.573038,13.661010,12.378797,13.767091,15.091221,13.404154,14.808914
 6.576229,19.749727,11.401964,13.740382,11.638979,11.554745,10.985656,13.448152, 5.509315, 8.312349
 5.289676,11.058445, 6.857562,10.191927,14.464174, 6.164266, 8.611666,10.388202, 8.588663,10.316897
11.528503,12.766195,12.552938, 8.395908,17.735011, 8.380002, 9.806920, 8.996904,12.785733,12.946402
 8.364688, 6.814597, 5.131217,17.191099, 6.002694, 9.832359, 5.258099, 9.474734,10.615416, 5.507263
12.121020,16.893144,13.213827, 9.618484,11.844322,13.215969,11.137561,10.730397, 8.003063,13.767565
13.793499, 7.545418,14.123435, 6.557169, 8.578954, 4.465484,10.919459,10.725615,10.350140, 5.992906
16.645697, 2.958442,10.838455, 8.519427,11.018137,14.479077, 9.602335, 8.099834, 9.640083,11.795926
12.024049,13.419284, 6.866582, 8.383170,10.074379,12.565471,12.950655, 9.499370, 5.710290, 7.023045
11.189073,11.528207,13.001139, 9.305108, 7.969129, 9.294340,10.702310, 8.241000,11.878328, 8.840863
13.856190, 9.446123,13.211204,11.117126,12.884681,11.071387, 5.596622,10.768597,10.023401, 6.435447
 9.901330,10.313683,11.895261,10.245356, 7.803729, 3.686349, 7.844871,12.994443, 7.032748, 7.153012
 5.596801,10.056537, 8.043429,12.924888,12.417372, 8.041210, 8.996510, 9.491834, 7.443510, 8.321054
13.935234,10.943887,12.050806, 9.816293,10.907114, 9.409662,10.351542,11.663732,10.203047,13.998519
17.189561, 5.205864,14.955823, 6.900620, 7.673355,12.244231,15.136840,18.489464, 7.151303,11.351171
 7.802904,11.004701, 6.925241, 7.110222, 6.279114,11.399655,13.261408,11.731352, 7.217001, 8.243082
 5.262906, 8.775876, 6.089396, 8.485304, 9.909873, 9.519229, 6.608679, 6.617313, 6.418157, 8.871787
 9.738192, 7.340450,10.199437, 8.685561, 9.230955,12.274028,16.760014, 3.712507,12.396599,12.452028
14.788078, 6.532319, 3.819676,14.997329, 5.251475,12.651656,11.758279, 4.471766, 8.957368,14.523449
 9.995616,12.841539, 9.917852,13.960430,15.411096, 8.240623, 9.073740, 4.404272, 9.060071,11.787894
 6.383953,14.138372, 7.899101,12.463675,10.267444, 8.835007, 9.387171,10.901237,12.256383,14.046099
 8.870383, 7.985745, 6.992597,12.030160, 9.884752, 8.375872, 9.905998, 6.535621, 7.880314, 4.523809
12.801891, 3.841304,12.122812,11.193450, 8.161306,13.709478, 5.087404, 7.693846, 9.840265, 8.969503
 7.821916,15.255872, 9.370943,12.532790,11.485087,11.037556,12.024587,11.833002,14.092487,14.951005
13.396569,13.009307, 7.295022, 6.019703, 9.365828, 8.261435,11.102702,14.212997,10.412813, 6.690805
 8.341390, 9.161692, 8.766317,10.406100,11.014418,15.496478, 6.185131,14.034965, 6.754044, 7.218444
 8.163499,12.667092,10.379224, 7.259506, 7.915871,12.655499,11.525061, 4.347784, 7.897343, 9.915437
 9.410642,12.944852,14.633709,10.035760,11.091594,11.988003, 6.527258,11.061635,15.254958,13.985656
10.107731, 6.856209, 7.964899,13.969047, 7.381790,10.327325,10.959824, 6.759574,10.090322, 9.836285
 7.336647,10.491867,15.292002, 6.523684, 4.557056,10.241625, 7.959722,16.590790,13.599796,11.584363
 6.477605,12.714383, 7.812398, 8.787738,14.922269,10.852460, 8.052955,13.199255, 5.235849, 9.759379
11.912863,13.516116, 7.908687,11.046578,12.454756, 8.298192, 9.269499,11.257116, 6.972610,11.408567
12.008023, 8.445353, 7.574728,18.202666, 8.103942,12.043310,10.132141,10.417397, 7.531559, 7.835123
 8.409128,10.780712, 6.348637,14.501594, 8.244538, 4.845134, 6.970151, 8.429896,12.458848,12.524839
 6.734800, 8.051792,11.757843, 8.446921, 3.916268, 9.608707, 8.780598,10.875890, 7.329448,11.573457
 6.625552, 6.769581, 6.886339, 7.444801, 9.990151, 6.969592,11.028805, 5.299321,12.577614, 6.764876
 5.563659, 5.888907, 4.504205,15.896092,10.267793,16.567774, 9.889007,10.048647,14.352606, 5.607267
12.520592,14.129201,14.650859,14.000276,12.865724,11.770006,13.095005, 7.906146, 7.365158, 9.668729
 9.057463,10.558844,16.197099, 6.910841,13.270168, 7.101746,11.593349,12.484685,11.908686, 7.788476
 8.585552,14.111172, 7.739298, 8.712833, 9.313594, 7.158048,12.341080,12.543766,11.093522,15.502641
 9.063924, 9.721210,12.761315,12.710229,12.842422, 6.208837, 9.999116,12.135526, 5.211587,10.456795
 9.923097, 8.677606, 9.939720,15.210717, 8.529189, 5.841350, 9.249472, 6.251329,10.480675, 6.594390
 7.631641, 9.662504, 8.110367,10.314790, 6.623971,13.034301,12.141380, 5.531128, 9.196295,10.612075
 6.512795, 9.119779, 8.267447,10.296700,16.429772,11.984161, 9.190853,10.576996, 6.837362,13.543678
 9.852505,16.614992, 8.547437, 7.993310,10.215316, 5.623142, 8.763596, 6.883264, 7.254115, 5.055421
 5.392950,15.281265,12.517200, 8.044595,13.641901,14.032303, 7.799732, 9.998623, 8.727771,11.150069
 5.850878, 9.913396,15.675565,11.280733,11.852044,10.631708,11.255455, 4.556611, 6.136993, 4.788106
15.129247,11.063408,15.693768, 6.777502, 7.704174,10.024438,12.962684,10.477416, 7.222699, 5.534932
 7.449611, 9.771709,19.086713,12.035791, 8.885914,10.294715,11.665767,12.933849, 7.050956, 8.772494
 9.818956,10.353432, 6.625084, 9.211154,13.130280, 8.617706,13.298210, 6.951823, 7.820734,10.836971
19.644560, 7.509205, 9.026231, 7.044452, 9.327053, 5.783116, 6.546305, 7.558595,12.057676, 9.603544
 8.373254,11.824199,12.453133,10.274411, 8.704626,10.175529,15.922541,13.832644,10.331077,19.654861
11.116491,11.732470, 8.935754,15.200834,11.074006, 6.446113,12.608696,11.365611, 4.659623,13.159107
 5.200651,13.083300,13.889045,17.701953,15.308973,16.884000, 8.844834, 9.507162, 8.382329,10.032716
14.079313, 4.973684,11.042629, 8.621743, 8.914764,13.015039, 8.184745, 8.587330, 6.782782, 4.983975
11.585507, 8.512010,12.207295, 9.552434, 8.374895, 8.721623,10.060732,10.370329, 5.725264, 9.166090
13.580335, 9.168654, 5.513326, 7.620812,10.192692,12.946288,15.055184, 7.961243, 5.269230, 6.993743
 9.533303,19.783398, 6.400922, 9.703919, 5.859175, 6.052375,14.026543, 9.498781,13.390824, 6.832763
13.467319,10.282047, 6.952930, 8.021147,14.836618, 8.360930, 7.504591, 7.289811, 6.209586,16.616172
 9.894530, 5.904539,11.728463,10.186751, 8.731869,10.549686,12.813766, 8.454408, 6.308053,13.598510
 9.579144, 7.711751, 7.979577, 9.481470, 5.303076,10.551624, 7.420621,10.882455, 9.761787,10.893971
10.520651,10.288144,14.478441, 9.002907, 6.391503, 8.628281,11.188776, 5.925222, 7.240772, 7.831696
10.231818, 8.651509,10.085769,10.020761, 8.749262,10.762192,11.642847,12.556522,10.132201, 7.538964
 6.695365, 8.527358, 7.064370,10.791351,15.005484,11.526466,12.981596,10.280938, 7.488618, 8.364617
 8.313225, 9.012217, 9.530356, 5.220633,15.107517, 5.795355,11.266016,12.382087,17.661871, 7.448453
 9.881276, 9.203626, 4.879415,12.395280,10.101951,11.306182, 7.877352, 7.806917, 7.512521, 6.809949
12.529020,15.902294,12.282956, 7.167931, 9.067312,10.523004, 6.845939, 6.466059, 6.154761,10.815403
 6.361999, 8.943972, 5.359675, 3.936214,12.253141,18.415053,14.186727, 8.639457,10.911695,12.290468
 5.143462, 7.053545, 7.716067,11.834721,16.987105,11.923816,10.672341,14.362181, 9.409206, 9.813740
12.499820, 5.756492, 6.855014, 9.171112, 8.938002, 7.948755,10.685351,11.684878,12.107356, 6.387689
 7.916512, 6.298963, 8.935480, 9.023580, 7.888931, 5.623483, 9.301913,10.915260, 8.321096,13.049175
 4.587966,13.331488, 7.962447, 9.938548,10.551682, 4.517380, 7.169249, 7.368706,11.989143, 7.854339
 8.302184, 7.275566,11.064477,13.189724,13.552244,13.192688, 4.484274, 6.151532, 9.319155, 7.754970
 9.238661, 4.035357,14.728036,13.548259, 8.051831,15.285249,13.780661, 9.640440,11.997817,13.179205
 7.269210,12.464491,11.324815, 6.572913,12.663115, 9.847211, 9.906152,12.824166,10.741680,18.003289
12.575228,13.434778, 9.611139, 9.531608,13.127496, 7.153194,11.532405, 9.662670, 5.004256, 6.875359
 9.316856, 9.411950,11.920860, 5.232164, 7.605504, 6.009789,10.408220, 7.649646,11.345691, 7.339710
16.032754,10.139449, 8.632661, 8.051239,17.510506,17.412671,11.511537,10.106149,13.786630,13.940730
12.869922,12.133329, 7.406506,16.796634,12.380382,12.324922,14.532389, 7.587976, 6.342804,12.620924
10.192407, 8.184135,10.770628, 6.968273, 8.412483, 7.306823, 9.446045, 9.625632,10.589684, 6.305922
 7.573785, 7.612441,10.131776, 6.480100, 9.723450, 6.069680,10.527349, 8.424219, 6.283858,13.600945
 8.744326, 9.986416, 9.386650, 9.580954, 9.344145,11.051663, 7.010144, 8.240688,12.139423,17.350611
 9.702860, 5.979298,13.939686,17.115103,16.899050, 7.393494, 7.994063,10.040795,11.593945, 8.951540
12.144601,11.907957, 5.910952,12.183140,11.538451, 7.400800,11.102071, 6.269399,12.573098,11.906576
 6.974219, 8.079058, 7.052110,15.524328, 6.437149, 8.229585,13.218043,15.185171, 9.537577, 6.382193
10.103511, 7.925863,10.664045, 7.995846,13.183222, 6.895978, 8.129081,14.528236,10.859805, 5.131914
10.487486,11.691775, 6.236064, 9.374885, 5.046970,11.874065,15.424261, 8.753889, 7.686572, 8.054507
 8.138711, 5.344525,13.942522,12.481610,10.992302, 7.753020,10.681352,12.327512, 5.447738, 5.454491
 6.951859, 9.416968,10.206646, 7.384983,11.875409,11.010787, 9.231077, 9.886998,13.326242, 7.251541
11.012908, 7.659826,10.964655,13.692063, 5.792960, 5.204745,12.035657, 4.846146, 6.704470,15.346752
19.034573,12.355018, 9.484789,12.918353,12.244324,13.795725, 5.590745, 9.909947,13.845740, 6.682731
 9.053441, 8.535049,11.645782, 7.500780,12.166509,12.506696, 9.258181, 5.091949,12.157708,11.129513
12.649565,14.205397,10.768268, 9.221773,12.375517,10.297700,19.544306,14.685932,13.991241,11.393201
 6.684103, 8.373563, 9.325585,14.187845,12.611714,13.816209,13.661653, 6.044199,11.570306,13.552674
 9.624999, 9.877289,14.316642,12.757155, 3.978732, 6.329221,17.028611,10.689306,10.890042, 3.413586
 8.678309,12.537951, 9.423773, 9.551314, 8.325375,16.852645, 5.475284,15.556841, 7.945022,11.152262
13.023621,10.673623, 9.769865,11.006237,14.408064, 7.539869, 9.362301, 7.263107, 5.506514, 8.156838
 9.926885,18.137363, 5.321954,11.933390,10.211038, 9.679357,11.810879, 8.094730,10.032843, 9.227039
17.583780, 7.272190,11.527981, 3.010201, 6.928232,11.268685,12.238377, 7.216803,11.173856, 6.072442
 6.170418,12.931405, 6.954187,10.792723,11.984638,10.547602,10.191399, 9.242503, 7.965406,12.677305
 5.791682, 5.895656, 8.210476, 5.875795, 8.743726,12.582097, 7.126613, 5.853761,10.491272, 9.021675
 9.198822, 7.595411, 6.765918,14.327894, 8.239553,14.953077, 6.727221,10.573919,13.769933, 8.190989
10.258977,11.301584,13.911164, 9.181563, 9.309916,13.725783, 6.065437, 5.723836, 8.690332,11.515194
 7.745565,16.643291,14.217328,11.279277,12.305989,11.475053, 9.827278,11.026112,19.689260,15.266589
 6.524788,12.692790, 8.116044,14.480930, 8.696640,11.102064,12.137985, 4.594006, 8.406063, 9.292204
 8.485129, 8.128276, 5.376391,10.070161, 8.973012, 9.117360, 3.575570, 7.564849, 7.931387, 8.532639
14.361594, 8.807789, 4.151098,11.599173, 8.225475,13.144516, 8.936380,12.518346,15.010184, 8.056124
 9.605845, 9.340020, 7.540452, 8.672660, 7.781123,12.199050,11.121565,10.013088,14.083237, 9.285403
 9.307119,16.702897,13.999669,15.638039,15.898862,10.119113,13.707111, 7.146215, 4.321668,13.685465
 9.666088,14.421956, 5.503897,11.132677, 9.823994,11.240857, 9.070588,11.332390, 7.147291,12.579874
 6.633699, 6.002632, 7.421974,11.347824, 7.101630,10.795676, 9.388254,13.960509, 9.869540, 9.123515
 9.449004,10.062014, 7.105019, 8.592926, 7.293507,11.688142, 7.771669,10.307906, 5.971724,14.392131
 6.653755,10.282461, 7.763496, 7.743810, 8.283364,12.929917, 7.090513, 5.152789, 5.610306,13.348092
14.369590,13.998040,10.812994, 9.016619, 7.387768,18.147766, 9.486007, 7.551036, 7.506553, 6.146144
12.105264,10.715118, 8.954216, 7.355617, 3.635282,11.128190, 7.439415, 9.865918, 9.790969, 3.328913
11.702617,10.022748, 6.977464, 6.435690,13.241953,14.041299,10.486585,17.895670,10.289292,11.734023
15.887001,11.925789,11.528426,11.108000,13.092232,12.007280, 7.588862, 7.305757, 6.751741,11.515538
13.244882,10.483699, 6.830175,14.116956,11.019353,10.787908, 9.406089, 8.229856,10.357471,14.421726
 5.627320, 6.748635, 8.424762, 4.535920,13.622094, 8.939886, 9.083988, 9.609544, 8.498686, 6.892734
 7.664475, 9.781711,12.662876,11.698028, 8.503015,18.012364, 6.971856, 8.334342,10.397678, 4.787285
10.862661, 7.170897,12.093069,10.176653, 8.258239,16.037397,11.972753, 7.877793, 5.933696,14.597697
14.637130, 7.374637, 7.652402, 6.615831,10.073070, 9.422610, 7.405932, 8.792516,13.682647,12.947366
 7.353624,10.221364,11.311327, 7.670522,15.632612,14.650856,14.597286,12.619643, 8.454720,11.112094
12.568211,13.085465,12.240050, 5.845220, 7.219071, 8.384107, 6.008466, 9.453323,14.459095, 9.246518
 9.264365, 4.786504, 8.937530,11.798391, 7.112995, 7.868860, 7.495403, 7.795443,10.375643,15.894061
 4.718864,16.560502, 6.993693,14.619685, 8.267607,13.199155, 9.266144,13.032006,11.973382,10.431666
 7.416634,10.714770, 6.400597, 7.921600, 7.762327,10.462889, 7.108085,11.432747, 8.279973, 7.277404
10.053806, 4.941612, 8.670417,14.422625,10.848568, 9.102802,17.231925, 7.869143,10.435982,12.581266
 8.074432,11.354392,12.528304, 8.874663, 6.456541, 9.685420,12.643845, 5.463508,13.026081, 7.263159
 4.509310,10.228871, 9.064565,10.301396, 9.120073, 8.063161,15.450123, 8.495396,11.114552,14.922977
11.533653, 7.751857, 8.527971,11.199511, 8.412464,14.040735, 7.809341, 9.260705, 8.565665,15.367557
15.681877, 6.989119,10.326945, 9.213874,10.276720, 7.135675,18.151619,13.899686, 7.233600, 6.321709
 6.718457, 8.363662, 8.239744, 5.685802,11.392118, 7.350146, 9.093992, 8.984239, 5.401309, 8.240034
11.126376,15.787744,12.180421,12.365253,15.364386, 3.928144,14.224048, 8.195221,11.942239,14.208175
 5.334004, 7.322682, 9.997526, 8.186125, 7.874543,11.504075, 6.235791,12.817566, 8.826834, 7.146698
 6.530285, 9.168288,10.850653,11.088176,11.157098,12.123077, 9.188267,15.731505, 7.719605,14.898931
 6.044598, 7.665435,11.525379, 5.924976,12.313748,15.669453,14.342365, 6.442510, 6.448590, 7.942127
 6.671653, 6.605774, 9.711421, 9.751124, 9.737769,12.144175, 9.659903,16.221726, 7.291452, 7.931219
 6.208340,10.051645,12.936381, 5.470746, 5.414447, 7.452546, 9.276830, 6.667531, 8.270441, 9.027884
13.456512, 8.629491, 4.526910,14.262348, 9.806415,10.673744,18.719491,12.396235, 5.856846, 7.198906
 8.082446, 6.987368, 8.879278, 5.536619, 7.073923,12.145478, 7.900615,12.803740,10.952138,10.502415
 7.521488,11.206457, 9.427001, 7.781327, 8.783247, 9.924430, 7.816625, 6.253333,14.553710,13.102425
 3.715815,13.150748,13.285400,11.988999, 8.744499, 8.604872, 9.058963,13.165061, 9.198166, 5.638360
 9.342487,11.793488,16.828837,14.178838, 9.887593,15.265497,10.763544, 8.114149, 9.021956, 8.329510
14.975894,13.849995,14.297359, 7.856943,10.266110,14.274421, 9.291069, 7.856401, 9.635104,11.771968
 7.482637,10.888647,13.113499,10.006068, 4.075674, 8.958825,10.888341, 8.883540, 8.199640,12.868411
 9.587860, 6.765248, 9.695548, 6.528522,12.778578,10.306378, 6.162741, 9.529962, 9.826067,10.835518
 9.307536, 9.358298,11.962347,10.889792, 7.707849,11.516692, 8.054924,11.572694, 4.233870,15.578795
14.414443,10.369941, 6.499230,15.459645, 9.217881, 5.582634, 9.657999,10.960675, 7.808174,17.931300
 9.236168, 8.883136, 8.141108, 8.444039,10.292168, 7.129272, 6.160263, 7.120733,11.226592,10.186967
 8.797801, 8.224012,10.055410,10.440119, 9.108962, 9.231379, 7.663172, 8.785806,11.000417,11.858118
14.310021, 9.208413, 8.329184,11.281394, 9.885417, 8.926231, 8.263379,10.403253,16.699476,11.473344
 5.951413,12.321643, 8.052141,10.536692, 4.673101, 7.770502, 8.152437, 4.822134, 9.843892, 8.600824
 7.875572, 8.721320,10.383624, 8.971828,12.442895,12.871237, 7.697714, 6.315952,11.298717, 7.444958
 5.499975,10.573503,11.168404, 5.233631,17.321958,19.070131,12.009348,11.749347,12.884662,10.307188
11.243663, 9.947437,11.963470, 7.570585,10.032554,13.489117,14.033310, 6.841826, 7.900752, 5.597886
10.157447, 9.717206,10.113730,11.814359,19.444503, 9.082020,10.931629, 7.323883,12.274540, 9.393742
 9.502433, 7.541318,12.654425,18.596817, 9.933990,10.196338, 8.641879, 6.195947, 9.043810, 7.795106
11.255232,12.168499, 9.746467, 6.112878, 4.512431, 8.862038, 7.937729, 4.584435,12.985318,12.435001
 9.189449, 5.782538, 9.400961, 6.190150, 9.383532,11.542766,16.191514,14.026207, 9.151513,12.723705
 5.051133, 8.771881,11.321841,10.756898, 9.725505,18.041853, 9.810820,19.861704, 7.395989,12.101537
 6.171230, 6.551438,10.523043, 8.571077, 5.617152,10.557640,13.804610,12.389938,11.228537, 8.936297
 7.120225, 9.915533,10.262998, 6.605907,11.504817, 8.914790, 8.174616, 8.857584, 9.235122,11.632530
 8.656104,18.886122,13.671651, 9.654665, 7.224396, 9.886654,18.954588,14.769968, 8.000780,13.841255
15.162306, 7.554734,10.540163, 7.081267,10.370240,13.538289,10.383076, 5.454596, 6.138575, 9.769752
14.152401,12.149414,11.810739,11.334907, 8.629148,17.585418,14.673822,12.329807, 6.803456, 7.748654
10.584797, 3.732915, 6.389470, 7.801828,12.024572, 6.103625, 8.541956,12.156216,10.836251,19.712168
12.952214, 9.459673,11.705862, 8.784179, 9.046781, 7.876057, 6.068092, 6.178768,10.553167, 6.867772
 7.184837, 5.888034,11.631799,12.617428, 9.690299,11.178001, 6.302199,17.902899, 6.995059,10.708678
10.807192,10.410343, 6.300265, 8.497893,11.417471, 5.290324,13.900461,13.353358,10.412357,13.741108
 6.919721,14.098700, 7.688491,13.420443, 9.532333,11.977715, 7.864599, 8.684354, 2.883929, 8.286315
14.378463, 6.106579, 9.951945,10.731526,15.379161,10.504012, 9.996796,13.039447,12.038998,10.027865
12.366669, 5.537249, 7.067027, 8.028859, 8.521723,12.812158, 7.556041,11.259046,11.101238,13.122238
 6.163182, 7.347576,12.670822, 7.464115, 7.046721, 7.855429,14.682042,13.935538,10.820292,11.148113
11.307499, 7.702942,17.440430, 6.193169, 8.604013, 7.112749,10.611574,10.654885,10.435117,11.359640
 7.438761,14.027665, 9.408999,12.107602, 6.898099, 8.613963,10.393352, 7.479139,13.624436,15.329277
 7.564110, 6.558768, 8.714593, 9.222542,13.926572,11.859755, 7.757853, 8.340081, 9.950581, 9.181737
 6.985799, 7.175249,10.784699, 7.066606, 6.526514,10.152334, 8.845360,12.733256, 4.986796,15.304040
 6.662860, 9.386953,14.085093,10.769782, 7.374251, 9.347719, 9.014850,10.035156, 8.836058, 7.121797
12.238721,16.063561, 7.672260,10.657957, 4.757339, 5.820695,11.635177,13.379455,10.592979, 5.270041
10.620507,10.162406, 6.359496, 8.506280,11.314535,19.214587, 9.420338,11.060940,12.275633, 5.386177
10.188143,16.285708, 5.485119, 8.279636,15.432474, 7.766717,12.151617,10.003185,12.376901,11.211029
 4.378191, 6.950119, 7.569191, 7.574918,10.728420, 8.126813, 7.871276,14.274353, 8.255108,10.155205
10.437510, 6.471227, 9.327778,13.621506, 6.739553, 5.993022,11.191582, 6.446982, 4.032702, 8.039823
11.702115,10.029337, 6.970912,18.092796, 8.459969,10.886590, 5.082765, 6.879857, 7.960307, 9.573340
10.820021, 5.825612,14.331665, 8.111650, 5.901738, 8.326482, 6.999476, 9.880984, 8.908901, 7.918096
 9.623760, 9.079225,11.042808,16.144158, 4.688287, 8.266840, 6.368669,10.820234,11.730269, 9.766532
12.806416,10.126722,13.586538,11.967621, 9.412503,12.820900,10.650202, 5.135953, 9.054172,16.305831
10.536897,14.390493, 3.893963,17.214644, 3.122666,12.148722,17.212370, 7.463743, 6.412368, 6.814368
 9.379252,10.881658, 8.145878, 9.376436, 3.664150, 4.754614, 7.469546, 9.215510, 8.303063,11.920925
13.249733,10.735150, 7.379575, 4.586763,10.758235, 9.995086,18.004278,10.557234,11.624263,13.687913
 8.925973, 6.715373,10.471028,12.775012, 7.712551,12.502963,10.115526, 6.268782, 4.712377, 9.425802
10.724882,12.612040,10.837009,12.161231,14.111675, 9.269824,13.151041, 6.913858, 7.355077, 7.698806
 7.181565, 4.343030,11.463914, 5.362362, 8.840361, 7.020039, 8.337575,13.700817, 9.457693, 8.413637
17.150228, 7.090055, 9.224720,10.142560, 9.148070, 9.158607,10.772904, 9.595769, 6.387544,12.039824
 9.366505, 7.519720, 5.661175,17.576151,14.974492,11.536802, 8.881003,10.438051, 8.098109,11.285867
12.214471, 9.640002,10.593475, 8.568220, 7.426793,12.441820, 9.106327,14.437600,11.426468,10.711310
10.140840, 9.422470,14.285577, 7.620107, 6.233416,16.059324, 7.408096,10.639257, 8.010573,11.696867
10.468812,10.683028, 4.401157, 8.449089, 8.874383, 6.417435,10.005434,12.315485, 6.291752, 6.026601
 9.133150,12.604060, 8.863278, 6.437254,10.295372,12.722396, 5.808225, 7.244900, 6.474281, 9.658828
16.590703,16.527257, 8.328289, 8.987649,14.672353,14.248994, 4.945557, 7.785332,10.303412,15.172933
 9.745265, 9.716371, 4.875184, 8.554044,10.206631,11.232107,10.562592, 9.132150,13.102106, 3.561904
16.289503,12.404796, 6.810416, 4.441524, 9.412602,14.081426, 7.135060,10.693792, 9.435273, 7.602720
 9.278016, 6.630269, 8.229707,13.576404,12.651977,12.269939,12.070622, 8.807585, 8.453165,11.346869
 8.495388,12.802270, 7.296729,10.178030,15.565843,18.254025,11.332650, 8.394809,10.897658,15.398293
 8.191794, 5.381342,13.102206, 9.545280,12.315944,12.437163, 6.300533,10.739837,15.744892, 6.613216
13.476302,11.108862, 5.722078,10.499244, 5.386464,12.114787, 8.546431,12.973901,16.463373, 7.609076
13.288953,11.889345,15.264785,13.279377, 7.352977, 5.737188, 9.146834,10.034686, 8.831648, 7.082623
 9.210382,10.367393,12.573058,13.351112,12.162939, 8.997539, 7.820858,10.758494, 7.810336, 6.577643
13.453040,11.947590,13.952603,10.140684, 9.782576, 8.281605,12.480796,10.555739, 9.119023,11.800622
16.887239,16.278304, 7.704024,13.497734, 7.981004, 8.900942,15.398965,13.637207, 6.880917,13.226920
15.241956, 4.688913, 8.730549, 7.932636,12.110984, 9.472266, 7.854633, 8.944589, 8.176013, 7.241736
10.081780, 7.139225,12.819675,10.426694, 7.817473, 4.770968, 6.142221,10.223827,10.500681,11.600899
 8.992518,13.111776,13.444435,11.277252, 7.462346, 9.552509, 9.610366,10.260739,11.590041, 9.375930
 5.908195,10.802773, 8.131050, 9.300526, 9.821712, 8.246498,14.777030, 7.617494,12.828078, 9.665483
 7.399913,10.956185,15.658944, 7.227150,10.847696, 8.649804,13.252975,11.995239,11.442685,13.063862
15.284829, 9.380304,16.321125, 8.449548,10.026478,16.064503,10.795615,15.290447,12.325107,16.122116
10.099307,11.200035, 2.959771, 6.665795,12.351123, 4.960270, 7.021429,12.559861, 9.971494, 8.667385
16.817843, 5.527866,13.290934,13.489804,11.083988,10.132047, 5.655694, 8.842264, 6.431873, 8.514646
10.358590, 7.534640, 7.677927, 7.721951, 8.443528, 9.361810, 9.323136, 8.246818,10.752223, 7.900271
 5.739612,16.676468,10.521820, 9.379156,11.198830,11.953733, 7.362684, 9.800330, 6.681573,10.427984
 9.844013, 7.514154, 8.846852, 8.102379,13.202793,13.638243,12.275768,10.507165, 8.921379,15.717573
 9.590498, 7.174128,19.699435,15.103906,11.481357, 9.070356, 9.899950, 8.863824,14.505427, 9.436108
12.911881, 8.299375, 9.906565,14.624400, 9.107294,17.607746,10.784974,12.133952, 8.209933, 6.350942
 8.115505, 5.823063,10.780850,10.374016, 9.560202, 7.180445,13.593429, 8.820922,14.952118, 4.152220
12.706344, 5.138088, 6.313593,14.500156, 8.832308,17.742540,12.191572, 3.975439, 5.926588, 8.614146
10.918183, 5.099575, 6.319291,11.071115, 5.659689,10.354404,10.191743, 8.134340, 6.146537, 7.509652
 9.549151,13.031156, 6.799966,18.491218, 8.347227, 7.502200, 6.387733,14.626367,15.175309, 6.991105
 7.015175,14.486630, 7.604234, 7.364980, 6.760648, 6.140697,13.635034,10.300587, 5.058989, 9.852644
 8.068730,13.096129, 8.556321, 8.201419,11.411485,12.902789, 8.630789, 7.920408,15.002062,14.748731
11.219888, 5.703909, 4.822329, 6.463020, 9.091962, 7.747617,11.387487, 8.302150,12.100227, 5.233369
14.093382, 7.712959, 8.137124, 3.210220, 8.905264, 5.166216,12.739549, 8.156297, 7.611717, 9.411063
 7.712642, 8.045467, 8.706539,14.021269,11.662974, 8.339220, 8.815638, 9.077555,14.370981,10.415374
11.053382, 7.079251, 9.960157, 5.639721,12.055570, 7.763114, 9.839917,11.776023, 9.947987, 7.436053
13.338281, 6.095581, 9.400178,11.202784,10.386977,10.734683, 8.289415, 8.885803, 9.523796, 4.887376
 9.872863, 6.504818, 8.377891, 9.499553, 7.762818, 6.648205,10.732039,10.572582, 7.007603,17.093458
11.904294, 7.074049, 8.514793,12.191447,13.133839, 6.145714,10.226688,16.079102, 6.321974, 9.841438
10.578173,14.287793,10.226702, 7.867769, 6.679327, 6.912049, 8.433304,11.687881, 7.221174,12.002764
 7.072331, 9.846832, 6.787129,17.187959,10.268060,12.051641,15.747093,10.416751,11.545024, 9.956886
17.450323,10.152318,13.919490, 8.742762,10.209846,12.801394,14.736296,16.604912,19.750139, 9.688584
13.218455,13.920706, 8.605291, 9.839421,10.259274, 5.119039, 7.608521, 6.009712, 9.790374,11.430469
 7.414859,14.017160, 9.144776, 8.959061,11.250841,10.755812,10.624449, 9.741551, 5.457825, 6.923868
 6.049944,10.670648, 9.907520, 6.597080, 9.905238,13.594230,12.114833,13.359499, 6.704183, 6.823673
 6.728577,10.224710,10.946336,11.548633, 8.575140,10.303377, 5.309768,11.686324, 8.831210, 8.011230
 9.458153, 6.839837, 9.421716,10.097338,12.647432, 5.113969,16.220078, 5.411674, 9.572201,11.647363
15.482257,11.381358,11.408666, 7.373433, 5.725027, 9.453378,11.161898, 9.192818, 9.035868, 9.211776
 8.289683, 8.713786,11.975484, 9.666662,11.383485,10.663577, 8.499886, 8.183245, 7.733762, 4.502008
 5.077447, 7.863886,11.621835,10.336989, 8.957357,14.792630,18.202278, 5.749714, 6.167416,13.581559
 4.244932,10.537273, 9.567288, 9.834063, 4.438901,12.200134,10.983493, 7.585037, 9.638095,15.508410
 7.099493,12.077504, 9.845750, 6.183184,16.259891, 8.289134,13.974653, 7.632786, 7.546762, 7.441001
10.119480, 7.338479, 9.896719, 6.983348,13.286580, 4.782070,15.182224, 9.019724, 8.785946, 7.686721
 9.918546,10.673354,10.768053,14.206581, 6.299869, 8.933881,15.512264, 8.714071, 6.378599, 9.878337
14.224103, 6.699532, 9.915277, 6.783572,14.315680, 8.661814,11.642873,15.187750,10.248837,12.893794
 7.424774, 9.278642,10.813092,12.464064,13.436377,12.690689,11.866964, 9.057465,12.896506, 8.000276
13.295003, 7.063206,11.125560,12.440773,12.404334, 5.941712, 7.040394, 3.542104,15.588498, 8.482019
11.262120, 9.730937, 8.962931,12.712738,10.727485, 8.586696,15.307645,13.347139, 4.682203, 6.672666
 5.349415,11.051942, 5.413727,12.601253,10.586178, 9.788024, 8.573972, 7.081834, 7.972508, 6.583115
 7.140015,12.899938,10.329608,11.379202,12.655759,10.431241, 6.090369, 8.631431,11.176401,13.136054
 8.291191, 8.718637,12.228386,11.082830, 9.635888,11.563468,18.750929,14.718629, 7.104022,10.678527
15.647147,11.432041,10.271824,13.932356, 7.226905, 8.788144, 4.272486, 5.626812, 7.956066, 9.219921
11.623424, 7.412968,16.012723,15.587564,15.923093,10.132050,10.525999,11.926330, 6.650690,12.314246
 6.690905, 8.524699,10.157476, 8.590123, 7.275185,15.206093,10.137693, 6.626883, 6.475033, 5.222196
10.444426,10.756510, 7.348999, 5.500287,13.975938,15.918547, 6.139796, 9.121359, 9.471944, 7.950522
 5.118029,11.892672, 7.649957, 4.162216,11.297429,12.802655,11.039333, 3.541751, 8.665760, 6.907125
15.401807, 7.146742, 6.246125, 6.823206, 8.585233, 7.673774, 8.580195, 7.553725,13.361681, 5.851927
12.237427,10.810428,16.385334,14.405976, 8.077426,10.881378,12.616896,12.119107,10.364650, 8.715590
 5.427933, 8.195638, 8.024394, 9.633283,10.072038, 8.603656, 7.665645,13.575818, 8.947384, 4.748063
 7.217033, 4.990917, 6.600997, 6.095048,11.406345, 6.745913,13.876844, 8.309006, 8.389537, 9.181911
 5.789082, 6.051356, 7.171771, 9.295528,15.303841,10.858180, 9.433741,13.206011, 6.880584, 6.658165
 8.604835,12.813391,14.239997,11.345136,10.547763,13.403216,17.093678, 9.474464, 5.566669, 8.933492
 6.115226, 8.608915,13.260014, 6.502992,10.715661,14.036353,14.447922,13.072900,10.375658, 6.502497
 9.869621, 4.267756,10.421350, 7.906124, 9.173575, 7.181426, 6.034396,10.261442, 5.190822,15.864998
 8.579524,10.810643, 8.890401,13.058925,10.942454, 6.082223, 7.401732, 9.076375, 4.642603,10.245297
11.740267, 8.418013, 8.632177, 5.520315,12.024896,10.147408, 5.772106, 5.885654, 9.533749, 5.235753
 8.864960,10.786225, 7.401491,10.441957, 7.882920, 9.519552,11.226905,17.525244, 7.934387,11.807596
14.214280,13.988764, 9.103935, 9.269334,11.795208, 8.182873, 7.665288, 6.615332, 5.285965, 8.095922
13.827700, 8.655502, 7.392983,15.641884, 5.416956,12.454889, 6.200589, 9.274755, 9.195618, 8.990321
10.440387, 9.894402,14.495786,11.063100, 9.277108, 7.085962, 4.039728, 9.161805, 4.301499,15.793465
 4.682319,10.218358,11.002316,12.400834,17.003506, 7.623686, 8.363930,12.401584,10.286307, 8.183142
12.255442,11.583114,10.944158,11.121159, 9.990941, 7.805174,10.180172,11.838529, 7.740158, 6.065645
 7.137987, 7.293972, 8.066159, 7.670439,11.818304, 7.360496,17.692176,12.032174, 5.222516,16.721401
12.668936,11.088463, 4.674159, 8.428862,10.242103, 8.034834, 8.847657, 9.283003,13.473563, 6.947813
12.000540,15.426168, 6.846697, 7.254150, 9.100006,15.035083, 7.146227,14.514917,10.613398, 6.251465
 7.891954, 7.018859,10.265571, 8.005747,12.101493, 7.626945, 6.068639,12.115412,11.630156, 6.180310
11.205533,14.679390,11.202411, 4.169811, 8.591577, 8.433634,10.483866,11.284959, 8.038970,10.012004
11.874387, 4.278581,12.881134,13.253941, 7.320084,10.305544, 6.875386,14.718899, 9.887815, 9.011535
10.495461, 9.725582,12.577443, 8.227786, 6.039626,13.069938, 8.268779,16.287578,10.154515,13.183102
 9.075228, 4.622255,10.757780, 8.204081,14.269478,10.581793, 7.419910,12.520940,10.273310, 5.279870
14.087201, 6.851848, 6.869817,11.815613, 6.475271,11.189911,11.338444,10.474075,13.790559, 7.393520
